storecode,storename,cityName,districtName,address,starttime,endtime,lat,lng
,肯德基(建华店),北京,东城区,王府井大街192号(王府井地铁站E3东北口步行50米),,,39.911225,116.411471
,肯德基(珠市口大街店),北京,东城区,珠市口东大街19号一层(珠市口地铁站C东南口步行200米),,,39.892181,116.400727
,肯德基(宽街店),北京,东城区,张自忠路10号华人大厦西侧首层,,,39.933127,116.410154
,肯德基(搜秀店),北京,东城区,崇文门外大街40号搜秀城F1,,,39.897034,116.419437
,肯德基(磁器口店),北京,东城区,崇文门外大街11号新成文化大厦南侧F1+F2,,,39.893863,116.41835
,肯德基(北京南站十店),北京,丰台区,北京南站高架层B岛北二层,,,39.866118,116.378528
,肯德基(京广桥店),北京,朝阳区,呼家楼京广中心首层(呼家楼地铁站D西南口步行100米),,,39.921249,116.461107
,肯德基(地安门店),北京,西城区,地安门外大街178号(什刹海地铁站C东南口步行410米),,,39.93386,116.396428
,肯德基(百环店),北京,朝阳区,广渠路南侧44号北人泽洋大厦1、2层,,,39.888933,116.461998
,肯德基(日坛路店),北京,朝阳区,雅宝路1号国雅大厦一层1001及地下一层B1-001,,,39.91591,116.440353
,肯德基(崇文门店),北京,东城区,崇文门外大街3-5号新世界百货崇文店综合馆F1层,,,39.899014,116.417912
,肯德基(万惠店),北京,朝阳区,金台里甲15号,,,39.91699,116.477699
,肯德基(东单店),北京,东城区,东单北大街63号(东单地铁站F东北口步行390米),,,39.912068,116.417727
,肯德基(羊坊店),北京,海淀区,复兴路12号恩菲科技大厦(军事博物馆地铁站G东南口旁),,,39.906093,116.32161
,肯德基(新大钟寺店),北京,海淀区,四道口北街36号1层(大钟寺地铁站B西南口步行250米),,,39.965149,116.342603
,肯德基(京开西路DT店),北京,丰台区,纪家庙8号21号楼(天丰大厦)一层,,,39.847153,116.33382
,肯德基(牡丹园店),北京,海淀区,北土城西路151号翠微百货(牡丹园店)1F层,,,39.977172,116.366451
,肯德基(朝阳门店),北京,朝阳区,朝阳门外大街19号华普大厦(一层东侧),,,39.924645,116.439231
,肯德基(前门店),北京,西城区,前门西大街正阳市场1号楼中部,,,39.899662,116.395034
,肯德基(双龙店),北京,朝阳区,双龙南里204号,,,39.87101,116.477828
,肯德基(甘家口店),北京,西城区,百万庄大街41号华德商都写字楼北侧1-2层,,,39.928724,116.334597
,肯德基(建国路店),北京,朝阳区,建国路甲92号世贸大厦1层105号,,,39.908076,116.472069
,肯德基(方庄店)(暂停营业),北京,丰台区,蒲方路26号(蒲黄榆地铁站G东南口步行330米),,,39.865528,116.428068
,肯德基(白广路店),北京,西城区,广安门内白广路北口综合服务楼2楼首层(菜百店),,,39.889033,116.357986
,肯德基(北新桥店),北京,东城区,东直门内大街277号(北新桥地铁站B东北口步行70米),,,39.941532,116.416928
,肯德基(东大桥店),北京,朝阳区,朝外大街东大桥路1号楼(东大桥地铁站A西北口步行230米),,,39.923381,116.449076
,肯德基(十里河店),北京,朝阳区,东三环瑞安大厦F1+F2(十里河地铁站A东北口步行100米),,,39.86655,116.460075
,肯德基(西环嘉茂店),北京,西城区,西直门外大街1号西区商业凯德MALL西直门B1层4647B48地下一层,,,39.94208,116.353444
,肯德基(光彩路店),北京,丰台区,光彩路慧时欣园10号楼一层,,,39.847004,116.414229
,肯德基(京源店),北京,朝阳区,左家庄新源街24号,,,39.951371,116.455977
,肯德基(六里桥首开店),北京,丰台区,西站南路1号,,,39.888149,116.320649
,肯德基(木樨园店),北京,东城区,永定门外大街101号百荣世贸商城南侧,,,39.859231,116.398356
,肯德基(金融街店),北京,西城区,金融街中心广场,,,39.917041,116.36216
,肯德基(世贸天阶店),北京,朝阳区,光华路9号2号楼地下一层-01商业内B102号,,,39.916923,116.451145
,肯德基(西站南广场二号店),北京,丰台区,太平桥街道广莲路11号,,,39.892984,116.322127
,肯德基(广华新城店),北京,朝阳区,广泰东路1号院广华里B栋L1层L106,,,39.891171,116.49487
,肯德基(三里河店),北京,西城区,月坛南街乙71号,,,39.914171,116.33992
,肯德基(新发地店),北京,丰台区,丰台南路阳光大厦1层(工行西侧),,,39.823335,116.336826
,肯德基(奥体北路店),北京,朝阳区,安定路5号院20号楼地下一层(B1-12)号,,,39.978989,116.398972
,肯德基(白石桥店),北京,海淀区,中关村南大街甲58号家乐福超市1层西侧,,,39.939083,116.329562
,肯德基(马家堡店),北京,丰台区,时代风帆大厦东南门旁(角门西地铁站A1西北口旁),,,39.846343,116.370541
,肯德基(北京南站六店),北京,丰台区,北京南站二层旅客出发层西南角23B检票口旁,,,39.866118,116.378528
,肯德基(永安里东街店),北京,朝阳区,建国门外大街8号国际财源中心地下一层B112号,,,39.907812,116.452984
,肯德基(广安门荣丰店),北京,西城区,广安门外大街305号八区,,,39.893292,116.335681
,肯德基(西坝河店),北京,朝阳区,西坝河西里23号一层部分(光熙门地铁站B东口步行490米),,,39.968927,116.436082
,肯德基(阜成路店),北京,海淀区,阜成路23号一层,,,39.924661,116.316414
,肯德基(宵云路店),北京,朝阳区,霄云路27号中国庆安大厦首层西侧,,,39.95916,116.464685
,肯德基(新华侨城店),北京,朝阳区,金蝉欢乐园2号院甲1号楼一层W-F1-01,,,39.86648,116.500664
,肯德基(复兴门店),北京,西城区,复兴门外大街8号楼裙楼2层,,,39.906884,116.348085
,肯德基(安定门店),北京,东城区,安定门外大街西河沿13号楼,,,39.951219,116.407756
,肯德基(长安商场店),北京,西城区,复兴门外大街15号长安商场1F层,,,39.907954,116.345978
,肯德基(西罗园店),北京,丰台区,西罗园四社区西门南50米,,,39.861547,116.387189
,肯德基(蓝桥店),北京,朝阳区,蓝桥餐厅工体北路11-1号(工人体育场地铁站D口旁),,,39.9341,116.451445
,肯德基(大羊坊路KFC),北京,朝阳区,十八里店乡大羊坊路段西侧37号1F-005号,,,39.855819,116.476384
,肯德基(北京南站十三店),北京,丰台区,北京南站换乘层东侧BJN-HD19,,,39.865825,116.378678
,肯德基(靛厂路店),北京,丰台区,蓝靛厂路千禧商业街2号楼一、二层,,,39.88992,116.28383
,肯德基(华熙LIVE·五棵松店),北京,海淀区,复兴路69号五棵松冰上运动中心,,,39.909278,116.281933
,肯德基(花园路店),北京,海淀区,花园北路44号贯通大厦一层,,,39.981425,116.360025
,肯德基(北京南站8店),北京,丰台区,永外大街12号北京南站2层15-16检票口,,,39.864546,116.379126
,肯德基(成寿寺店),北京,丰台区,成寿寺路甲2号新业广场1层A112、2层A206,,,39.857532,116.447594
,肯德基(建筑大厦店),北京,海淀区,翠微路甲10号,,,39.913261,116.302709
,肯德基(和平新城店),北京,东城区,民旺园30号楼1层104房间,,,39.95212,116.425666
,肯德基(劲松店),北京,朝阳区,劲松4区401楼(劲松地铁站A西北口步行460米),,,39.883899,116.455985
,肯德基(花园北路店),北京,海淀区,学院路甲38号长城电脑大厦一层,,,39.981925,116.354325
,肯德基(建外店),北京,朝阳区,东三环中路39号院24号楼1至2层0103C号,,,39.905886,116.460818
,肯德基(南三环东路店),北京,丰台区,南三环东路29号E座2号(刘家窑地铁站B东北口步行90米),,,39.85835,116.424057
,肯德基(德贤路店),北京,大兴区,德贤路与久敬庄路交汇口北京大兴王府井奥莱UP TOWN1F层1063,,,39.818524,116.421577
,肯德基(北京南站九店),北京,丰台区,北京南站高架层东南角(北京南站地铁站A北出口旁),,,39.865825,116.378678
,肯德基(世都百货店),北京,东城区,王府井大街99号世纪大厦首层地下一层,,,39.918716,116.410502
,肯德基(黄寺大街店),北京,朝阳区,黄寺大街15号北京城乡黄寺商厦,,,39.963223,116.389345
,肯德基(国展店),北京,朝阳区,静安西街10号国展宾馆一层,,,39.960665,116.444967
,肯德基(丽泽路店),北京,丰台区,幸福汇B1层132店铺(东管头地铁站C口步行100米),,,39.867197,116.321943
,肯德基(枫蓝国际店),北京,海淀区,西直门北大街32号枫蓝国际购物中心B座一层,,,39.952599,116.35674
,肯德基(北工大路店),北京,朝阳区,燕莎奥特莱斯C座南侧,,,39.876927,116.486205
,肯德基(新大郊亭桥店),北京,朝阳区,东四环中路189号芳园里IDMALL购物中心地下一层,,,39.89021,116.488025
,肯德基(五道口店),北京,海淀区,成府路35号东源大厦西侧一层,,,39.993123,116.336442
,肯德基(广渠门内店),北京,东城区,广渠门内大街29号11幢一层019号,,,39.893989,116.434435
,肯德基(北京南站店),北京,丰台区,北京南站候车大厅B岛(北京南站地铁站A北出口旁),,,39.865789,116.378636
,肯德基(化工路店),北京,朝阳区,王四营乡化工路58号南侧一层,,,39.863833,116.51462
,肯德基(北京站SELECT店),北京,丰台区,车站幸福路12号北京南站2层(北京南站地铁站D西入口旁),,,39.864853,116.378589
,肯德基(南站4店),北京,丰台区,永外大街车站路12号北京南站B1层,,,39.864962,116.379948
,肯德基(前门东大街店),北京,东城区,前门东大街甲2号一层至地下一层(前门地铁站E2北口旁),,,39.899593,116.400111
,肯德基(和平西街店),北京,朝阳区,和平西街21号天丰利市场首层北侧F1,,,39.962949,116.417789
,肯德基(西铁营万达店),北京,丰台区,西铁营中路1号万达广场F3层3011-3012,,,39.860893,116.356291
,肯德基(西站南广场二号店),北京,丰台区,北京西客站南站房东附楼1层105号铺位104铺位和2层204,,,39.893609,116.3228
,肯德基(安河桥北店),北京,海淀区,龙背村路99号院1号楼BHG Mall北京华联龙背村购物中心1层(近百旺商务会馆),,,40.015574,116.271044
,肯德基(北京南站6店),北京,丰台区,永外大街12号北京南站2层,,,39.863815,116.379743
,肯德基(北京站精选5店),北京,东城区,北京站内二层北京站第四候车室门口外侧区域,,,39.903903,116.428006
,肯德基(北京站广场三店),北京,东城区,毛家湾胡同甲13号北京站进站口北侧一层底商,,,39.903999,116.426524
,肯德基(临泓路店),北京,丰台区,临泓路16号院1号楼115-116,,,39.844848,116.392427
,肯德基(南站十三店),北京,丰台区,北京南站换乘层东侧BJN-HD19,,,39.865825,116.378678
,肯德基(健翔大厦店),北京,朝阳区,祁家豁子8号1层首层商业2号3号4号商铺,,,39.980511,116.381092
,肯德基(广安商城店),北京,西城区,广安门外大街182号1层,,,39.889421,116.336975
,肯德基(JKFUN商城店),北京,西城区,西直门外大街116号JKFUN商城B1层,,,39.937665,116.343048
,肯德基(科荟路店),北京,朝阳区,林萃路林萃西里16号楼华创生活广场1F层,,,40.010042,116.371825
,肯德基(远大路店),北京,海淀区,远大路1号世纪金源购物中心通道1层北侧,,,39.959092,116.288596
,肯德基(和义店),北京,丰台区,南苑北里2区6号楼瑞荣大厦南侧,,,39.807777,116.401566
,肯德基(双榆树店),北京,海淀区,科学院南路44号,,,39.967648,116.325349
,肯德基(天辰东路店),北京,朝阳区,天辰东路8-10-12号,,,40.000275,116.393675
,肯德基(紫竹桥店),北京,海淀区,北洼路4号,,,39.944123,116.306374
,肯德基(甘露园店),北京,朝阳区,甘露园南里25号尚街购物中心1层,,,39.91695,116.517048
,肯德基(西苑店),北京,海淀区,颐和园路202号西苑龙湖星悦荟商业办公楼B座一层,,,39.997915,116.290796
,肯德基(西局华联店),北京,丰台区,丰台北路17号院1号丽泽天地B1-22(西局地铁站出入口旁),,,39.867486,116.304348
,肯德基(慈云寺店),北京,朝阳区,八里庄西里99号楼-1层106-107号,,,39.915181,116.495453
,肯德基(草桥上品店),北京,丰台区,草桥东路北端西侧一层1001,,,39.851127,116.358289
,肯德基(大屯路店),北京,朝阳区,3B号北辰东路与大屯路交叉口西侧地下B1夹层B1层B01M-03A&B01-03B号,,,40.003036,116.398539
,肯德基(西什库店),北京,西城区,西什库大街33号,,,39.925319,116.379947
,肯德基(宣外大街店),北京,西城区,宣武门外大街32号(沃尔玛1层),,,39.893274,116.375049
,肯德基(信然庭店),北京,西城区,太平街甲6号1层112-05,,,39.881275,116.387728
,肯德基(育慧里店),北京,朝阳区,小营东路3号凯基伦大厦一层东侧,,,39.99394,116.426712
,肯德基(知春路店),北京,海淀区,知春路29号F1-F2(知春路地铁站F东北口步行110米),,,39.976752,116.343821
,肯德基(槐房万达店),北京,丰台区,槐房南路6号院万达广场1层1050号2层2053号,,,39.813239,116.368908
,肯德基(酒仙桥二店),北京,朝阳区,酒仙桥路39号京客隆购物广场地下一层,,,39.961996,116.495384
,肯德基(丰管路店),北京,丰台区,丰管路16号11号楼首层十二号,,,39.857696,116.308796
,肯德基(酒仙桥中路店),北京,朝阳区,将台乡酒仙桥路12号 新辰里酒仙桥店西侧一层,,,39.976136,116.490332
,肯德基(东四南大街店),北京,东城区,东四南大街1号一层东北侧商铺及二层商铺,,,39.924071,116.41733
,肯德基(石佛营二店),北京,朝阳区,石佛营路16号院1号楼1层101内-A001,,,39.928411,116.502188
,肯德基(赛尔奥莱店),北京,丰台区,南四环西路76号花乡奥莱村11号楼1层11101、11102铺位及2层11201-B铺位,,,39.827331,116.322189
,肯德基(五棵松桥店),北京,海淀区,复兴路32号院一区(五棵松地铁站D2西南口步行60米),,,39.906777,116.273442
,肯德基(北京南站十二店),北京,丰台区,北京南站东侧,,,39.865719,116.378798
,肯德基(望京西路店),北京,朝阳区,望京西路41号望京信万广场一层,,,39.994582,116.457027
,肯德基(亚运村店),北京,朝阳区,慧忠路辅路7号靠近安慧里二区,,,39.99478,116.408963
,肯德基(苏州桥店),北京,海淀区,万泉河路68号紫金大厦一层北侧,,,39.966722,116.307923
,肯德基(学清路店),北京,海淀区,学清路38-8金码大厦1层(六道口地铁站B东北口步行60米),,,40.00192,116.353269
,肯德基(永定路店),北京,海淀区,永定路88号长银大厦一层,,,39.905456,116.265002
,肯德基(西绒线KFC餐厅),北京,西城区,北新华街29号昌盛大厦一层1021,,,39.904113,116.38322
,肯德基(中山大街店),北京,通州区,新华大街222号船洋国际F1层,,,39.907535,116.656998
,肯德基(彰化路店),北京,海淀区,彰化路9号北旺中兴L1层,,,39.942796,116.288457
,肯德基(总部基地DT店),北京,丰台区,南四环西路188号1区17-B,,,39.826354,116.286476
,肯德基(朝阳北路店),北京,朝阳区,朝阳北路中领商务楼(黄渠地铁站D西南口步行160米),,,39.923194,116.575325
,肯德基(常营店),北京,朝阳区,朝阳北路常营丽景园1号配套商业6号楼1层115-116号,,,39.924274,116.612721
,肯德基(上地佳园店),北京,海淀区,上地佳园43号楼1层43号(上地地铁站A西南口步行200米),,,40.032411,116.319523
,肯德基(信息路店),北京,海淀区,信息路25号,,,40.028084,116.311735
,肯德基(开拓路店),北京,海淀区,上地西路28号弘源新时代2号楼1层A101号,,,40.039088,116.306586
,肯德基(成府路KFC),北京,海淀区,成府路13号,,,39.993525,116.352419
,肯德基(人民大学店),北京,海淀区,苏州街74号中国人民大学明德商学院负一层,,,39.971149,116.307367
,肯德基(天通西苑店),北京,昌平区,立汤路186号龙德广场一层,,,40.060301,116.414834
,肯德基(南苑店),北京,丰台区,南大红门路15号南部现梅源市场1层北侧,,,39.797678,116.418672
,肯德基(苏州街店),北京,海淀区,海淀南路13号楼亿方大厦一二层,,,39.976118,116.306865
,肯德基(右安门第二店),北京,西城区,万博苑7号楼一层F1-25号二层F2-27号,,,39.872048,116.364944
,肯德基(百度大厦 仅限百度同学),北京,海淀区,上地十街10号B1层,,,40.052532,116.300246
,肯德基(西直门店),北京,西城区,西直门南大街甲15-6(西直门人民医院),,,39.935775,116.35527
,肯德基(翠园西街店),北京,石景山区,翠园西街6号,,,39.903317,116.214708
,肯德基(朝阳北路DT店),北京,朝阳区,朝阳北路56号B1楼1层1006,,,39.92328,116.550917
,肯德基(儿童医院店),北京,西城区,龙港酒楼,,,39.913037,116.356248
,肯德基(亦庄龙湖店),北京,大兴区,博兴八路与兴海路交叉口龙湖北京亦庄天街B1层B1-40,,,39.752976,116.494682
,肯德基(闵庄路店),北京,海淀区,玉泉商业生活中心停车场,,,39.975995,116.251054
,肯德基(京通新城店),北京,朝阳区,管庄路与朝阳交汇处北京通苑30号楼一层南侧,,,39.912392,116.596365
,肯德基(上地二店),北京,海淀区,软件园二号路滴滴大厦B座底商,,,40.043965,116.289939
,肯德基(万商店),北京,石景山区,石景山路22号万商大厦一层圆弧西侧,,,39.906851,116.219202
,肯德基(康辛路店),北京,丰台区,怡海花园恒丰园7号楼六期B区一段一层A2号,,,39.836828,116.300995
,肯德基(龙岗路店),北京,海淀区,清缘西里11号楼,,,40.02965,116.351451
,肯德基(白纸坊店),北京,西城区,建功南里3号楼首层,,,39.877452,116.353529
,肯德基(朝阳新城店),北京,朝阳区,朝新嘉园东里六区一号楼1-3层126,,,39.951095,116.556284
,肯德基(程庄路店),北京,丰台区,大井桥南202号楼一层101号,,,39.865839,116.264181
,肯德基(花乡店),北京,丰台区,丰科路6号院北京丰台万达广场1层1055/2层2052,,,39.824421,116.298166
,肯德基(豆各庄店),北京,朝阳区,天达路2号院1层,,,39.862876,116.564352
,肯德基(广百中路KFC),北京,朝阳区,广百中路商业楼,,,39.898791,116.510051
,肯德基(望园北路KFC),北京,丰台区,望园北路9号院1号楼1层,,,39.868949,116.289357
,肯德基(八大处路店),北京,石景山区,苹果园南路6号,,,39.931722,116.200534
,肯德基(天通苑华联购物中心店),北京,昌平区,BHG华联天通苑购物中心一层,,,40.070399,116.415516
,肯德基(林萃路店),北京,海淀区,宝盛北里西区28号楼,,,40.036987,116.37028
,肯德基(积水潭店),北京,西城区,新街口北大街1号1号楼一层(积水潭地铁站G1口步行150米),,,39.947079,116.371324
,肯德基(通州北苑华联店),北京,通州区,杨庄北里14号楼一、二层东南侧,,,39.903571,116.636455
,肯德基(首开LONG街店),北京,昌平区,龙锦三街甲42号院1号楼一层1001,,,40.084318,116.372109
,肯德基(松榆里店),北京,朝阳区,松榆里28号楼松榆里商场一层北侧,,,39.875461,116.467877
,肯德基(霍营东路KFC),北京,昌平区,[],,,40.0789,116.376313
,肯德基(宋家庄店),北京,丰台区,宋家庄路26号院12好楼1层116、115-2,,,39.846336,116.428805
,肯德基(开阳路餐厅),北京,丰台区,开阳路8号京印国际中心一层101F1-11-B号,,,39.8679,116.375573
,肯德基(安贞桥东店),北京,朝阳区,胜古南里甲34号一层和二层(安贞桥地铁站B口步行390米),,,39.969419,116.411446
,肯德基(兴丰大街店),北京,大兴区,兴丰大街2段215号,,,39.744461,116.339181
,肯德基(旧桥路店),北京,大兴区,旧桥路1号院2号楼二层103,,,39.806464,116.454451
,肯德基(通州果园店),北京,通州区,通朝大街103号,,,39.893225,116.640625
,肯德基(丰台店),北京,丰台区,西四环南路,,,39.850684,116.284215
,肯德基(科创十一街店),北京,通州区,安定镇青礼路2031号1层,,,39.786608,116.563143
,肯德基(欢乐谷店)(暂停营业),北京,朝阳区,南磨房乡小武基北路北京欢乐谷内欢乐时光区一层,,,39.865819,116.496082
,肯德基(百度科技园店),北京,海淀区,西北旺东路10号院K2楼D1层B0105,,,40.043591,116.272955
,肯德基(望京西店),北京,朝阳区,望京西园四区B门左侧路边,,,39.997746,116.473974
,肯德基(巴沟店),北京,海淀区,巴沟路2号北京华联万柳购物中心一层,,,39.972313,116.295276
,肯德基(四季青桥店),北京,海淀区,西四环北路117号北京欧尚超市F1B1,,,39.9432,116.271404
,肯德基(新辰里学清路店),北京,海淀区,学清路甲8号圣熙8号购物中心1层,,,40.008578,116.354716
,肯德基(大兴店),北京,大兴区,黄村卫星城兴丰街15号星城商厦一层北侧,,,39.730911,116.338995
,肯德基(育知东路店),北京,昌平区,回龙观龙禧苑五区南侧北店时代广场万意百货一,,,40.079985,116.334165
,肯德基(北苑店),北京,朝阳区,北苑路42号卜蜂莲花1层东侧,,,40.033125,116.419669
,肯德基(红军营店),北京,朝阳区,来广营北京龙湖蓝海引擎产业园一层(L1-007),,,40.027377,116.43753
,肯德基(槐房西路店),北京,丰台区,西红门南一街206号院22号楼104-105,,,39.792445,116.370248
,肯德基(利泽西街店),北京,朝阳区,广顺北大街17号东湖欢乐颂东侧一层底商,,,40.010802,116.466833
,肯德基(亦庄上海沙龙店),北京,大兴区,天宝中路a104号,,,39.791562,116.498894
,肯德基(潘家园店),北京,朝阳区,潘家园东里甲30号楼,,,39.87661,116.455781
,肯德基(雍和宫店),北京,东城区,雍和宫西南角翻建商业A区1层,,,39.948757,116.416325
,肯德基(东直门来福士店),北京,东城区,市东直门内大街来福士B1层19号(东直门地铁站D西南口旁),,,39.94051,116.432493
,肯德基(新奥购物中心店),北京,朝阳区,湖景东路9号新奥购物中心B1层B1-52-01,,,40.001066,116.395601
,肯德基(华光商厦店),北京,海淀区,八里庄街道北洼路10号即阜成路61号,,,39.924316,116.302099
,肯德基(花家地店),北京,朝阳区,花家地区1号商业楼,,,39.985556,116.469177
,肯德基(景辉街KFC),北京,朝阳区,金和东路20号院幢至层B142 B 143B144B145号房屋,,,39.912225,116.467725
,肯德基(亦庄城乡店),北京,大兴区,经济技术开发区科创五街38号1层A1021号商,,,39.802358,116.532205
,肯德基(马泉营店),北京,朝阳区,广善路1号瑞平家园1号院,,,40.031433,116.487532
,肯德基(永泰庄店),北京,海淀区,永泰庄路甲1号(永泰庄地铁站A西北口步行130米),,,40.036998,116.354203
,肯德基(鲁谷店),北京,石景山区,石景山路乙18号万达广场东侧二层,,,39.906505,116.226258
,肯德基(莲芳桥店),北京,石景山区,鲁谷大街东侧永辉超市首层,,,39.894359,116.231782
,肯德基(万优汇店),北京,昌平区,东小口镇立汤路188号1层1B31,,,40.056978,116.415023
,肯德基(赛特奥莱店),北京,朝阳区,香江北路28号北京赛特奥莱F1层1-027,,,40.034352,116.506632
,肯德基(马连洼店),北京,海淀区,圆明园西路18号中发百旺商城F1层,,,40.02893,116.27629
,肯德基(张仪村路店),北京,丰台区,张仪村路18号院橡树澜湾西门底商,,,39.88029,116.23187
,肯德基(博兴七路店),北京,大兴区,北京经济技术开发区鹿海园四里9号楼106室,,,39.758823,116.502204
,肯德基(西站北广场二层),北京,丰台区,莲花池东路118号北京西站二层,,,39.894912,116.322033
,肯德基(石佛营店),北京,朝阳区,石佛营东里117号楼首层,,,39.93182,116.502293
,肯德基(双清店),北京,海淀区,双清路88号华源世纪商务楼一二层,,,39.99622,116.334326
,肯德基(单店西路二店),北京,朝阳区,东坝乡坝鑫家园17号楼一层101-1,,,39.968839,116.534284
,肯德基(东中街KFC餐厅),北京,东城区,工人体育场北路66号1层116号,,,39.932308,116.436792
,肯德基(白云路KFC),北京,西城区,白云路6号,,,39.901125,116.342575
,肯德基(新街口大街KFC餐厅),北京,西城区,新街口南大街26号一层及二层,,,39.939625,116.372875
,肯德基(土桥店),北京,通州区,砖厂南里41号楼1层106室,,,39.870944,116.69803
,肯德基(林奥店),北京,朝阳区,清林东路4号院地下一层061-062商铺,,,40.033461,116.407887
,肯德基(丰葆路店),北京,丰台区,花乡丰葆路158号,,,39.811739,116.290726
,肯德基(瀛海环宇坊店),北京,大兴区,瀛永街瀛海环宇坊(瀛海地铁站C西南口步行200米),,,39.758525,116.448825
,肯德基(大兴星光店),北京,大兴区,西红门镇广平大街星光视界中心1号楼3-103,,,39.772395,116.360009
,肯德基(北宫门店),北京,海淀区,颐和园北宫门三岔口33号大有商业办公楼B座一层,,,40.002836,116.277315
,肯德基(翠城永辉店),北京,朝阳区,垡头翠成馨园甲401号楼永辉超市一层加地下一层,,,39.856952,116.505442
,肯德基(北京朝阳站店),北京,朝阳区,朝阳站2层(朝阳站地铁站出入口步行450米),,,39.943539,116.50679
,肯德基(八角西街店),北京,石景山区,八角西街,,,39.908741,116.198669
,肯德基(甜水园街店),北京,朝阳区,甜水园北里16号楼地下一层房屋,,,39.9298,116.478663
,肯德基(新大兴宜家KFC),北京,大兴区,西红门镇欣宁街15号北京荟聚中心2层(02B48)号,,,39.789858,116.327621
,肯德基(北太平庄西店),北京,海淀区,北三环中路32号(北太平庄地铁站A口步行320米),,,39.967461,116.367901
,肯德基(樱花园东街店),北京,朝阳区,樱花园东街5号新化信1-2层,,,39.972892,116.424432
,肯德基(马家堡路DT 店),北京,丰台区,马家堡路204号院电建地产洺悦苑东区,,,39.833132,116.379397
,肯德基(景园南街KFC餐厅),北京,大兴区,经济开发区67F1地块景园南街6号院1号楼1层101-102,,,39.775258,116.522025
,肯德基(通怀路店),北京,通州区,宋庄本谷德玛特购物广场宋庄店,,,39.94374,116.729121
,肯德基(金台路KFC),北京,朝阳区,甜水园街公园五号22号楼底商,,,39.925711,116.477824
,肯德基(琨御府店),北京,海淀区,玲珑路9号院东区B1层B114商铺,,,39.933587,116.294002
,肯德基(罗奇营路店),北京,大兴区,罗奇营路26号等3幢D区1层105,,,39.700855,116.296751
,肯德基(三联店),北京,海淀区,温泉镇环山村路16号,,,40.034798,116.209379
,肯德基(姚家园路店),北京,朝阳区,姚家园路甲1号活力东方奥特莱斯购物广场1层,,,39.940524,116.522696
,肯德基(昌发展万科广场店),北京,昌平区,龙域中街1号院1号楼昌发展万科广场项目1层L1002/L1002-1号商铺,,,40.065591,116.315108
,肯德基(门头沟龙湖店),北京,门头沟区,新城东街17号院4号楼(上岸地铁站出入口步行50米),,,39.90455,116.122887
,肯德基(朱辛庄店),北京,昌平区,安居路7号院1号楼1层商业102,,,40.105159,116.315619
,肯德基(盛顺街店),北京,大兴区,安顺北路1号院12号楼1至2层124号商铺,,,39.707125,116.403778
,肯德基(五里坨店),北京,石景山区,石门路316号宏天商场F1层,,,39.955099,116.127979
,肯德基(张郭庄店),北京,丰台区,大灰厂东路8号院B座首联世纪生活广场F1-01,,,39.863688,116.1615
,肯德基(云岗二店),北京,丰台区,文西路云岗南区东里7号,,,39.810108,116.163705
,肯德基(镇国寺北街KFC),北京,丰台区,草桥欣园二区9号楼A座一层165号,,,39.846234,116.350818
,肯德基(大望路现代城店),北京,朝阳区,大望路SOHO现代城B座一层,,,39.907587,116.476264
,肯德基(国门大厦KFC),北京,朝阳区,静安东里12号院1号楼等4幢国门大厦B座1层B102-2,,,39.959,116.448681
,肯德基(通州梨园店),北京,通州区,云景东路1号贵友大厦B1+F1,,,39.884623,116.666775
,肯德基(西客站内店)(暂停营业),北京,丰台区,莲花桥东路118号北京西客站候车大厅内2层第4营业厅及2层夹层回廊,,,39.894309,116.321355
,肯德基(北京师范大学店),北京,海淀区,新街口外大街19号学五食堂,,,39.959192,116.363045
,肯德基(华贸天地店)(暂停营业),北京,朝阳区,清河营南街7号华贸天地1楼南侧(城铁北苑站附近),,,40.047293,116.432075
,肯德基(新中关村南大街KFC餐厅),北京,海淀区,中关村南大街28号院4号楼1层,,,39.951062,116.324525
,肯德基(龙旗购物中心店),北京,昌平区,黄平路19号回龙观龙旗购物中心一层,,,40.066502,116.347855
,肯德基(合景·悠方天地购物中心店),北京,通州区,合景·悠方天地购物中心(合景中心店),,,39.908229,116.679951
,肯德基(沙河万达广场店),北京,昌平区,乐业路10号北京沙河万达广场F1层,,,40.108025,116.31444
,肯德基(龙达路KFC),北京,大兴区,龙达大街1号院1层4单元,,,39.68194,116.39755
,肯德基(金泉广场购物中心店),北京,朝阳区,亚运村街道大屯里313号楼一层12室,,,40.00303,116.412198
,肯德基(东大街店),北京,丰台区,东大街29号嘉诚广场F1层,,,39.856934,116.293366
,肯德基(九棵树),北京,通州区,九棵树街118号瑞都国际南区,,,39.888055,116.654524
,肯德基(小天竺路KFC),北京,朝阳区,首都机场南路1号一层,,,40.048725,116.595195
,肯德基(稻田站),北京,房山区,稻田一路1号院1号楼的1-6号商业一层108,,,39.7959,116.220073
,肯德基(新建村店),北京,通州区,温榆河西路新建村20号,,,39.932356,116.642996
,肯德基(西局前街KFC),北京,丰台区,西三环南路甲27号居然之家丽泽店1层,,,39.87234,116.308602
,肯德基(运河湾店),北京,通州区,潞通大街191号1层01-02,,,39.906883,116.697972
,肯德基(高楼金店),北京,通州区,颐瑞东里163号楼1层101-2号,,,39.864612,116.681268
,肯德基(育知西路店),北京,昌平区,回龙观镇风雅园三区10号楼,,,40.078433,116.323038
,肯德基(新华西街辅路店),北京,通州区,新华西街56号,,,39.906361,116.644524
,肯德基(京榆旧线店),北京,通州区,潞苑南大街1093号1层8-2,,,39.929025,116.672425
,肯德基(上庄新城店),北京,海淀区,沙阳路144号,,,40.126736,116.206754
,肯德基(德茂街店),北京,大兴区,德茂街15号院18幢-1层北17-18,,,39.774767,116.440612
,肯德基(温泉镇店),北京,海淀区,温泉路临58号1层,,,40.040576,116.190238
,肯德基(北苑龙湖天街店),北京,朝阳区,北苑东路19号龙湖北苑天街B1层,,,40.043179,116.437875
,肯德基(北苑路店)(暂停营业),北京,朝阳区,北苑路30号北京文化创意大厦一层,,,40.038098,116.417037
,肯德基(丰桥路KFC餐厅),北京,丰台区,新村街道丰桥路6号院甲8号,,,39.848907,116.309542
,肯德基(长阳龙湖店),北京,房山区,龙湖熙悦天街A馆2F-01号,,,39.73163,116.184625
,肯德基(良乡大学城店),北京,房山区,北京时代广场(良乡大学城地铁站A1北口步行200米),,,39.723959,116.174088
,肯德基(温阳路店),北京,海淀区,北清路160号北分厂家属区50栋1层1-103,,,40.067975,116.163414
,肯德基(银座和谐广场店),北京,丰台区,万丰路68号院和谐广场一层113号、二层210A号,,,39.882709,116.297737
,肯德基(西大望路KFC餐厅),北京,朝阳区,西大望路15号5号楼1层06,,,39.894171,116.477106
,肯德基(惠新西街KFC餐厅),北京,朝阳区,惠新西街23号1层,,,39.981416,116.417237
,肯德基(长阳店),北京,房山区,长阳镇广阳新路9号半岛广场底商一层,,,39.752785,116.209958
,肯德基(梨园南街二号店),北京,通州区,临河里33号一层117号,,,39.881206,116.682772
,肯德基(西井路KFC店),北京,石景山区,八大处路53号院3号楼103(1-81-9)号,,,39.934883,116.199206
,肯德基(五彩城店),北京,海淀区,清河中街68号华润五彩城西区3层L302L303号,,,40.030197,116.332868
,肯德基(角门北路KFC餐厅),北京,丰台区,永外角门北路5号,,,39.850407,116.376437
,肯德基(文慧园路KFC餐厅),北京,海淀区,文慧园12号楼1层,,,39.951828,116.365506
,肯德基(大兴龙湖店),北京,大兴区,臧村镇生物医药基地龙湖大兴天街商业楼3层BJSDTJSY-3F-10A铺位,,,39.686413,116.320804
,肯德基(小屯路KFC),北京,丰台区,兆丰园三区1号楼1层,,,39.890177,116.251744
,肯德基(石园南大街店),北京,顺义区,集汇大街28号石园西区南侧顺义西单商场一二层,,,40.109154,116.660571
,肯德基(科学院中街KFC餐厅),北京,朝阳区,科学园南里101号,,,40.001646,116.381287
,肯德基(青年北路店),北京,朝阳区,平房镇姚家园路与青年北路交叉口西北京姚家园万象汇B110号商铺,,,39.941478,116.516872
,肯德基(酒仙桥东路店)(暂停营业),北京,朝阳区,酒仙桥东路18号沃德中心西侧一层底商,,,39.974389,116.499794
,肯德基(武夷华联店),北京,通州区,通胡大街甲3号华联购物中心1+2层,,,39.918329,116.700263
,肯德基(双峪店),北京,门头沟区,双峪环岛东南角熙旺中心一层,,,39.935648,116.113192
,肯德基(大鲁北路DT 店),北京,朝阳区,黑庄户乡大鲁店北路1号M1-01号楼1栋101,,,39.845484,116.571907
,肯德基(京福路店),北京,大兴区,青采路4号,,,39.674084,116.527666
,肯德基(良乡龙湖店),北京,房山区,政通南路2号院1号楼五层A馆-5F-17、5F-18,,,39.745612,116.140116
,肯德基(机场三店),北京,顺义区,首都机场路1号T3C四层国内隔离区东浮岛,,,40.057351,116.615316
,肯德基(门头沟店),北京,门头沟区,门头沟路1号首层,,,39.944224,116.099411
,肯德基(昌平沙河店),北京,昌平区,沙阳路16号院1号楼一层底商,,,40.120921,116.251126
,肯德基(双峪路店),北京,门头沟区,双峪路1-23号,,,39.935028,116.106056
,肯德基(机场伍号店),北京,顺义区,机场南路首都机场三号航站楼一层国际安检区B2E3-2,,,40.064875,116.610568
,肯德基(上庄店),北京,海淀区,上庄路84号,,,40.098889,116.215814
,肯德基(通州半壁店KFC),北京,通州区,怡乐中路301号院1号楼1至2层106房间1层,,,39.880402,116.634868
,肯德基(远通桥KFC餐厅),北京,朝阳区,紫檀大厦2号楼首层104号房屋,,,39.912908,116.541521
,肯德基(中关村E世界店),北京,海淀区,中关村大街11号1层C1580号商铺,,,39.981977,116.314013
,肯德基(硅谷科技大厦店),北京,海淀区,海淀街道草场1号,,,39.987394,116.304939
,肯德基(玉泉路店),北京,石景山区,玉泉路59号院1号楼一层1579-F1-A002商铺,,,39.903376,116.252359
,肯德基(来广营保利店),北京,朝阳区,香槟路66-1号1幢保利广场,,,40.017087,116.464518
,肯德基(后八家店),北京,海淀区,双清路双清苑配套用房一层101-102号,,,40.014832,116.343872
,肯德基(高米物美店),北京,大兴区,双高路7号郁花园三里(高米店北地铁站D西南口步行340米),,,39.770774,116.331615
,肯德基(塔营北街店),北京,朝阳区,塔营北街商业楼1号楼一层11号,,,39.902693,116.59843
,肯德基(晓月苑店),北京,丰台区,卢沟桥晓月中路3号楼1层A106,,,39.846966,116.232833
,肯德基(杜家坎DT店),北京,丰台区,杜家坎南路1-7号,,,39.84176,116.208369
,肯德基(东坝汇景苑店),北京,朝阳区,朝新嘉园西里二区5号楼一层104-105-106,,,39.956756,116.53649
,肯德基(康营店),北京,朝阳区,孙河乡康营组团定向安置房三期东区配套商业用房地块一层,,,40.035179,116.542857
,肯德基(东五环富力店),北京,朝阳区,黄厂南里3号院29号楼1层102号,,,39.845715,116.555702
,肯德基(力宝华联店),北京,大兴区,经济开发区荣华中路8号院1号楼一层,,,39.804903,116.501068
,肯德基(良乡店),北京,房山区,北关西路14号华冠购物中心1层,,,39.735568,116.139527
,肯德基(良乡长虹东路店),北京,房山区,拱辰街道东羊庄村18号一层,,,39.723659,116.157818
,肯德基(拱辰大街店),北京,房山区,拱辰大街与良乡中路交汇家乐福1层,,,39.731966,116.142494
,肯德基(融景城店),北京,石景山区,景阳东街65号院2号楼1层106,,,39.896003,116.205238
,肯德基(清河站店),北京,海淀区,清河高铁站内二楼夹层A-1号,,,40.040715,116.315581
,肯德基(生命科学园店),北京,昌平区,回龙观镇生命园路4号院1号楼一层1-025,,,40.100614,116.267585
,肯德基(青采路店),北京,大兴区,长西路23号,,,39.684931,116.595423
,肯德基(枣园路店),北京,大兴区,枣园路26号院1号楼1-11,,,39.752836,116.315804
,肯德基(首钢园店),北京,石景山区,石景路68号首钢园区东奥广场758地块一层商业,,,39.914776,116.15698
,肯德基(金地未未来店),北京,顺义区,军营街16号院2号楼101-102,,,40.108018,116.631453
,肯德基(北关庄路KFC),北京,朝阳区,关庄路6号院4号楼一层底商,,,40.000831,116.430767
,肯德基(欣旺北大街店),北京,大兴区,西红门欣旺北大街8号鸿坤广场购物中心F1层,,,39.792153,116.339798
,肯德基(三羊里店),北京,大兴区,晓康东里西区西北门三羊广场一层,,,39.821947,116.523827
,肯德基(苏庄店),北京,房山区,苏庄大街中海京西荟商业3号楼1层,,,39.723627,116.124035
,肯德基(庞各庄店),北京,大兴区,隆盛大街4号院1号楼1层,,,39.630625,116.323257
,肯德基(聚乐汇店),北京,朝阳区,双桥中路12号院5号楼102内一层5-129A,,,39.889071,116.601625
,肯德基(西三旗桥东店),北京,昌平区,西三旗环岛东北角上奥世纪中心商业办公楼2号A座一层二层,,,40.05667,116.329858
,肯德基(大兴水晶港店),北京,大兴区,康庄路10号水晶港生活广场F1层,,,39.757708,116.33676
,肯德基(天通北苑店),北京,昌平区,天通北苑一区甲6号楼西侧一层底商,,,40.074719,116.413997
,肯德基(苹果园大街店),北京,石景山区,苹果园大街122号院1号楼1层103,,,39.929147,116.185641
,肯德基(定福庄店),北京,朝阳区,三间房乡聚福苑小区C2区4号楼一层14号,,,39.91647,116.554424
,肯德基(联想总部店),北京,海淀区,西北旺东路十号院联想大厦F1层,,,40.04622,116.273737
,肯德基(龙旺庄店),北京,通州区,潞苑四街与陈列馆路交汇处东潞苑一区4号楼一层107、108,,,39.936345,116.68549
,肯德基(环科中路店),北京,通州区,环科中路15号院3号楼一层南侧商铺,,,39.733929,116.556643
,肯德基(天北路店),北京,顺义区,府前一街58号水木兰亭花园北侧1层停车场出口,,,40.064166,116.558055
,肯德基(唐家岭店),北京,海淀区,西北旺镇唐家岭新城6号商业楼一层109、二层209,,,40.064756,116.275046
,肯德基(立水桥店),北京,朝阳区,立清路1号明天第一城5号院一层底商,,,40.048167,116.407613
,肯德基(新浪总部店)(暂停营业),北京,海淀区,东北旺路中关村软件园二期(西扩)N-1N-2地块新浪总部负一层,,,40.041671,116.276282
,肯德基(兴贸北街店),北京,通州区,兴贸二区28号楼1层04号商铺,,,39.771833,116.586247
,肯德基(顺于路),北京,顺义区,顺白路139号聚乐汇北侧一层底商,,,40.129378,116.640348
,肯德基(万柳中路),北京,海淀区,万柳中路6号院2号楼102室,,,39.968509,116.297732
,肯德基(北七家店),北京,昌平区,定泗路物美大卖场1层(奥北宝迪酒店西侧),,,40.116872,116.412718
,肯德基(管庄华冠店),北京,朝阳区,鑫兆佳园15号楼1层东南侧商铺,,,39.920688,116.59011
,肯德基(马连洼北路店),北京,海淀区,马连洼北路8号B座105室,,,40.033647,116.296806
,肯德基(古城北路KFC),北京,石景山区,古城北路15号一层底商(萌鹏写字楼古城东街一侧屯老二铁锅炖旁),,,39.917275,116.192025
,肯德基(看丹路KFC餐厅),北京,丰台区,西四环南路1号1层1050号,,,39.838229,116.28523
,肯德基(丰智东路店),北京,海淀区,永丰路68号(永丰南地铁站C东南口步行180米),,,40.065896,116.249363
,肯德基(西北旺北路店),北京,海淀区,亮甲店路100号,,,40.050834,116.245262
,肯德基(康定街KFC餐厅),北京,通州区,经济开发区康定街11号院,,,39.774225,116.539825
,肯德基(沙河恒大店),北京,昌平区,昌平区高教园北四街7号院13号楼-1层B161号B160号及高教园,,,40.16937,116.260195
,肯德基(新顺店),北京,顺义区,新顺南大街18号新世界百货顺义店南侧一层底商,,,40.126326,116.651568
,肯德基(云景东路店),北京,通州区,云景南大街与云景东路交叉口西220米,,,39.875088,116.662393
,肯德基(马驹桥店),北京,通州区,马驹桥镇9号百尚生活广场1层,,,39.752542,116.545195
,肯德基(首创奥莱店),北京,房山区,长阳镇悦盛路6号院首创奥特莱斯2期F1层,,,39.765063,116.184485
,肯德基(中铁诺德店),北京,顺义区,双裕北街与裕航路交叉口东80米,,,40.108399,116.528305
,肯德基(大兴龙湖精选店),北京,大兴区,龙湖时代天街商场1层1F-C25号,,,39.687625,116.320575
,肯德基(悦荟店),北京,昌平区,南环路10号悦荟L2层,,,40.212275,116.238228
,肯德基(长政南街餐厅),北京,房山区,长政南街2号院1号楼1层108,,,39.762798,116.214178
,肯德基(新居里KFC餐厅),北京,大兴区,黄村镇新居里S2号商业1层,,,39.74183,116.355604
,肯德基(德外大街KFC餐厅),北京,西城区,德外大街11号1幢一层103,,,39.959725,116.379075
,肯德基(石园大街店),北京,顺义区,仁和镇胡各庄村顺泰路西侧石园大街9号院8号楼一层8-4-2,,,40.112343,116.674893
,肯德基(百子湾路KFC),北京,朝阳区,东四环中路76号楼101铺位,,,39.900421,116.491938
,肯德基(保利大都汇店),北京,通州区,观音庵北街4号院2号楼1层2-1-1,,,39.916486,116.658186
,肯德基(西北旺北路KFC),北京,朝阳区,亮甲店东路9号院1号楼1层C01号商铺,,,39.983448,116.412902
,肯德基(房山店),北京,房山区,城关南大街2号,,,39.70202,115.984719
,肯德基(信创园店)(暂停营业),北京,通州区,北京经济技术开发区科谷一街8号院3号楼1层14-1,,,39.786857,116.577921
,肯德基(后沙峪汽车穿梭店),北京,顺义区,双裕街甲7号嘉瑞大厦南侧1层肯德基大门口辅路,,,40.107564,116.557438
,肯德基(亿发购物中心店),北京,大兴区,狼垡亿发购物中心一层,,,39.783111,116.291612
,肯德基(中心北路店),北京,通州区,于家务西里31号楼-1至1层108室,,,39.720575,116.699375
,肯德基(东十里堡KFC),北京,朝阳区,朝阳路北京新天地14号楼国象商业,,,39.914786,116.605628
,肯德基(定福庄西街店),北京,朝阳区,定福庄西街内蒙古饭店一层108,,,39.909669,116.551067
,肯德基(马驹桥合生店),北京,通州区,景盛南一街135号院4号楼1层,,,39.737066,116.54415
,肯德基(四季青路KFC),北京,海淀区,四季青路7号院2号楼1层109号,,,39.95418,116.27047
,肯德基(巨能汇通大厦店),北京,大兴区,天宝北街1号巨能汇通大厦F1层,,,39.79661,116.488819
,肯德基(临河悦园店),北京,顺义区,仁和镇临河悦园15号院1号楼一层肯德基,,,40.08321,116.677245
,肯德基(九棵树西路KFC),北京,通州区,九棵树西路551号1层105,,,39.876075,116.641325
,肯德基(美域家园店),北京,丰台区,美域家园北区3号楼首层,,,39.876519,116.25185
,肯德基(新兴华大街KFC),北京,大兴区,黄村镇清澄名苑北区27号楼1F-026号,,,39.738969,116.331729
,肯德基(回龙观东店),北京,昌平区,回龙观东大街1号楼-1至2层的01的一层和二层,,,40.081539,116.362569
,肯德基(和盈中心店),北京,海淀区,小营西路10号和盈中心首层,,,40.036608,116.337182
,肯德基(郭公庄店),北京,丰台区,郭公庄中街与福慧路交叉口东南60米,,,39.814003,116.30263
,肯德基(康化路DT店),北京,朝阳区,安正街20号院首创繁星社区二期,,,39.835422,116.534646
,肯德基(房山二店),北京,房山区,城关街道城关南路6号16号1层103,,,39.694948,115.984747
,肯德基(火寺路KFC),北京,顺义区,高丽营镇张喜庄村集体土地租赁住房项目S1号商业用房101室,,,40.155925,116.553119
,肯德基(樊羊路KFC),北京,丰台区,花乡桥南中关村科技园区丰台园东区三期1516-51号地块慧谷国际中心HG1F-113号,,,39.827872,116.312796
,肯德基(乔庄北街店),北京,通州区,玉桥中路58号鑫隆市场一层,,,39.895346,116.678133
,肯德基(富力惠兰美居店),北京,通州区,李庄街与陈列馆路交叉口东40米,,,39.943575,116.673575
,肯德基(通州怡乐中路DT店),北京,通州区,梨园镇怡乐中路12号李老社区商业中心F1,,,39.891553,116.635687
,肯德基(桑园一街KFC),北京,通州区,桑园一街3号院8号楼1层101层,,,39.789675,116.602175
,肯德基(长青路DT店),北京,丰台区,万科翡翠西湖二期南门东100米,,,39.793302,116.101613
,肯德基(京北大世界店),北京,怀柔区,府前街14号,,,40.315496,116.631556
,肯德基(文化园西路KFC餐厅),北京,大兴区,经济开发区文化园西路8号院36号楼1层110,,,39.806495,116.491608
,肯德基(朗清园店),北京,通州区,畅和东路朗清园二区39号楼B-4-7号,,,39.888577,116.744016
,肯德基(中东路KFC),北京,昌平区,中东路121号院一区1号楼1层A116号,,,40.057275,116.384525
,肯德基(鲁谷路KFC餐厅),北京,石景山区,石景山路2号北京台湾街C-01区3号楼3-G,,,39.904186,116.237631
,肯德基(徐宋路店),北京,通州区,徐宋路宋庄小堡文化广场D1-06、D1-07号,,,39.949534,116.722118
,肯德基(京旺东路KFC),北京,朝阳区,崔各庄乡京旺家园底商6区5号楼C4-a号一层,,,40.011709,116.527352
,肯德基(沙河镇路店),北京,昌平区,沙河镇顺沙路8号院二区3号楼一层106F,,,40.146047,116.28454
,肯德基(北苑路二店KFC),北京,朝阳区,北苑路18号院3号楼华发颐园商业中心一层102号商铺,,,40.043889,116.414192
,肯德基(昌平店),北京,昌平区,新世纪商城鼓楼南大街(昌平地铁站C东南口步行310米),,,40.218716,116.233197
,肯德基(乐多港万达广场店),北京,昌平区,南口路29号万达广场北京乐多港店F1层,,,40.231395,116.190282
,肯德基(八达岭步行街店),北京,延庆区,G6京藏高速,,,40.356372,116.009226
,肯德基(京塘路店),北京,通州区,漷县镇觅子店金三角谷德玛特超市一层,,,39.715516,116.884517
,肯德基(京周路DT店),北京,房山区,京周路与云峰寺路交叉口西380米,,,39.679193,115.947803
,肯德基(张镇浅山),北京,顺义区,林秀西路1号院一区15号楼101,,,40.148399,116.937138
,肯德基(艾迪城店),北京,顺义区,后沙峪镇安宁街7号院9号楼一层底商,,,40.088232,116.540561
,肯德基(怀柔万达店),北京,怀柔区,府前西街1号院1号楼万达广场3层3019号,,,40.316189,116.629831
,肯德基(长沟店),北京,房山区,长沟镇西长沟村门牌号001一层,,,39.575081,115.898848
,肯德基(天通苑东地铁KFC),北京,昌平区,东小口镇天通苑东三区40号楼-1至3层101室,,,40.070416,116.4417
,肯德基(科星西路KFC),北京,昌平区,科星西路106号院1号楼1层139-01,,,40.073075,116.359725
,肯德基(德亦路KFC),北京,大兴区,灜坤路4号院4号楼1-3,,,39.761932,116.436855
,肯德基(四员厅街KFC餐厅),北京,通州区,新华南路64号1层1006号,,,39.902482,116.65834
,肯德基(马坊店),北京,平谷区,马坊金河北街17号院10号楼一层,,,40.062635,117.009379
,肯德基(小汤山店),北京,昌平区,F1-A001号商铺小汤山镇大柳树村村南号一层1516-F1-B,,,40.176712,116.404447
,肯德基(良乡西潞大街店),北京,房山区,良乡西路2号中大瑞祥市场一层-地下一层,,,39.73032,116.13564
,肯德基(恒华西街店),北京,顺义区,恒华西街2号院3号楼1层,,,40.202613,116.655451
,肯德基(清河百货KFC),北京,海淀区,清河三街98号一层西第三间,,,40.030928,116.344323
,肯德基(白家疃西路KFC餐厅),北京,海淀区,温泉镇中心区D1-D15地块工程项目(商业楼)商铺号F1-05,,,40.046123,116.181298
,肯德基(物资学院路KFC),北京,通州区,物资学院路3号院30号楼一层07号,,,39.92342,116.639311
,肯德基(顺密路),北京,顺义区,北小营镇,,,40.203334,116.72899
,肯德基(沙河物美店),北京,昌平区,隆兴购物广场停车场,,,40.149629,116.287738
,肯德基(牛板路KFC),北京,顺义区,牛栏山镇牛板路牛山段9号1层101号,,,40.21225,116.65575
,肯德基(佑青街店),北京,房山区,佑青街1号院18号楼一层2单元102-2室,,,39.775599,116.075835
,肯德基(天宫院凯德店),北京,大兴区,天宫院凯德mall地下一层肯德基,,,39.672312,116.319311
,肯德基(宜宾国泰店),北京,顺义区,国泰谊宾商城东侧一层底商,,,40.132591,116.646782
,肯德基(卧龙悦购店),北京,顺义区,顺白路79号卧龙悦购时代广场东侧一层底商,,,40.135654,116.639412
,肯德基(天山店),北京,昌平区,南邵景兴街19号院13号楼1层13-2号,,,40.205766,116.287535
,肯德基(祥礼街店),北京,大兴区,礼贤镇祥礼街敬贤家园中里A区2号楼一层110,,,39.568146,116.464405
,肯德基(漷小路店),北京,通州区,永乐店镇恒业二街3号院59号楼一层,,,39.597428,116.782029
,肯德基(延庆康庄店),北京,延庆区,兴隆北街南段角楼1层,,,40.373329,115.901328
,肯德基(苏望路DT店),北京,通州区,苏望路与朗府四桥交叉口西,,,39.799032,116.841756
,肯德基(马各庄店),北京,房山区,德润街6号院8号楼一层004号,,,39.71243,116.010329
,肯德基(榆垡店),北京,大兴区,空港新苑四区8号院北门西60米,,,39.517393,116.306841
,肯德基(长城奥莱店),北京,昌平区,G6辅路与陈庄中街交叉口东380米,,,40.234798,116.170106
,肯德基(高丽营)(暂停营业),北京,顺义区,高丽营镇顺沙路9号,,,40.170209,116.501139
,肯德基(密云南大街店),北京,密云区,鼓楼南大街10号,,,40.375146,116.845628
,肯德基(光明北大街店),北京,顺义区,光明北大街东侧双兴小区21号一层,,,40.142278,116.657078
,肯德基(怀柔开放路店),北京,怀柔区,开放路东侧下元市场南侧京客隆一二层,,,40.326279,116.64679
,肯德基(阎河路),北京,房山区,青龙湖镇坨里大街6号,,,39.776781,116.033391
,肯德基(顺平辅线二店),北京,顺义区,南彩镇306省道76号,,,40.133318,116.699733
,肯德基(马昌营),北京,平谷区,马昌营镇紫贵佳苑(北区)-西1门,,,40.141526,117.023737
,肯德基(平谷店),北京,平谷区,新平北路56-1号,,,40.145239,117.109837
,肯德基(新东路店),北京,密云区,鼓楼东大街17号一层1008,,,40.376575,116.859425
,肯德基(昌平世纪联华店),北京,昌平区,南环东路21号物美超市1层,,,40.213455,116.244327
,肯德基(南欣街店),北京,房山区,张坊镇南欣街6号-1号一层,,,39.570457,115.718012
,肯德基(含章园KFC餐厅),北京,通州区,宋庄镇含章园二区34号楼1层101,,,39.936283,116.7122
,肯德基(延庆店),北京,延庆区,东外大街4号中踏肯德基,,,40.46001,115.976031
,肯德基(南坞路店),北京,顺义区,南坞路与顺平辅线交叉口西北40米,,,40.136102,116.748534
,肯德基(采育王府井首航店),北京,大兴区,采育镇育林街1号院20号楼首层商户1-7,,,39.661479,116.634582
,肯德基(平谷华联店),北京,平谷区,迎宾街1号院22号楼BHG Mall北京华联平谷购物中心F1层,,,40.146186,117.093989
,肯德基(燕山店),北京,房山区,燕山迎风南路甲6号二层,,,39.721896,115.963759
,肯德基(怀柔桥梓店),北京,怀柔区,桥梓镇八龙桥雅苑2号楼1至4层2-4,,,40.291573,116.584573
,肯德基(南郝庄路KFC),北京,昌平区,城南街道南郝庄村委会后院商业西-4号,,,40.214725,116.210925
,肯德基(同泽园店),北京,海淀区,同泽园东里西2门旁,,,40.102762,116.138664
,肯德基(昌平鼓楼店),北京,昌平区,昌平镇鼓楼南街11号-1-2层,,,40.223546,116.233179
,肯德基(永乐大街店),北京,通州区,永乐店镇永乐大街35号,,,39.709587,116.788744
,肯德基(窦店),北京,房山区,窦店镇窦大路甲8号,,,39.648996,116.069334
,肯德基(昌平京客隆店),北京,昌平区,西关路20号三号楼京客隆超市一层二层西侧3号商铺,,,40.222449,116.220036
,肯德基(南口店),北京,昌平区,南口镇南豆腐巷85号一层101,,,40.234666,116.132486
,肯德基(幸福大街店),北京,怀柔区,北房镇幸福东大街46号院1号,,,40.325709,116.707078
,肯德基(延庆万达店),北京,延庆区,延庆新城03街会展中心东侧,,,40.473463,115.984928
,肯德基(便民街KFC餐厅),北京,顺义区,光明北大街胜利小区3号楼一层A101号,,,40.134847,116.656264
,肯德基(密云滨河路店),北京,密云区,北京密云经济开发区滨河路万象汇二层,,,40.355766,116.83488
,肯德基(怀柔杨宋镇KFC),北京,怀柔区,杨宋镇凤瑞一园1号院和平路甲6号一层,,,40.286944,116.677272
,肯德基(梅香街KFC餐厅),北京,顺义区,梅香街7号院1号楼一层101内118肯德基,,,40.116225,116.639675
,肯德基(榆祥路KFC),北京,大兴区,康泰街26号院1号楼一层108,,,39.51503,116.301804
,肯德基(平谷大街KFC餐厅),北京,平谷区,谷丰东路14号院B1层B1032室,,,40.159725,117.120575
,肯德基(翠柳大街KFC餐厅),北京,房山区,翠枫路7号院2号楼1层130-131,,,39.715075,116.124075
,肯德基(平谷国泰店),北京,平谷区,平谷镇文化北街13号一层,,,40.140868,117.11122
,肯德基(旧宫店),北京,大兴区,北京经济技术开发区(大兴)旧宫西路3号物美商城一层,,,39.805238,116.443499
,肯德基(西红门路店),北京,大兴区,西红门镇西红门路12号20幢15号平房,,,39.793472,116.36192
,肯德基(金驹家园餐厅),北京,朝阳区,金驹家园F区203号楼DBF-203-06-2,,,39.960367,116.567171
,肯德基(雁栖店DT店),北京,怀柔区,下庄村西北公路东侧20米2层独楼1层2层,,,40.361277,116.662186
,肯德基(海淀黄庄KFC餐厅),北京,海淀区,海淀路82号(现海淀区中关村大街26号)一层,,,39.977186,116.317856
,肯德基(和平店),上海,黄浦区,西藏中路268号来福士广场1F层(人民广场地铁站14号口旁),,,31.232901,121.476255
,肯德基(汇川店),上海,长宁区,长宁路1018号B1层(中山公园地铁站5号口旁),,,31.218903,121.416665
,肯德基(丽园店),上海,黄浦区,西藏南路1118号(陆家浜路地铁站3号口步行110米),,,31.210465,121.486338
,肯德基(永隆店),上海,徐汇区,淮海中路1298号(常熟路地铁站1号口旁),,,31.213549,121.450711
,肯德基(鞍山店),上海,杨浦区,控江路2056号一层1F-04(鞍山新村地铁站4号口旁),,,31.273035,121.509382
,肯德基(新茂名店),上海,静安区,茂名北路328号101-1(南京西路地铁站4号口步行60米),,,31.228902,121.458941
,肯德基(永业店),上海,黄浦区,蒙自路25号(马当路地铁站3号口旁),,,31.208625,121.476869
,肯德基(大连路店),上海,虹口区,大连路555号昇汇广场B1层(大连路地铁站4号口步行80米),,,31.259114,121.511648
,肯德基(上海迪美购物中心店),上海,黄浦区,人民大道221号B1层242-244号,,,31.228672,121.47344
,肯德基(凯旋店),上海,徐汇区,凯旋路2561号(宜山路地铁站2号口旁),,,31.186357,121.427543
,肯德基(外滩店),上海,黄浦区,中山东一路(外滩)353号,,,31.239804,121.4904
,肯德基(中华店),上海,黄浦区,中华路1359号1层5号商铺,,,31.217661,121.485889
,肯德基(新市百店),上海,黄浦区,西藏中路462-500号一百商城B02-F01-1-203b,,,31.235981,121.47452
,肯德基(南京西路店),上海,黄浦区,南京西路456号底层08室,,,31.231008,121.468037
,肯德基(大华店),上海,宝山区,华灵路1051号,,,31.279938,121.421211
,肯德基(逸仙店),上海,虹口区,逸仙路580号(江湾镇地铁站5号口步行50米),,,31.30443,121.484652
,肯德基(中远店),上海,普陀区,远景路616号远景大厦1-2层107、108、209,,,31.255044,121.441914
,肯德基(八佰伴店),上海,浦东新区,张杨路501号二层(商城路地铁站2号口步行280米),,,31.228467,121.51703
,肯德基(昌平店),上海,静安区,常德路778号102商铺(昌平路地铁站2号口旁),,,31.233297,121.44313
,肯德基(乳山店),上海,浦东新区,乳山路136号,,,31.236032,121.523921
,肯德基(湖滨道店),上海,黄浦区,湖滨路150号企业天地5号楼湖滨道购物中心B2层E18,,,31.220561,121.478775
,肯德基(虹凯店),上海,长宁区,凯旋路1558号(轨道交通三号线虹桥路站),,,31.197069,121.42115
,肯德基(赤峰店)(装修中),上海,虹口区,中山北二路赤峰路轻轨站1层(赤峰路地铁站1号口旁),,,31.281672,121.482584
,肯德基(联洋店),上海,浦东新区,芳甸路193号,,,31.22738,121.558789
,肯德基(铜川店),上海,普陀区,铜川路1688号(真光路地铁站2号口步行450米),,,31.25218,121.389623
,肯德基(武定店),上海,静安区,西康路400号一楼A铺,,,31.232266,121.449028
,肯德基(海光店),上海,徐汇区,大木桥路370号(大木桥路地铁站4号口步行310米),,,31.19662,121.462055
,肯德基(瞿溪店),上海,黄浦区,瞿溪路477号(西藏南路地铁站5号口步行190米),,,31.203237,121.48807
,肯德基(昌里店),上海,浦东新区,上南路1160号(成山路地铁站4号口步行360米),,,31.173931,121.495196
,肯德基(曹杨店),上海,普陀区,兰溪路137号,,,31.239409,121.404996
,肯德基(淮海路店),上海,黄浦区,淮海中路776号栗·时代F2层,,,31.218684,121.463119
,肯德基(天潼店),上海,虹口区,七浦路133号上海兴旺国际服装城F2,,,31.244173,121.48285
,肯德基(金地新华道店),上海,长宁区,番禺路222弄55号金地新华道一层F112铺,,,31.207075,121.426925
,肯德基(延长店),上海,静安区,延长中路314号(延长路地铁站3号口步行150米),,,31.270721,121.453967
,肯德基(小南门地铁站店),上海,黄浦区,中华路528号B1层15-18号室,,,31.21735,121.498782
,肯德基(常德路店),上海,普陀区,长寿路333号旭辉企业大厦(长寿路地铁站4号口旁),,,31.24028,121.438355
,肯德基(汇金店),上海,徐汇区,肇嘉浜路1000号汇金百货西区F1层,,,31.195318,121.440683
,肯德基(洛川店),上海,静安区,洛川东路221号,,,31.271311,121.463412
,肯德基(宝山路店),上海,静安区,宝山路180号1-2188号204,,,31.252595,121.476766
,肯德基(新邯郸店),上海,杨浦区,邯郸路585号地下一层B-1(五角场地铁站5号口步行70米),,,31.298983,121.514436
,肯德基(控江店),上海,杨浦区,双辽路768号(江浦路地铁站2号口步行310米),,,31.273952,121.515376
,肯德基(上海站店)(暂停营业),上海,静安区,秣陵路303号上海火车站内北候车大厅1楼(近民立路),,,31.251077,121.455561
,肯德基(芷江店),上海,静安区,芷江西路398号(中山北路地铁站2号口步行200米),,,31.256787,121.458629
,肯德基(罗山店),上海,浦东新区,博山东路50号,,,31.247161,121.559838
,肯德基(甘泉店),上海,普陀区,志丹路135号,,,31.262063,121.430726
,肯德基(瑞金店),上海,黄浦区,徐家汇路618号日月光中心徐家汇区B2层,,,31.206376,121.467938
,肯德基(千树店),上海,普陀区,莫干山路600号地下一层B1-03A,,,31.248813,121.444544
,肯德基(新中环店),上海,普陀区,真光路1288号上海百联国际广场1层A-L114、2层A-L214,,,31.24632,121.383752
,肯德基(秀山店),上海,徐汇区,番愚路872号一层,,,31.196922,121.428382
,肯德基(新北新泾店),上海,长宁区,天山西路181号(北新泾地铁站4号口步行50米),,,31.216614,121.37284
,肯德基(隆昌店),上海,杨浦区,隆昌路586号101商铺(隆昌路地铁站4号口步行80米),,,31.275006,121.543574
,肯德基(沪东店),上海,杨浦区,平凉路1500号肯德基,,,31.265695,121.53983
,肯德基(世纪公园站店),上海,浦东新区,花木路800号1层(世纪公园地铁站4号口步行70米),,,31.210501,121.550544
,肯德基(塘桥店),上海,浦东新区,浦建路15号(塘桥地铁站出入口旁),,,31.210487,121.518305
,肯德基(新美罗店),上海,徐汇区,KFC肇嘉浜路1111号美罗城1层A区(近漕溪北路),,,31.193442,121.439877
,肯德基(江苏店),上海,长宁区,江苏路398号1F(舜元弘基大厦2号线江苏路站),,,31.218677,121.430978
,肯德基(新龙阳店),上海,浦东新区,龙阳路2000号1-2层A-1铺(龙阳路地铁站3号出口旁),,,31.202868,121.557919
,肯德基(西岸滨江店),上海,徐汇区,龙腾大道3036-2号,,,31.176799,121.462117
,肯德基(华鹏店),上海,浦东新区,成山路1339号一层105室,,,31.176222,121.525007
,肯德基(新北广场店),上海,静安区,上海火车站北广场站内SH-1F-02铺位,,,31.248523,121.456967
,肯德基(长临店),上海,宝山区,共康路555号,,,31.321553,121.436095
,肯德基(成山店),上海,浦东新区,成山路436号,,,31.172002,121.505589
,肯德基(共和店),上海,静安区,共和新路3318号TEL,,,31.298174,121.448047
,肯德基(锦尊店),上海,浦东新区,成山路1961号大华锦绣嘉年华2F层,,,31.178774,121.534115
,肯德基(静安大融城店),上海,静安区,彭浦镇沪太路1111弄7号大融城4号楼1层L105室,,,31.280047,121.428465
,肯德基(泸定路店),上海,普陀区,泸定路388号桃源π商业广场1F层,,,31.226997,121.388215
,肯德基(丁香店),上海,浦东新区,世纪大道2002号(上海科技馆地铁站8号口旁),,,31.219756,121.542457
,肯德基(蓝村路店),上海,浦东新区,东方路1367号富都广场一层,,,31.211908,121.529103
,肯德基(百联世纪大都会店),上海,浦东新区,张杨路982号地下一层22室(世纪大道地铁站1号口旁),,,31.229743,121.526938
,肯德基(我格广场店),上海,普陀区,武宁路101号我格广场地下一层01-BF-17,,,31.237664,121.423492
,肯德基(虎城店)(暂停营业),上海,宝山区,大华路518号乐购中心1层,,,31.271208,121.414357
,肯德基(国顺店),上海,杨浦区,国顺东路188号,,,31.300673,121.536197
,肯德基(周家嘴路店),上海,杨浦区,周家嘴路4295-4/5号一层,,,31.28605,121.553771
,肯德基(场中路店),上海,宝山区,沪太路2388号一层101-B室,,,31.302961,121.41276
,肯德基(苗圃路店),上海,浦东新区,苗圃路184号1层2层,,,31.24295,121.547143
,肯德基(杨思路店),上海,浦东新区,上南路3039号1层-6室一层,,,31.162438,121.497995
,肯德基(延吉店),上海,杨浦区,靖宇东路280号(延吉中路地铁站3号口步行80米),,,31.289057,121.535823
,肯德基(浦三店),上海,浦东新区,浦东南路2551号,,,31.198207,121.511195
,肯德基(钦州店),上海,徐汇区,桂林路39号,,,31.157923,121.420349
,肯德基(金桥店),上海,浦东新区,张杨路3611弄1号(金桥路地铁站3号口步行380米),,,31.257395,121.578397
,肯德基(国华店),上海,杨浦区,三门路99号国华广场109号商铺,,,31.311783,121.51253
,肯德基(新微智谷店),上海,长宁区,定西路1328号1层103单元,,,31.216871,121.422438
,肯德基(高青店),上海,浦东新区,长清路1200弄大润发肯德基,,,31.149573,121.492042
,肯德基(越商大厦店),上海,静安区,武宁南路1号越商大厦F1层(武定路地铁站2号口旁),,,31.226216,121.437063
,肯德基(永泰店),上海,浦东新区,东明路2655号(三林东地铁站2号口步行430米),,,31.14329,121.526076
,肯德基(大华乐坊店),上海,宝山区,真北路4288号一层L118-1室,,,31.291244,121.408629
,肯德基(百联曲阳店),上海,虹口区,中山北二路1818号百联曲阳购物中心L1层,,,31.286225,121.492188
,肯德基(龙州店),上海,徐汇区,梅陇路255号徐汇梅陇商业中心F1,,,31.139418,121.421811
,肯德基(长江南路店),上海,宝山区,长江南路5号(长江南路地铁站1号口旁),,,31.331471,121.491224
,肯德基(大润发店),上海,杨浦区,黄兴路1618号大润发超市1层,,,31.288646,121.521792
,肯德基(娄山关路地铁站店),上海,长宁区,娄山关路地铁站店在2号口,,,31.211205,121.40517
,肯德基(光大店),上海,徐汇区,漕宝路78号(漕宝路地铁站8号口步行460米),,,31.167525,121.428196
,肯德基(世博绿谷店),上海,浦东新区,国展路1468号(中华艺术宫地铁站3号口步行450米),,,31.186863,121.496938
,肯德基(大华峯荟),上海,普陀区,华池路201-207号,,,31.254611,121.42552
,肯德基(嫩江店),上海,杨浦区,中原路102号(嫩江路地铁站2号口步行110米),,,31.31441,121.532503
,肯德基(万泰广场店),上海,虹口区,广灵二路265号万泰广场F1层,,,31.283694,121.475714
,肯德基(新合川店),上海,闵行区,宜山路2016号1号楼C座(合川路地铁站1号口步行60米),,,31.166921,121.385126
,肯德基(莘建店),上海,闵行区,水清南路20号(莘庄地铁站北1口步行120米),,,31.112568,121.384797
,肯德基(威宁店),上海,长宁区,天山路352号101和201(威宁路地铁站1号口旁),,,31.214986,121.388017
,肯德基(成山路地铁站店),上海,浦东新区,上南路1530号一层(成山路地铁站3号口步行90米),,,31.169746,121.496265
,肯德基(大渡河路店),上海,普陀区,金沙江路960号一层1-1二层2-1商铺,,,31.232222,121.394838
,肯德基(富荟广场店),上海,浦东新区,樱花路100号富荟商业广场F1层30,,,31.204684,121.545879
,肯德基(仙霞店),上海,长宁区,仙霞路606号,,,31.205811,121.389769
,肯德基(漕东店),上海,徐汇区,轻轨3号线漕溪站1楼(漕溪路地铁站3号口步行60米),,,31.177041,121.438104
,肯德基(陆悦坊店),上海,浦东新区,锦康路480号L105BL106,,,31.208908,121.536394
,肯德基(灵石坊店),上海,静安区,灵石路699号,,,31.283165,121.444978
,肯德基(科技绿洲店),上海,闵行区,田林路889号2幢1层108室,,,31.163151,121.389542
,肯德基(中信天安店),上海,普陀区,大渡河路1428-1438号LG217A单元,,,31.222664,121.395962
,肯德基(宜山路地铁站店)(暂停营业),上海,徐汇区,中山西路2006号2幢110室宜山路地铁站一层-1室,,,31.182214,121.42612
,肯德基(银霄店),上海,浦东新区,银霄路393号百安居龙阳店一层,,,31.204984,121.558865
,肯德基(中信天安店),上海,普陀区,大渡河路1428-1438号LG217A单元,,,31.243138,121.395818
,肯德基(友诚路店)(暂停营业),上海,浦东新区,友诚路与耀龙路交叉口西南60米,,,31.169148,121.473341
,肯德基(陆悦汇店),上海,浦东新区,东育路195号1层110室111室,,,31.159342,121.481862
,肯德基(乐购店),上海,闵行区,七莘路3155号(七宝地铁站6号口步行310米),,,31.157392,121.346639
,肯德基(聚丰店),上海,宝山区,聚丰园路165号,,,31.315147,121.382036
,肯德基(乐秀路店),上海,嘉定区,乐秀路118号一层108室(乐秀路地铁站1号口步行440米),,,31.268229,121.315013
,肯德基(利通广场店),上海,虹口区,四川北路1350号利通广场1层(四川北路地铁站1号口旁),,,31.252614,121.48452
,肯德基(嘉善路地铁站店),上海,徐汇区,大木桥路18号久岸大厦B2层B2023室B2024室,,,31.201425,121.460775
,肯德基(长白228店),上海,杨浦区,敦化路48号,,,31.288292,121.54201
,肯德基(西郊百联店),上海,长宁区,仙霞西路88号B2层商铺号G05-01B02-01-0003-0004,,,31.208761,121.369614
,肯德基(漕河泾印象城店),上海,徐汇区,漕宝路1011号漕河泾印象城B1层,,,31.162411,121.400471
,肯德基(虹许店),上海,闵行区,吴中路729苏宁电器一层,,,31.180075,121.393881
,肯德基(动力南广场店),上海,徐汇区,石龙路750-3号上海南站地下商场南馆,,,31.151882,121.431153
,肯德基(金杨店),上海,浦东新区,金杨路524号,,,31.249425,121.580375
,肯德基(景畔店),上海,普陀区,大渡河路196号长风大悦城,,,31.222611,121.395966
,肯德基(通园店),上海,浦东新区,张杨北路5537号,,,31.343365,121.574368
,肯德基(鄂尔多斯店),上海,宝山区,鄂尔多斯路98弄82号南大尚优玛特一层107铺位,,,31.295201,121.390764
,肯德基(季景店),上海,浦东新区,夏碧路261号,,,31.337109,121.586568
,肯德基(丰庄地铁站店),上海,嘉定区,新郁路81号一层L2二层L8铺位,,,31.241748,121.357014
,肯德基(共康家乐福店),上海,宝山区,共江路1208号一层SHBS131商铺,,,31.327046,121.444267
,肯德基(柳州2店),上海,徐汇区,上海南站地铁1号线里面(上海南站地铁站3号入口旁),,,31.152673,121.430463
,肯德基(新业坊店),上海,宝山区,逸仙路1328号8号楼一层113号,,,31.319141,121.484252
,肯德基(宝宸店),上海,宝山区,纪蕰路38号F1015室(百渠广场内),,,31.331719,121.440356
,肯德基(泰禾大厦店),上海,静安区,恒丰路238-248-258号泰禾大厦102-2室,,,31.241889,121.456567
,肯德基(海伦路店),上海,虹口区,海伦路440号金融街海伦中心的房屋层单元,,,31.258844,121.48955
,肯德基(国正中心店),上海,杨浦区,政立路487-1号1楼和487号B,,,31.308471,121.5061
,肯德基(太阳宫店),上海,虹口区,瑞虹路181号瑞虹天地太阳宫F4,,,31.262821,121.500749
,肯德基(国媒中心店),上海,静安区,沪太路701号2幢1层02-03室,,,31.263433,121.446374
,肯德基(国和1000店),上海,杨浦区,世界路90号一层122-123-129室,,,31.318636,121.526111
,肯德基(五莲店),上海,浦东新区,张杨北路801号(五莲路地铁站2号口步行100米),,,31.27259,121.587536
,肯德基(五莲店),上海,浦东新区,张杨北路801号(五莲路地铁站2号口步行130米),,,31.27258,121.587588
,肯德基(平型关路大润发店),上海,静安区,俞泾港路1号1005号商铺,,,31.266925,121.466225
,肯德基(永泰路店),上海,浦东新区,永泰路160号一层A7室,,,31.135689,121.506752
,肯德基(阳光天地店),上海,浦东新区,张扬北路3169号1层(洲海路地铁站2号口步行120米),,,31.312233,121.588774
,肯德基,上海,宝山区,杨行镇水产路2399号泰富商业广场,,,31.366949,121.445186
,肯德基(新高桥店),上海,浦东新区,高桥镇西街202号,,,31.342354,121.579543
,肯德基(小陆家嘴店),上海,浦东新区,世纪大道55号1F-1单元(陆家嘴地铁站1号入口旁),,,31.238358,121.501537
,肯德基(四平路校区同济大学店),上海,杨浦区,赤峰路66-2号,,,31.281752,121.500759
,肯德基(龙柏店),上海,闵行区,红松路505号,,,31.180204,121.364147
,肯德基(宝山店),上海,宝山区,牡丹江路1688号,,,31.403271,121.482454
,肯德基(宝华商业广场店),上海,虹口区,四川北路2018号、四川北路2000号111室,,,31.264218,121.48399
,肯德基(新瑞虹店),上海,虹口区,临平路133号瑞虹坊LG层LG-29,,,31.260853,121.499008
,肯德基(盛夏路店),上海,浦东新区,盛夏路1059-11059-2号一层,,,31.19881,121.632431
,肯德基(铭德国际店),上海,静安区,西藏北路558-588号1楼T,,,31.251299,121.469622
,肯德基(下南路店),上海,浦东新区,北蔡镇锦绣路3218号L1-17A/20A/21A,,,31.17988,121.541267
,肯德基(金科店),上海,浦东新区,金科路3057号汇智国际商业中心1层,,,31.202907,121.601578
,肯德基(新华泾店),上海,徐汇区,龙吟路70号一层,,,31.118383,121.453076
,肯德基(五角场万达店),上海,杨浦区,国宾路58号(江湾体育场地铁站4号口步行120米),,,31.301595,121.513651
,肯德基(太平洋森活广场店),上海,杨浦区,淞沪路199号B1层太平洋森活天地B-25C-7 C-16,,,31.305013,121.513485
,肯德基(九六广场店),上海,浦东新区,东方路796号96广场第一层148单元,,,31.227013,121.524468
,肯德基(大宁国际广场店),上海,静安区,共和新路1968号大宁国际商业广场8座1层,,,31.274205,121.453122
,肯德基(共富大酒店),上海,宝山区,共富路266-2号一层,,,31.349235,121.428376
,肯德基(新江桥店),上海,嘉定区,虞姬墩路506号一二层,,,31.255788,121.34307
,肯德基(莘西路店),上海,闵行区,莘松路355号1幢1层101A,,,31.105789,121.372877
,肯德基(莘褔店),上海,闵行区,莘福路288号一层107号,,,31.103468,121.362716
,肯德基(金吉店),上海,浦东新区,金吉路778号2幢1层108室,,,31.264871,121.630273
,肯德基(申滨路店),上海,闵行区,申滨路473号新华联购物中心F1层,,,31.201518,121.309116
,肯德基(联美NHO店),上海,青浦区,蟠中东路318号(诸光路地铁站3号口步行250米),,,31.18983,121.293496
,肯德基(杨行店),上海,宝山区,水产路2449号一层114商铺,,,31.366263,121.443357
,肯德基(新莘龙店),上海,闵行区,沪闵路6088号凯德龙之梦购物中心(莘庄店)B1层B1-37&38,,,31.108412,121.378085
,肯德基(罗南文化中心店),上海,宝山区,[],,,31.384606,121.36214
,肯德基(城工科技绿洲店),上海,宝山区,真陈路与丰翔路交叉口南180米,,,31.307875,121.351131
,肯德基(万象中心店),上海,闵行区,号文路217号MT2栋一层L114室,,,31.163155,121.354451
,肯德基(天钥桥路店),上海,徐汇区,天钥桥路123号内101-102-1号的商铺,,,31.192286,121.442066
,肯德基(东方店),上海,浦东新区,东方路1688号103室202室,,,31.204175,121.523402
,肯德基(张江店),上海,浦东新区,张江路625号一层B座,,,31.205063,121.615829
,肯德基(中成智谷店),上海,宝山区,长江路258号2幢B3号楼102号103号一层,,,31.348664,121.497481
,肯德基(张江药谷店),上海,浦东新区,哈雷路902号,,,31.196096,121.603807
,肯德基(中科店),上海,浦东新区,中科路2565-,,,31.189993,121.634889
,肯德基(顾村店),上海,宝山区,水产西路957号,,,31.354925,121.412186
,肯德基(春申店),上海,闵行区,春申路2801号,,,31.108171,121.408136
,肯德基(金海店),上海,浦东新区,金海路2493号宝龙城市广场一幢(近民耀路),,,31.266117,121.653529
,肯德基(宁国路地铁站店),上海,杨浦区,长阳路1665号2幢102室106室201室202室3幢201室,,,31.269545,121.533892
,肯德基(昌邑路站店),上海,浦东新区,浦东大道1559号滨江·光合新座F1层,,,31.244537,121.539369
,肯德基(汇融天地店),上海,普陀区,曹杨路535号汇融天地A座1F层,,,31.236986,121.418195
,肯德基(虎林路店),上海,宝山区,一二八纪念路465号4号楼107-115单元,,,31.327119,121.456667
,肯德基(绿地滨江店),上海,徐汇区,云锦路500号绿地·汇中心F1层,,,31.165184,121.457935
,肯德基(漕宝路站店),上海,徐汇区,漕溪路280号一号楼1层(漕宝路地铁站6号口旁),,,31.168712,121.434122
,肯德基(卡园南城购物广场店),上海,浦东新区,卡园二路108号9幢北楼104-106A,,,31.238526,121.669329
,肯德基(明兴店),上海,松江区,新南路959号绿地金御广场F1层,,,31.088746,121.340698
,肯德基(仁德路店),上海,虹口区,仁德路333号1层1-91-11,,,31.303103,121.483902
,肯德基(新顾城店),上海,宝山区,尚北路299号一层L107室,,,31.353586,121.347069
,肯德基(协信星光店),上海,静安区,江场路1228弄13号ML148铺,,,31.298336,121.45866
,肯德基(神旺店),上海,徐汇区,宜山路660号一层105-107室,,,31.175522,121.419827
,肯德基(新宜街店),上海,徐汇区,宜山路700号84幢A1号楼商铺101-102,,,31.175109,121.416393
,肯德基(北艾路店),上海,浦东新区,北艾路1794、1796号一层,,,31.179813,121.521553
,肯德基(齐河路店),上海,浦东新区,齐河路258号的漫乐城购物中心1层(1-23&1-30&1-31)号,,,31.17917,121.50365
,肯德基(杨浦环创中心店),上海,杨浦区,周家嘴路3608号环宝龙旭辉广场M-F1-202号商铺,,,31.277475,121.542225
,肯德基(互联宝地店),上海,杨浦区,周家嘴路与凤城路交叉口东南200米,,,31.272365,121.527289
,肯德基(复旦大学科技楼店),上海,杨浦区,国权路525号E段一层-5室及E段二层-2室,,,31.293896,121.503488
,肯德基(行知路地铁站店),上海,宝山区,沪太路1618号一层1F-21室,,,31.283292,121.42218
,肯德基(真北路地铁站店),上海,普陀区,真北路788号近铁城市广场南区地下二层B2-03,,,31.23191,121.381433
,肯德基(三鲁店),上海,浦东新区,懿行路593号601号一层,,,31.126077,121.50666
,肯德基(复地活力城店),上海,浦东新区,沪南路2229号复地活力城L3层L3046,,,31.157806,121.565251
,肯德基(嘉尚坊店),上海,嘉定区,嘉怡路233号嘉尚坊广场1F层,,,31.263953,121.347612
,肯德基(颛兴店),上海,闵行区,颛兴路188号3幢一层商铺号104-106室,,,31.066536,121.395198
,肯德基(金运店),上海,嘉定区,金沙江西路1051弄1号万达广场1层1063、2层2069-2070,,,31.239149,121.321353
,肯德基(恒达广场店),上海,普陀区,武威路1285号新邻天地1层,,,31.281144,121.348346
,肯德基(九杜路店),上海,松江区,九杜路477号一幢一层B区15号,,,31.143508,121.309474
,肯德基(丰庄店),上海,嘉定区,曹安公路1685号近丰庄路,,,31.251557,121.366203
,肯德基(秀沿店),上海,浦东新区,康桥镇秀沿路2526号全季酒店一楼,,,31.137194,121.603845
,肯德基(高东店),上海,浦东新区,新园路东海岸商业广场1-2层,,,31.317998,121.6305
,肯德基(维璟店),上海,闵行区,七莘路1507号地下一层B1-006和地上三层03-018,,,31.131655,121.363544
,肯德基(中海寰宇店),上海,闵行区,莲花南路1389号一层L01-29,,,31.098984,121.414251
,肯德基(夏碧路店),上海,浦东新区,夏碧路497号,,,31.334486,121.583748
,肯德基(名都店),上海,闵行区,莘庄镇都市路5001号b1果之满满,,,31.107877,121.387905
,肯德基(红点城店),上海,闵行区,七莘路1809弄145号1层L1-116-2,,,31.134515,121.362463
,肯德基(罗秀路创邑店),上海,徐汇区,罗秀路897号一层122室(罗秀路地铁站2号口步行390米),,,31.131109,121.432474
,肯德基(振源开鲁店),上海,杨浦区,开鲁路496号一层A1室,,,31.324965,121.528678
,肯德基(万源城开店),上海,闵行区,万源路575弄1-37号一层,,,31.14166,121.395275
,肯德基(星宝购物中心店),上海,闵行区,漕宝路1574号1层128室,,,31.156636,121.377969
,肯德基(长岛店),上海,浦东新区,长岛路1150号1层,,,31.260753,121.592263
,肯德基(虹莘路店),上海,闵行区,吴中路1599号万象城购物中心4层,,,31.16978,121.367864
,肯德基(徐汇万科店),上海,徐汇区,南宁路970号徐汇万科中心一期一层T1-101,,,31.156834,121.431429
,肯德基(鹤旋东路店),上海,嘉定区,鹤旋东路251号,,,31.237817,121.330818
,肯德基(徐汇滨江央视店),上海,徐汇区,龙台路110号二层01部位2-L14,,,31.159437,121.46185
,肯德基(鹤望路店),上海,嘉定区,金沙江西路1288号一层116室125室,,,31.24339,121.320615
,肯德基(康桥店),上海,浦东新区,康桥镇秀沿路1032-1080号,,,31.134731,121.579351
,肯德基(金桥路地铁站店),上海,浦东新区,金皖路9弄1号102室(金桥地铁站2号口步行60米),,,31.260772,121.612817
,肯德基(新南方商城店),上海,闵行区,沪闵路7388号百联南方购物中心1F层,,,31.131808,121.401417
,肯德基(国展店)(暂停营业),上海,青浦区,盈港东路158号国家会展中心(上海)之商业广场一层D-L114号二层D-L220号,,,31.188866,121.301407
,肯德基(北蔡店),上海,浦东新区,北中路187弄15号北蔡休闲广场F1层,,,31.183609,121.555584
,肯德基(宝山日月光店),上海,宝山区,沪太路1933号(宝山日月光中心)商场一层D-101号,,,31.295079,121.418273
,肯德基(上海虹桥站店),上海,闵行区,虹桥路2550号虹桥综合交通枢纽3F-C1,,,31.194793,121.32255
,肯德基(高行店),上海,浦东新区,东靖路1881号万嘉商业广场1963/1969号,,,31.2934,121.611591
,肯德基(陈行店),上海,闵行区,浦锦街道陈行公路2688号欢乐颂,,,31.094691,121.504268
,肯德基(九亭站店),上海,松江区,沪松公路1501弄麦尚城1层(九亭地铁站2号口步行50米),,,31.137263,121.319553
,肯德基(宝山龙湖店),上海,宝山区,丹霞山路50弄1号宝山天街一层铺位1F-35,,,31.357681,121.363111
,肯德基(南翔店),上海,嘉定区,南翔镇解放街160号,,,31.290421,121.309065
,肯德基(新吴淞店),上海,宝山区,中国水产路1234号一层商铺号G70-F01-01-002,,,31.382332,121.488677
,肯德基(爱博家园店),上海,闵行区,申滨路929号层1F-12室,,,31.208727,121.307891
,肯德基(都市店),上海,闵行区,都市路3759号,,,31.085187,121.398988
,肯德基(机场西楼到达店),上海,闵行区,虹桥机场西航站楼到达层(虹桥火车站地铁站北1入口旁),,,31.194482,121.319101
,肯德基(浦江江汉路店),上海,闵行区,江汉路330号一层10/11/12铺号,,,31.066723,121.50112
,肯德基(颛桥光华),上海,闵行区,光华路145号,,,31.071075,121.395475
,肯德基(淞虹路地铁站店),上海,长宁区,天山西路541号光大安石B2层(淞虹路地铁站3号口商场),,,31.217436,121.359958
,肯德基(华新店),上海,青浦区,华强街239号B02商铺12层,,,31.241014,121.230786
,肯德基(新源店),上海,浦东新区,川沙路4839号,,,31.195009,121.698041
,肯德基(中建幸福空间店),上海,静安区,上海市场中路,,,31.305007,121.452871
,肯德基(尚浦汇店),上海,杨浦区,民府路578号1幢商场1层03A室,,,31.315438,121.510132
,肯德基(上图东馆店),上海,浦东新区,锦绣路1062号,,,31.219205,121.547093
,肯德基(上海交通大学徐汇校区店),上海,徐汇区,华山路1954号上海交通大学徐汇校区第二食堂西侧餐厅,,,31.199164,121.431166
,肯德基(金领谷店),上海,闵行区,元江路525号35号楼一层102室,,,31.06253,121.449768
,肯德基(海冰宫店),上海,静安区,临汾路822号,,,31.310918,121.451143
,肯德基(金地方邻店),上海,松江区,泗宝路与青凯路交叉口西南100米金地方邻L1层115、125、126,,,31.11433,121.25214
,肯德基(天安万科店)(暂停营业),上海,浦东新区,五星路706弄1号103室,,,31.176502,121.574115
,肯德基(朵云轩店),上海,徐汇区,天钥桥路1188号C区一层106室,,,31.1737,121.44766
,肯德基(徐泾店),上海,青浦区,徐泾镇育才路257-259号,,,31.169619,121.274975
,肯德基(北桥店),上海,闵行区,沪闵路2528号一层(北桥地铁站2号口步行150米),,,31.044083,121.409494
,肯德基(上丰店),上海,浦东新区,上丰路1772-1784号一层,,,31.241152,121.679169
,肯德基(吴泾店),上海,闵行区,宝秀路661号101室,,,31.042573,121.464066
,肯德基(吴中路汇锦店),上海,闵行区,吴中路259号4幢一层-2室,,,31.18615,121.413875
,肯德基(绿洲中环店),上海,普陀区,金沙江路1628号7号楼一层102号,,,31.234364,121.380018
,肯德基(南翔华润五彩城店),上海,嘉定区,南翔镇宝翔路801号一层L119,,,31.311675,121.317125
,肯德基(大宁三期店),上海,静安区,灵石路718号D5幢一层T,,,31.280538,121.440382
,肯德基(IBP尚品都汇店),上海,长宁区,通协路272号5A5B一层建滔广场北面,,,31.226516,121.35526
,肯德基(马桥万达店),上海,闵行区,马桥镇富岩路121号万达广场1026号商铺,,,31.024024,121.373313
,肯德基(马桥龙湖店),上海,闵行区,马桥镇银春路2221号龙湖上海闵行星悦荟1F层,,,31.024543,121.386646
,肯德基(罗店),上海,宝山区,月罗路2380号,,,31.409428,121.350872
,肯德基(新育路店),上海,松江区,新育路813号一层,,,31.072503,121.32137
,肯德基(彩虹湾店),上海,虹口区,虹湾路186-190号1层101室,,,31.313313,121.47252
,肯德基(曹安大润发店),上海,嘉定区,真新新村街道新郁路807-817-,,,31.251986,121.361966
,肯德基(鲁南路店),上海,闵行区,鲁南路538号山钢和润荟F1层,,,31.02607,121.519696
,肯德基(希望店),上海,嘉定区,希望路1008号-2,,,31.336561,121.257809
,肯德基(金钻路店),上海,浦东新区,金钻路828弄1号1-2层121-123及201-203商铺,,,31.281877,121.675916
,肯德基(泗宝店),上海,松江区,横港公路37-45号三湘商业广场F1层,,,31.117726,121.259561
,肯德基(月浦店),上海,宝山区,龙镇路75号肯德基内,,,31.417852,121.427046
,肯德基(嘉定万达店),上海,嘉定区,胜辛路426号2层2062-2063号商铺,,,31.330688,121.254927
,肯德基(266新天地店),上海,浦东新区,界龙大道266号一层,,,31.175495,121.684241
,肯德基(澄浏店),上海,嘉定区,澄浏中路3172号百联嘉定购物中心1F层,,,31.385708,121.278244
,肯德基(同乐店),上海,松江区,洞泾镇同乐路399号6幢号一层1F05-07号,,,31.086301,121.269578
,肯德基(芳甸路地铁站店),上海,浦东新区,杨高中路2112号1号楼A座1层117-118-119室,,,31.232175,121.556652
,肯德基(羽山乐坊店),上海,浦东新区,崮山路717号103室126室127室,,,31.239225,121.560575
,肯德基(嘉定大融城店),上海,嘉定区,宝安公路3386号大融城F1层125,,,31.330351,121.279931
,肯德基(合庆店),上海,浦东新区,庆南路8号,,,31.237562,121.718565
,肯德基(川沙永乐店),上海,浦东新区,新川路401号锦丽华购物中心1层,,,31.193007,121.698571
,肯德基(沈杜公路店),上海,闵行区,昌达路27号2幢1层101室,,,31.06056,121.513743
,肯德基(新爱琴海店),上海,闵行区,爱琴海购物中心一楼(龙柏新村地铁站3号口步行250米),,,31.174558,121.372747
,肯德基(新虹桥高铁店),上海,闵行区,铁路虹桥站B1-5-8号,,,31.193869,121.322147
,肯德基(虹梅地铁店),上海,徐汇区,沪闵路8073号(锦江乐园地铁站北1口旁),,,31.142608,121.414357
,肯德基(新高铁精选店),上海,闵行区,申贵路1500号(30检票口顶上),,,31.193896,121.320065
,肯德基(电台路店),上海,宝山区,电台路378号-11室380号-1室一层,,,31.352708,121.393096
,肯德基(西南商城店),上海,闵行区,沪闵路131号一层112-113室,,,31.001839,121.425798
,肯德基(西渡店),上海,奉贤区,沪杭公路228弄大骏百货东区F1层(西渡地铁站出入口旁),,,30.989364,121.43151
,肯德基(一二八纪念路店),上海,宝山区,高境镇一二八纪念路968号万达广场(宝山店)二楼,,,31.324197,121.447715
,肯德基(杨浦智慧坊店),上海,杨浦区,平凉路2241号23幢101室201室,,,31.273012,121.548698
,肯德基(联洋park699餐厅),上海,浦东新区,民生路1433号1层110室,,,31.223336,121.551261
,肯德基(尚悦湾广场店),上海,浦东新区,银城路66号尚悦湾广场地下一层,,,31.240993,121.510589
,肯德基(盛桥店),上海,宝山区,古莲路188号一层,,,31.450279,121.405866
,肯德基(城中店),上海,嘉定区,城中路2号,,,31.373438,121.253446
,肯德基(川沙百联店),上海,浦东新区,川沙新镇百联川沙购物中心B1楼(川沙地铁站出入口旁),,,31.185443,121.698198
,肯德基(松花江路店),上海,杨浦区,松花江路99弄0506室,,,31.297046,121.54329
,肯德基(幸福里店),上海,浦东新区,陈春路109号唐人幸福里F1层L101,,,31.173286,121.55408
,肯德基(嘉定仓场路店),上海,嘉定区,仓场路422号一层3室,,,31.382142,121.269525
,肯德基(博乐店),上海,嘉定区,博乐路99号,,,31.383346,121.254171
,肯德基(清河店),上海,嘉定区,城中路138号罗宾森购物广场F1层L1-2,,,31.38474,121.245476
,肯德基(闵行店),上海,闵行区,江川路279号(江川路地铁站3号口步行460米),,,31.003731,121.419794
,肯德基(上师大徐汇校区西门餐厅),上海,徐汇区,虹漕南路183号1号楼一层-2室2层-1室,,,31.159985,121.413322
,肯德基(胜竹路店),上海,嘉定区,胜竹路2188号一层129单元,,,31.401388,121.248504
,肯德基(古浪路店),上海,普陀区,古浪路391弄27号一层104室,,,31.283072,121.385765
,肯德基(佘山宝地店),上海,松江区,佘月路27号(佘山地铁站2号出口旁)宝乐汇1F层,,,31.104181,121.230431
,肯德基(嘉定万创店),上海,嘉定区,安智路155号一层118室,,,31.268716,121.172123
,肯德基(颛桥龙湖店),上海,闵行区,剑川路1000号龙湖上海闵行天街F3层,,,31.026072,121.415738
,肯德基(信业店),上海,嘉定区,环城路762弄1号信业购物中心一层1146铺位,,,31.397258,121.248163
,肯德基(宝乐汇店),上海,宝山区,牡丹江路1569号宝乐汇印象城B1层B121,,,31.398957,121.485405
,肯德基(御岛店),上海,崇明区,凤蓉路与长橘路路交叉口西南20米,,,31.395707,121.698042
,肯德基(嘉定店),上海,嘉定区,清河路8号,,,31.385716,121.250334
,肯德基(江镇店),上海,浦东新区,晨阳路196号,,,31.176318,121.752928
,肯德基(复旦大学新江湾校区店)(暂停营业),上海,杨浦区,淞沪路2005号,,,31.335678,121.50359
,肯德基(上海科技大学食堂店),上海,浦东新区,环科路与科苑路交叉口东北360米,,,31.177658,121.596987
,肯德基(场北路店),上海,宝山区,康宁路2729弄4号,,,31.332371,121.425567
,肯德基(美兰店),上海,宝山区,罗芬路1088号(美兰湖地铁站出入口步行290米),,,31.402869,121.350859
,肯德基(梅陇罗秀店),上海,闵行区,罗秀路1825号2幢一层A02A03室,,,31.127006,121.406599
,肯德基(嘉定淮海广场店),上海,嘉定区,叶城路1118号1楼108室,,,31.362863,121.245022
,肯德基(沪松DT店),上海,松江区,荣乐东路1595号,,,31.017093,121.263027
,肯德基(申月店),上海,闵行区,江月路1850弄1-6号浦江城市生活广场1层1F-D03号,,,31.082714,121.505101
,肯德基(嘉定西站店),上海,嘉定区,柳梁路155弄4号(嘉定西地铁站3号口旁),,,31.376613,121.227659
,肯德基(大学城店),上海,松江区,文汇路818号,,,31.049549,121.20271
,肯德基(年家浜店),上海,浦东新区,周浦镇沪南公路3449弄1幢32号236-1236-2号240号,,,31.11414,121.569053
,肯德基(顾村公园店),上海,宝山区,陆翔路111弄正大乐城104-105号,,,31.345001,121.371892
,肯德基(新宝翔店),上海,嘉定区,丰翔路3168号南翔太茂B区118B商铺及119商铺,,,31.298742,121.325089
,肯德基(南翔大润发店),上海,嘉定区,沪宜公路1030弄1号一层1001号商铺,,,31.291827,121.304925
,肯德基(联想智慧园店),上海,浦东新区,松涛路696号联想大厦F1层,,,31.202175,121.585907
,肯德基(双柏尚优玛特店),上海,闵行区,都庄路2899号1层106室,,,31.081136,121.417129
,肯德基(共富新村店),上海,宝山区,蕰川路516号泰德科技园3幢一层1-8A室,,,31.352929,121.433443
,肯德基(虹桥连廊精选店),上海,闵行区,华漕镇虹桥路2550号虹桥综合交通枢纽M2层,,,31.193461,121.327862
,肯德基(康桥地铁站店),上海,浦东新区,秀沿路826-6室1层2层秀安路826-7室,,,31.13436,121.568672
,肯德基(慈竹路),上海,嘉定区,竹声路与慈竹路交叉口西南20米,,,31.369319,121.218871
,肯德基(九亭店),上海,松江区,九亭大街370号,,,31.130513,121.331787
,肯德基(亭坊店),上海,松江区,九亭镇涞坊路589号,,,31.151783,121.313477
,肯德基(孙耀路高木桥路店),上海,浦东新区,高木桥路517号一层部分,,,31.183726,121.634555
,肯德基(保乐店),上海,闵行区,华漕镇繁兴路399弄2号,,,31.210358,121.29312
,肯德基(唐镇店),上海,浦东新区,高科东路515弄9号12层1号商铺,,,31.210939,121.651221
,肯德基(象屿名城店),上海,松江区,九亭镇九新公路102号1-2层及九亭镇伴亭路798号,,,31.131633,121.318273
,肯德基(奉贤南桥漕河泾店),上海,奉贤区,东方美谷大道与茂园路交叉口东北220米,,,30.950179,121.483422
,肯德基(湘城店),上海,松江区,梅家浜路1500弄101号,,,31.052476,121.230086
,肯德基(上海真如环宇城MAX店),上海,普陀区,铜川路699弄1号层(B2003)单元,,,31.250425,121.408475
,肯德基(祝桥天和店),上海,浦东新区,百熙路666号天和广场F1层,,,31.117982,121.761402
,肯德基(安亭店),上海,嘉定区,安亭镇昌吉路188号,,,31.29569,121.163041
,肯德基(龙茗路十尚坊店),上海,闵行区,龙茗路924号一层,,,31.135724,121.387646
,肯德基(顾北东路店),上海,宝山区,顾北东路12号一层-1室,,,31.36117,121.416745
,肯德基(罗泾店),上海,宝山区,潘新路萧月路7翼生活睦邻小镇F1层,,,31.486104,121.330244
,肯德基(汽车城店),上海,嘉定区,新源路577号,,,31.296182,121.155175
,肯德基(民乐大居店),上海,浦东新区,拱乐路2501号101室102室103室一层,,,31.061469,121.74133
,肯德基(太平洋中环广场店),上海,浦东新区,御秀路828弄的康泰隆商厦项目,,,31.151318,121.579124
,肯德基(海印又一城店),上海,浦东新区,周邓公路与康达路交叉口东北80米,,,31.114985,121.600258
,肯德基(佘山店),上海,松江区,佘山镇桃源路190号2层192-194号1-2层,,,31.099924,121.185657
,肯德基(好第坊店)(暂停营业),上海,闵行区,永平路66号101室-1一层,,,31.013104,121.433116
,肯德基(品尚生活广场店),上海,闵行区,纪翟路2762号2幢101-102-109室,,,31.241006,121.269796
,肯德基(月浦宝乐汇店),上海,宝山区,四元路19号51幢F102单元F110单元,,,31.413421,121.432549
,肯德基(嘉定大众店),上海,嘉定区,区于田路7号一期辅楼1楼,,,31.287775,121.188425
,肯德基(新嘉松店),上海,青浦区,嘉松中路5555号上海奥特莱斯品牌直销广场17幢C2区1层2,,,31.158084,121.22889
,肯德基(邵楼星天地店),上海,闵行区,浦江镇召楼路1976号,,,31.054473,121.53965
,肯德基(航头店),上海,浦东新区,沪南公路5588-5592号101商铺,,,31.03417,121.596498
,肯德基(南翔印象城店),上海,嘉定区,陈翔公路2299号嘉定印象城三层03-62b商铺,,,31.304771,121.306647
,肯德基(宝杨路宝龙店),上海,宝山区,同济路669弄4号之宝龙广场商铺M-F1-018,,,31.394541,121.482351
,肯德基(川桥路由度工坊餐厅),上海,浦东新区,金桥出口加工区川桥路599号1层105室,,,31.245763,121.610415
,肯德基(嘉定宝龙店),上海,嘉定区,阿克苏路1099号1118室-1119室,,,31.346225,121.260475
,肯德基(嘉年路店),上海,嘉定区,嘉年路737号一层,,,31.29452,121.283145
,肯德基(吴杨东路店),上海,嘉定区,吴杨东路270号一层110室,,,31.271284,121.302928
,肯德基(思贤店),上海,松江区,思贤路778-780号(松江新城地铁站2号口步行100米),,,31.029009,121.231005
,肯德基(吴泾宝龙店),上海,闵行区,吴泾镇尚义路39弄3号吴泾宝龙广场1层1F-013-1F-04,,,31.037459,121.451652
,肯德基(天空之城店),上海,青浦区,崧泽大道2229弄66号二层L2-36/L2-37,,,31.176453,121.252567
,肯德基(嘉定城北店),上海,嘉定区,平城路1188号(嘉定北地铁站1号入口旁),,,31.391397,121.236968
,肯德基(阳光港店),上海,松江区,佘山林湖路888号-1阳光港区9号,,,31.094817,121.218135
,肯德基(光明荟店),上海,青浦区,华新镇新府中路1399弄65号1层-1,,,31.228325,121.229525
,肯德基(黄渡DT店),上海,嘉定区,曹安公路4671号,,,31.276465,121.218173
,肯德基(宝龙店),上海,奉贤区,南桥镇航南公路5639号奉贤宝龙城市广场F1层,,,30.92992,121.463072
,肯德基(华泾宜必思店),上海,徐汇区,望月路890号101-2B室,,,31.11703,121.46088
,肯德基(新桥店),上海,松江区,新桥镇新南街377号,,,31.062003,121.314636
,肯德基(招商花园城店),上海,浦东新区,曹路镇顾唐路99号L1020A商铺,,,31.262624,121.657899
,肯德基(祝桥店),上海,浦东新区,百熙路368弄,,,31.111576,121.762297
,肯德基(虹桥机场T2北指廊精选店),上海,闵行区,虹桥机场2号航站楼(虹桥2号航站楼地铁站出入口步行160米),,,31.194283,121.326401
,肯德基(文诚路店),上海,松江区,文诚路500弄1层L101,,,31.032544,121.21651
,肯德基(平高店),上海,松江区,九峰路118号101室-3商铺,,,31.01633,121.230705
,肯德基(绅富店),上海,青浦区,公园东路1289弄123-124号,,,31.152866,121.137789
,肯德基(荣乐店),上海,松江区,荣乐中路552号,,,31.017203,121.219743
,肯德基(惠乐店),上海,浦东新区,惠南镇人民西路955号,,,31.048246,121.734942
,肯德基(北门店),上海,浦东新区,北门大街13号,,,31.047254,121.755258
,肯德基(喜泉路店),上海,嘉定区,喜泉路34号1层,,,31.369706,121.160123
,肯德基(天纳园区店),上海,浦东新区,建韵路500号3号楼C101室3115室3114室,,,31.096226,121.568636
,肯德基(新宝中心店),上海,宝山区,蕰川路1588号2幢新宝中心109室一层,,,31.368097,121.430895
,肯德基(江川店),上海,松江区,泗泾镇江川北路263-265号,,,31.115357,121.27316
,肯德基(茂德DT店),上海,浦东新区,沪南公路9408号3幢101室,,,31.036926,121.718498
,肯德基(中集金地广场湖里店),上海,宝山区,中集金地广场湖里(美兰湖地铁站2号口步行400米),,,31.398966,121.349923
,肯德基(张江领袖之都店),上海,浦东新区,张东路1387号21幢1层101单元,,,31.218306,121.633845
,肯德基(七宝国际店),上海,闵行区,新龙路1333弄145号一层,,,31.150164,121.337082
,肯德基(青浦店),上海,青浦区,青松路1号邻客公园F1层,,,31.148153,121.117014
,肯德基(仓汇路店),上海,松江区,仓汇路586号,,,31.013789,121.203136
,肯德基(龙翔店),上海,金山区,蒙山北路399号,,,30.745518,121.33695
,肯德基(海伦精致店),上海,宝山区,长逸路258号3幢136室141室,,,31.337814,121.490869
,肯德基(杨行店),上海,嘉定区,银龙路258弄23号2幢1层110室-116室,,,31.344625,121.189125
,肯德基(虹桥E通南园店),上海,青浦区,徐泾镇华徐公路685号A幢一层105-106室,,,31.195968,121.264854
,肯德基(绿亮生活广场店),上海,闵行区,锦梅路752号一层,,,31.115734,121.424013
,肯德基(紫荆谷店),上海,宝山区,锦秋路305号经纬汇3132,,,31.325478,121.398854
,肯德基(浦江万达店),上海,闵行区,永跃路360号万达广场浦江店F1层,,,31.026774,121.51215
,肯德基(罗店旭辉店),上海,宝山区,罗店镇美健路829号旭辉宝山U天地-休闲生活片区U天地11号楼2楼,,,31.390434,121.337079
,肯德基(金航商业广场店),上海,浦东新区,鹤恒路与鹤雷路交叉口西北80米,,,31.077052,121.598991
,肯德基(中骏广场店),上海,闵行区,申长路1688弄1-12号6幢一层105室106室,,,31.211588,121.31336
,肯德基(南桥定康路店),上海,奉贤区,定康路25号1幢1层103室,,,30.920056,121.504713
,肯德基(佘山旭辉里店),上海,松江区,佘山镇陆宝山路155号1幢1层102室,,,31.116325,121.214475
,肯德基(浦航路店),上海,闵行区,浦航路276号280号一层,,,31.042945,121.540678
,肯德基(拉斐尔云廊店),上海,松江区,新桥镇千帆路288弄9号122-2室,,,31.089605,121.325052
,肯德基(人民店),上海,浦东新区,惠南镇人民东路2635弄152-158号,,,31.049121,121.768989
,肯德基(悦意东滩店),上海,崇明区,安瑞路428号,,,31.517568,121.855726
,肯德基(坂桥店),上海,金山区,卫清西路188号百联金山购物中心1F层,,,30.73244,121.34778
,肯德基(大官塘路店),上海,松江区,松南城善德苑北2门西160米,,,30.981428,121.254739
,肯德基(勋业东路店),上海,松江区,佘山镇马尾山路233号1层A102室,,,31.126991,121.220108
,肯德基(赵巷镇店),上海,青浦区,赵重公路55号-6号一层,,,31.150756,121.192758
,肯德基(马陆弘基店),上海,嘉定区,马陆镇沪宜公路2398/2400号,,,31.336643,121.282063
,肯德基(城南市场店),上海,金山区,朱泾镇金龙新街682号一层-7商铺,,,30.886123,121.164482
,肯德基(嘉春广场店),上海,松江区,人民南路66号1号楼1101室1102室,,,31.003429,121.229126
,肯德基(奉贤南桥龙湖店),上海,奉贤区,金海公路3800号龙湖·上海奉贤天街B1层A-B1-02,,,30.912513,121.497699
,肯德基(洪德DT店),上海,嘉定区,依玛路410弄1-35号新城·香溢璟庭二期,,,31.353493,121.250088
,肯德基(花园浜路店),上海,嘉定区,宝安公路4535号1层A02,,,31.315802,121.216823
,肯德基(崇明店),上海,崇明区,八一路138号,,,31.619959,121.395889
,肯德基(长兴岛店),上海,崇明区,区长兴镇丰福路699弄10号,,,31.383998,121.704553
,肯德基(中建芦潮港店),上海,浦东新区,潮乐路378号372弄2号6号的1层2层,,,30.86848,121.852367
,肯德基(八一店),上海,崇明区,城桥镇八一路488号,,,31.62631,121.397033
,肯德基(临港宝龙店),上海,浦东新区,泥城镇鸿音路3155弄128号1层(051-053/113-115),,,30.906165,121.816128
,肯德基(朱家角新角里店),上海,青浦区,新风路160号新角里广场F1层,,,31.108546,121.05738
,肯德基(临港六院店),上海,浦东新区,环湖西三路222号后勤楼101室,,,30.884944,121.923045
,肯德基(塘浚路店),上海,松江区,塘浚路一层98、99、100号,,,31.09099,121.244489
,肯德基(青浦E通世界园店),上海,青浦区,华新镇华隆路1777号E幢102室一层,,,31.219318,121.212709
,肯德基(松江印象城店),上海,松江区,广富林路1788弄上海松江印象城B1层,,,31.061929,121.222773
,肯德基(宜浩欧景店),上海,浦东新区,夏栎路330弄12号,,,30.914653,121.916002
,肯德基(蒙山店),上海,金山区,卫清西路477号,,,30.728836,121.344102
,肯德基(崧泉路店),上海,青浦区,赵巷镇崧泉路1069号-1,,,31.156276,121.155153
,肯德基(吾盈店),上海,青浦区,淀山湖大道218号吾悦广场1层,,,31.144354,121.094019
,肯德基(北泰路店),上海,金山区,北泰路228号金房大厦F1层,,,30.729937,121.317946
,肯德基(新安亭新镇店),上海,嘉定区,嘉亭荟城市生活广场二期墨玉南路909号1101室,,,31.287567,121.161588
,肯德基(云间新天地店),上海,松江区,中山东路249号云间新天地广场F1层,,,31.006654,121.244553
,肯德基(临港万达店),上海,浦东新区,云端路1209弄万达广场,,,30.892164,121.815358
,肯德基(堡镇石岛路店),上海,崇明区,区石岛路617弄11号12号1-2层,,,31.53856,121.62551
,肯德基(陈家镇店),上海,崇明区,区陈彷公路1弄81号1层,,,31.49699,121.809979
,肯德基(江海花园店),上海,奉贤区,南桥镇人民南路9-2号,,,30.904402,121.462331
,肯德基(亭林店),上海,金山区,寺平北路111弄12支弄27号,,,30.886552,121.313332
,肯德基(张堰新华店),上海,金山区,德贤路新华御府15号商业楼一楼248-256号商铺,,,30.798587,121.300436
,肯德基(青浦万达店),上海,青浦区,淀山湖大道851号万达广场B区1010AB商铺,,,31.134835,121.083983
,肯德基(浦乐生活广场·拱极路店店)(暂停营业),上海,浦东新区,浦乐生活广场·拱极路店,,,31.054475,121.749525
,肯德基(松江新城店),上海,松江区,新松江路935号2层2-8,,,31.038405,121.217802
,肯德基(叶榭店),上海,松江区,叶榭镇求仁路149号1层,,,30.942073,121.318779
,肯德基(松江广富林店),上海,松江区,广富林路3088弄2号12栋,,,31.059951,121.196835
,肯德基(车墩店),上海,松江区,车墩镇影维路258弄2号一二层,,,31.014298,121.316238
,肯德基(施湾店),上海,浦东新区,施新路802弄1号,,,31.147354,121.756278
,肯德基(平原街店),上海,松江区,小昆山镇平原街路商业街746号750号,,,31.030342,121.12553
,肯德基(川南奉公路店),上海,奉贤区,川南奉公路9955号一层,,,30.910908,121.643697
,肯德基(申港大道DT店),上海,浦东新区,茉莉路225弄,,,30.89663,121.906015
,肯德基(枫泾店)(暂停营业),上海,金山区,枫泾镇白牛路280号,,,30.892818,121.023413
,肯德基(富绅店),上海,青浦区,盈港路1666弄1层3-13-2号,,,31.160818,121.096489
,肯德基(临港港城海立方店)(暂停营业),上海,浦东新区,海基六路288号1号楼1层101室,,,30.864089,121.91187
,肯德基(万有集市店),上海,嘉定区,万有集市,,,31.457814,121.242757
,肯德基(御上海店),上海,松江区,梅家浜路1207号103室,,,31.051722,121.233441
,肯德基(奉贤金汇龙湖店),上海,奉贤区,南行港路388号龙湖·上海金汇天街4号门,,,30.967902,121.512353
,肯德基(南六公路店),上海,浦东新区,南六公路373号,,,31.058286,121.71339
,肯德基(上元路店),上海,浦东新区,南汇新城镇沪城环路699弄92号一层,,,30.881088,121.902306
,肯德基(新塘路店),上海,奉贤区,新塘路与新粮路交叉口西100米,,,30.870425,121.462025
,肯德基(文涵路店),上海,松江区,文涵路299号303号部分一层,,,31.029806,121.187373
,肯德基(南汇大学城店),上海,浦东新区,惠南镇人民东路22弄22幢一层101室,,,31.045933,121.783699
,肯德基(阳光小区店),上海,奉贤区,南亭公路601号,,,30.905851,121.445239
,肯德基(西岑练秋湖华为店),上海,青浦区,西虹街2号G1栋一楼,,,31.07073,120.97659
,肯德基(茸梅路店),上海,松江区,茸梅路358号1层-13室,,,31.034549,121.247042
,肯德基(安亭新镇店),上海,嘉定区,曹安公路5575号AT-110/AT,,,31.287564,121.161594
,肯德基(开元三新路店),上海,松江区,三新路333弄1号1F-2-5A,,,31.003767,121.19439
,肯德基(上汽一厂店),上海,嘉定区,洛浦路66号上汽大众汽车有限公司一厂院内,,,31.3021,121.165385
,肯德基(盈港店),上海,青浦区,青浦镇盈港路555号,,,31.15928,121.112928
,肯德基(汇源路店),上海,嘉定区,汇源路388弄2号101-105室,,,31.413712,121.202836
,肯德基(临港碧云店),上海,浦东新区,竹柏路696-710号,,,30.900887,121.90068
,肯德基(朱行开乐大街),上海,金山区,亭林镇恒顺路98号临-101室,,,30.849288,121.340802
,肯德基(明悦广场店),上海,金山区,林吉路717号103号铺,,,30.89843,121.3281
,肯德基(崇明万达店),上海,崇明区,城桥镇翠竹路2377号万达广场一层1001室,,,31.627067,121.416904
,肯德基(临港红星美凯龙店)(暂停营业),上海,浦东新区,水华路518号1层A8015A8018室,,,30.893928,121.88676
,肯德基(世纪大道店),上海,浦东新区,世纪大道100号上海环球金融中心商场B1层,,,31.234922,121.508475
,肯德基(金钟),上海,黄浦区,淮海中路98号金钟广场F1层,,,31.225601,121.478721
,肯德基(新牡丹江店)(暂停营业),上海,宝山区,同泰北路401号(近牡丹江路),,,31.381536,121.495751
,肯德基(百齐店),上海,奉贤区,百齐路588号百联南桥购物中心二期1层,,,30.91433,121.484537
,肯德基(乐峰店),广州,海珠区,榕景路107号278-282房乐峰广场b2层s36号(地铁B出口),,,23.088688,113.259968
,肯德基(新光店),广州,荔湾区,康王中路648号城光荟广场F2层(陈家祠地铁站B出口步行177米),,,23.124715,113.247669
,肯德基(新大新店),广州,越秀区,中山五路4号新大新国风第二层自编2F-02铺,,,23.125765,113.268747
,肯德基(广州星寰店),广州,越秀区,侨光西路11号商场负二层04-1号房,,,23.113358,113.264296
,肯德基(永庆坊店),广州,荔湾区,恩宁路永庆坊自编十二甫西街8082号,,,23.11383,113.24002
,肯德基(中山四店),广州,越秀区,中山四路199好东鸣轩首层,,,23.125917,113.273285
,肯德基(流花车站店),广州,越秀区,站前路166号(越秀区环市西路194号后座)一楼DTC101DTC104号铺,,,23.147013,113.255796
,肯德基(解放店),广州,越秀区,解放南路151号1层,,,23.117397,113.262392
,肯德基(车站店),广州,越秀区,环西路159号广州火车站内首层候车室大厅右侧,,,23.148475,113.257661
,肯德基(淘金店),广州,越秀区,淘金路6号首层(淘金地铁站B口步行430米),,,23.13941,113.287609
,肯德基(五山店),广州,天河区,五山岳洲路9号1-2层(五山地铁站B1口旁),,,23.152333,113.352336
,肯德基(文德路店),广州,越秀区,文德北路68号113、114、121、122房自编号A143a、A143b、A145铺,,,23.12373,113.271687
,肯德基(晋德汇店),广州,越秀区,中山六路118号越秀晋德汇1楼,,,23.125417,113.25801
,肯德基(中华广场店),广州,越秀区,中山三路33号中华广场B1层,,,23.125811,113.283062
,肯德基(远景店),广州,白云区,远景路172号时代新都会首2层,,,23.17286,113.255664
,肯德基(同庆坊店),广州,越秀区,北京路15号同庆坊D栋第一层101.106.107铺,,,23.116651,113.270293
,肯德基(西村站店),广州,荔湾区,环市西路149号若比邻广场一层(西村地铁站c口旁),,,23.143281,113.243054
,肯德基(信和店),广州,海珠区,昌岗中路239号二楼肯德基(昌岗地铁站出入口旁),,,23.089849,113.274997
,肯德基(湖天店),广州,越秀区,东风西路156号湖天宾馆首层之一自编1,,,23.132505,113.25338
,肯德基(万国广场店),广州,海珠区,江湾路285号万国广场负一层自编F383铺,,,23.101588,113.272766
,肯德基(建设六店),广州,越秀区,建设六马路7号101室,,,23.132169,113.284988
,肯德基(广源汇店),广州,白云区,景泰直街33号广源文化商业广场自编102之一103号单元,,,23.161375,113.269075
,肯德基(荣德店),广州,海珠区,南田路荣德街30号之4-30号之6号,,,23.098676,113.263121
,肯德基(珠光路店),广州,越秀区,珠光路43号粤海·得邻广场首层,,,23.118725,113.274025
,肯德基(儿童公园店),广州,越秀区,人民南路88号负一层塔楼负夹层及塔楼首层KFC餐厅,,,23.111885,113.254972
,肯德基(西湾路店),广州,荔湾区,西湾路150号悦汇城B1层B1041号商铺,,,23.150375,113.242475
,肯德基(杨箕店),广州,越秀区,杨箕肯德基正门口,,,23.127413,113.312444
,肯德基(广垦店),广州,天河区,怡新路202号广垦天河1号,,,23.175152,113.325136
,肯德基(鹤龙DT店),广州,白云区,106国道旁阳光PARK创意园停车场入口左侧,,,23.208442,113.263892
,肯德基(购书中心店),广州,天河区,天河路123号广州购书中心负一层,,,23.13417,113.320801
,肯德基(恒宝店),广州,荔湾区,宝华路133号首层261A262-263(相连相通),,,23.116682,113.241244
,肯德基(赤岗店),广州,海珠区,石榴岗路1号赤岗大厦首层,,,23.095543,113.334527
,肯德基(云城西店),广州,白云区,云霄路自编353栋五号停机坪购物广场一层,,,23.180907,113.266064
,肯德基(西湾和苑店),广州,荔湾区,西湾和苑二街柴宝里一层自编101号,,,23.153881,113.240312
,肯德基(南油店),广州,海珠区,江南大道中168号海洋石油大厦1楼(近江南西地铁站),,,23.09614,113.273433
,肯德基(金沙店),广州,海珠区,工业大道北88号家乐福1层,,,23.090536,113.257768
,肯德基(华庭路店),广州,天河区,华庭路4号101房自编01号,,,23.144989,113.329387
,肯德基(工业大道店),广州,海珠区,工业大道南821号金碧都市广场首层(金碧一街),,,23.067725,113.287425
,肯德基(滨江东店),广州,海珠区,滨江东路3139号首层自编01A号铺及3341号二楼自编202,,,23.103703,113.292971
,肯德基(合生广场店),广州,海珠区,广州大道南249号合生广场南区F1层,,,23.084835,113.313129
,肯德基(聚龙店),广州,白云区,石槎路35号聚荟坊1层L123,,,23.182334,113.23861
,肯德基(上东中心店),广州,白云区,西槎路129号(鹅掌坦地铁站C口步行120米),,,23.158266,113.234698
,肯德基(邦华店),广州,荔湾区,龙溪中路92号116-117房首层二层,,,23.076528,113.212969
,肯德基(羊城秀店),广州,海珠区,新港西路169号N008铺,,,23.095325,113.306425
,肯德基(洛溪店),广州,番禺区,洛浦街洛溪新城吉祥北道155号一二层,,,23.043003,113.299142
,肯德基(合一店),广州,白云区,合一潮流城1F01/02号位,,,23.192364,113.328226
,肯德基(上社店),广州,天河区,中山大道上社牌坊内博兴广场二楼,,,23.132518,113.367522
,肯德基(百福店),广州,天河区,体育东路112号百福广场F1层(体育中心地铁站B口旁),,,23.135406,113.328678
,肯德基(新百信店),广州,白云区,机场路1309号负一层至三层百信广场二层DL2052号(东区10号门),,,23.194655,113.260876
,肯德基(赤岗北店),广州,海珠区,赤岗北路118号四季天地南座F1层,,,23.10056,113.32765
,肯德基(燕岭店),广州,天河区,燕岭路95号新燕大厦首层(燕塘地铁站C口步行210米),,,23.16115,113.328942
,肯德基(萧岗店),广州,白云区,新市墟新市南街45号新天地广场A座首层肯德基餐厅区旧长房旧商铺座一层,,,23.191098,113.265398
,肯德基(沙汕DT店),广州,天河区,元岗路310号智慧园19号1-3层,,,23.17365,113.341031
,肯德基(金聚店),广州,海珠区,赤岗路金聚街1-19号六福华庭首层,,,23.086628,113.327251
,肯德基(广州塔广场),广州,海珠区,广州塔路8号广州塔广场地下二层(实际为地下一层)B142号商铺,,,23.103242,113.324781
,肯德基(江燕路店),广州,海珠区,江燕路108号燕汇广场一二楼(江泰路地铁站H2口旁),,,23.082224,113.277957
,肯德基(上渡路店),广州,海珠区,上渡路66号金豪嘉苑首层肯德基餐厅,,,23.10109,113.307902
,肯德基(仰忠汇店),广州,越秀区,北京路205号粤海仰忠汇二层B201,,,23.119148,113.270348
,肯德基(太和金铂店),广州,白云区,广州大道北同和大街自编3号首层B101-102商铺,,,23.196707,113.325836
,肯德基(增槎路店),广州,白云区,增槎路1068号龙骏广场一层,,,23.177434,113.22662
,肯德基(越秀城市广场店),广州,越秀区,东风中路439号102房自编号05单元和103房02单元,,,23.131608,113.272087
,肯德基(花湾天地店),广州,荔湾区,芳村大道南以西鹤洞路以南花湾天地项目自编L102号铺一层,,,23.06922,113.239775
,肯德基(佳润店),广州,白云区,广州大道北1419号佳润广场首层,,,23.181424,113.32087
,肯德基(中林大厦店),广州,天河区,建业路28号,,,23.125325,113.371375
,肯德基(华穗路店),广州,天河区,珠江新城华穗路263号双城国际大厦,,,23.11995,113.318156
,肯德基(亭岗店),广州,白云区,石沙路石井工业区一横街1号108房,,,23.223372,113.219087
,肯德基(万客隆店),广州,白云区,三元里地铁站C1出口卜蜂莲花首层,,,23.160943,113.256841
,肯德基(庆丰店),广州,白云区,石井街庆丰村财智广场,,,23.21234,113.226252
,肯德基(新五羊店),广州,越秀区,万国元宝酒店一层华为门店门口,,,23.12015,113.312075
,肯德基(同德商业广场KFC),广州,白云区,西槎路324号101铺之08号,,,23.16325,113.235476
,肯德基(鹅潭汇店),广州,荔湾区,芳村大道西372号一层F1006号,,,23.116189,113.207943
,肯德基(荔湾印象店),广州,荔湾区,荔湾路94号A座首层自编,,,23.129601,113.244485
,肯德基(华糖KFC),广州,白云区,松南路华糖街20号1层102铺,,,23.153735,113.220343
,肯德基(光明广场店),广州,越秀区,西湖路以南龙藏街以东光明广场首层2层,,,23.122871,113.267352
,肯德基(广州中信广场-店),广州,天河区,天河北路233号首层R03-04房号,,,23.142878,113.325589
,肯德基(海珠新都荟店),广州,海珠区,东晓南路1290号101房(自编2A10铺),,,23.071935,113.292677
,肯德基(粤垦店),广州,天河区,粤垦路523号首层102铺,,,23.155552,113.331121
,肯德基(梅花园店),广州,白云区,广州大道北28号一层1008号,,,23.178328,113.320942
,肯德基(汇侨路店),广州,白云区,东一街2号101档201档,,,23.200378,113.258585
,肯德基(沙太路KFC),广州,天河区,沙太南路163号A区一栋首层103铺二层203铺,,,23.171025,113.327875
,肯德基(荔湾星河店),广州,荔湾区,东沙大道16号健康港星河coco park商场L1-020号北塔外东北侧,,,23.059783,113.261118
,肯德基(永泰站店),广州,白云区,永泰生活广场首层(地铁A出口)(永泰地铁站A口旁),,,23.219687,113.305886
,肯德基(海珠万达店),广州,海珠区,逸景路236号万达广场2001铺,,,23.083475,113.314375
,肯德基(同创汇店)(暂停营业),广州,海珠区,新滘中路86号(大塘地铁站B口步行420米),,,23.077446,113.31811
,肯德基(潭村店),广州,天河区,富力盈盛广场A座首层(潭村地铁站D口步行340米),,,23.119327,113.343583
,肯德基(广州江夏店),广州,白云区,黄石街江夏村北二路一巷江夏新天地广场首层,,,23.210972,113.281843
,肯德基(石井店),广州,白云区,石井街张村石井桥东北侧住宅综合楼首层,,,23.206775,113.240828
,肯德基(永泰DT店),广州,白云区,白云大道北1357号肯德基,,,23.227378,113.301752
,肯德基(汉兴店),广州,番禺区,汉溪长隆保利大都汇地块二1栋1号101商铺汉兴肯德基,,,22.994952,113.334319
,肯德基,广州,白云区,白云大道北与丛云路交叉口东北260米,,,23.204425,113.290275
,肯德基(新署前店),广州,越秀区,署前路3号20号铺首层新署前肯德基店,,,23.122464,113.294914
,肯德基(雅居乐花园KFC),广州,番禺区,兴南大道观景路192号首层106号商铺,,,23.010978,113.361249
,肯德基(嘉福店),广州,越秀区,环市东路418号首层自编103号单元,,,23.134408,113.294434
,肯德基(兆丰路店),广州,白云区,肯德基兆丰路门口,,,23.20617,113.229184
,肯德基(中洲中心店),广州,海珠区,新港东路1066号一层A2商铺自编1-D011-D021D-03号,,,23.097657,113.369175
,肯德基(时代方洲),广州,海珠区,华洲路26号1栋1层105铺2层202-203室,,,23.077971,113.346396
,肯德基(棠溪大厦店),广州,白云区,棠景街棠溪三元里大道1233号自编101房,,,23.180247,113.250814
,肯德基(东峻店),广州,越秀区,东风东路836号地下30号铺自编B铺,,,23.131721,113.306331
,肯德基(康王路KFC),广州,荔湾区,康王中路484号汇龙广场二楼201房,,,23.120975,113.247325
,肯德基(大源商业广场店),广州,白云区,大源南路108号,,,23.245404,113.348852
,肯德基(东方国际广场店),广州,天河区,黄埔大道中299号东方国际广场西一街肯德基侧门,,,23.12023,113.376673
,肯德基(龙洞店),广州,天河区,龙洞迎龙路6号龙洞购物中心1F层,,,23.193394,113.366363
,肯德基(大冈村KFC),广州,白云区,白云湖街大冈街2号首层1F-A0031F-A005号,,,23.209806,113.241283
,肯德基(平沙DT店),广州,白云区,平沙DT肯德基,,,23.248684,113.254695
,肯德基(中山大道店),广州,天河区,中山大道87号利丰天地首层2号12号铺,,,23.125028,113.396796
,肯德基(广州圣地新天地-店),广州,荔湾区,南岸路45号圣地新天地首层A053号,,,23.133182,113.229422
,肯德基(白云宾馆店),广州,越秀区,环市东路367号1层(地铁淘金站B出口),,,23.136936,113.286161
,肯德基(钟村店),广州,番禺区,钟灵北路2号旁天汇百货商场1-2层,,,22.978438,113.315765
,肯德基(荔湾湖KFC),广州,荔湾区,龙津西路,,,23.121873,113.236669
,肯德基(东湖KFC),广州,越秀区,大沙头三马路36号B112-B113房-B113B-B013-B013B-B015-B016-B017-B018房,,,23.117162,113.286189
,肯德基(鹤洞KFC),广州,荔湾区,鹤园中一巷1号101-103铺,,,23.073619,113.241008
,肯德基(奥体店),广州,天河区,奥体南路12号高德美居购物中心F-101之F135房,,,23.12989,113.414357
,肯德基(富力桃园KFC),广州,白云区,富园路16号201号铺之66号,,,23.147535,113.233119
,肯德基(大石店),广州,番禺区,大石镇大涌路56号天和百货首层,,,23.021699,113.314168
,肯德基(新新世界餐厅),广州,天河区,中山大道西160号首层自编1F30号,,,23.1338,113.359406
,肯德基(科学大道店),广州,黄埔区,科学大道193-195号GetMall云汇天地G层,,,23.167462,113.452726
,肯德基(三元里大道店),广州,白云区,三元里大道268号102房1L-10号,,,23.159497,113.257986
,肯德基(罗马家园店),广州,海珠区,盛典东路2号103铺,,,23.060608,113.321214
,肯德基(车陂店),广州,天河区,车陂路6号(地铁车陂南C出口对面),,,23.116528,113.390718
,肯德基(蓝天里KFC),广州,海珠区,江南大道中250-270号首层自编102号铺,,,23.092541,113.275834
,肯德基(GoGo新天地店),广州,番禺区,小谷围街中二横路1号高高新天地商业广场B栋一层107-108号铺,,,23.063333,113.391618
,肯德基(绿地中央广场店),广州,黄埔区,科学大道46号(神舟路地铁站A口)广州黄埔大悦汇F1层,,,23.164815,113.429751
,肯德基(大剧院店),广州,天河区,珠江新城珠江西路1号广州大剧院,,,23.1157,113.323206
,肯德基(佳兆业广场店),广州,天河区,体育西路191号中石化大厦柏西商都项目地下一层B04房,,,23.140443,113.321118
,肯德基(金菊路店),广州,海珠区,金菊路10号101房自编04单元,,,23.100809,113.312752
,肯德基(大罗塘店),广州,番禺区,沙头街银平路1号三和广场,,,22.95937,113.353958
,肯德基(东站店),广州,天河区,东站路1号首层(广州东站地铁站G口旁),,,23.149614,113.325111
,肯德基(二沙岛店),广州,越秀区,文立方广场西北门(二沙岛地铁站A口步行250米),,,23.108426,113.301981
,肯德基(大石万民店),广州,番禺区,大石镇礼村105国道大石段561号地上一层1006铺位,,,23.013317,113.313506
,肯德基(金域蓝湾DT店),广州,白云区,金沙洲路金域蓝湾首层(横沙地铁站A口步行430米),,,23.155951,113.209091
,肯德基(会展A区店),广州,海珠区,阅江中路382号架空层(自编A区)8-1.8经营点肯德基,,,23.102567,113.360086
,肯德基(天健汇店),广州,天河区,健民四路8号天健汇广场路口,,,23.138237,113.39537
,肯德基(黄埔店),广州,黄埔区,大沙东路5-7号首层大沙地地铁C出口,,,23.104444,113.447588
,肯德基(开创大道店),广州,黄埔区,开创大道店3327东方汇店,,,23.186416,113.445422
,肯德基(中八泊寓KFC),广州,荔湾区,中山八路62号首层,,,23.126981,113.23455
,肯德基(花城湾店)(暂停营业),广州,天河区,珠江新城花城大道86号(猎德地铁站A口旁),,,23.118295,113.332217
,肯德基(石牌店),广州,天河区,石牌东路31号石牌东商业大厦首层自编2号铺,,,23.1347,113.34302
,肯德基(环球都会广场店),广州,天河区,花城大道68号环球都会首层,,,23.117739,113.327217
,肯德基(芳和店),广州,荔湾区,东漖南路123号首层自编A18铺,,,23.077619,113.229555
,肯德基(南洲沃尔玛店),广州,海珠区,好信街8号首层,,,23.070439,113.301935
,肯德基(棠德南店),广州,天河区,棠德南路44-52号乐天棠德广场E座107-,,,23.132105,113.382368
,肯德基(好又多店),广州,天河区,中山大道188号沃尔玛1层,,,23.125223,113.378981
,肯德基(嘉禾金铂店),广州,白云区,中国鹤龙二路85号首层136-137铺二层229铺,,,23.240103,113.282237
,肯德基(太和店),广州,白云区,太和镇太和广场联升路自编1号首二层,,,23.294325,113.355075
,肯德基(岑村店),广州,天河区,长兴街道岑村沙埔大街38号自编1001,,,23.159177,113.381491
,肯德基(白云万达广场店),广州,白云区,云城东路501号广州白云万达广场2F层208-209,,,23.171976,113.266109
,肯德基(百花路店),广州,荔湾区,百花路8号花地人家商业区首层,,,23.095701,113.230056
,肯德基(金沙洲永旺-店),广州,白云区,沙凤三路1号之一之二永旺梦乐城广州金沙一层126号商铺,,,23.150123,113.194823
,肯德基(中医药大学K-COFFEE店),广州,番禺区,蒲影路与榕阴路交叉口南160米,,,23.058911,113.406506
,肯德基(天河万科广场店),广州,天河区,新塘街道高塘社区华观路1932号万科广场F1,,,23.166973,113.404627
,肯德基(龙归店),广州,白云区,龙归街鹤龙四路99号105铺204铺,,,23.287842,113.300821
,肯德基(金域曦府店),广州,荔湾区,浣花路万汇天地金域曦府项目首层57号商铺,,,23.082114,113.236847
,肯德基(上漖DT店),广州,番禺区,上漖村迎宾路(厦滘地铁站B口步行310米),,,23.036346,113.319193
,肯德基(广纸路KFC),广州,海珠区,广纸路23号首层101号铺,,,23.074461,113.269433
,肯德基(坦尾KFC),广州,荔湾区,坦尾路150号101层,,,23.123165,113.218692
,肯德基(雄峰城店),广州,番禺区,钟村街宏简路7号,,,22.971316,113.304162
,肯德基(柯木塱店),广州,天河区,柯木塱南路1号,,,23.191348,113.40356
,肯德基(河村KFC),广州,番禺区,大石街南大路309号103-1首层,,,23.012275,113.33655
,肯德基(立白中心KFC),广州,荔湾区,长堤街111号首层106房,,,23.102158,113.238739
,肯德基(开源大道店),广州,黄埔区,开源大道11号D1栋首层103-1号,,,23.152197,113.497219
,肯德基(江高店),广州,白云区,江高镇东胜街18号首层二层肯德基餐厅,,,23.274643,113.233249
,肯德基(华润天合店),广州,天河区,悦景路50号晨光文具店旁边,,,23.142404,113.430867
,肯德基(石槎路店)(暂停营业),广州,白云区,石槎路873号居然之家楼下一层商铺,,,23.191352,113.240476
,肯德基(长福路店),广州,天河区,沙河镇长福路201号首层A7 A8号铺,,,23.165827,113.346103
,肯德基(剑桥郡店),广州,番禺区,剑桥郡瀚澜一街30号(板桥地铁站D口步行440米),,,23.020442,113.38539
,肯德基(大学城广工店),广州,番禺区,广工东一食堂,,,23.0436,113.395484
,肯德基(市儿童公园餐厅),广州,白云区,齐心路61号广州市儿童公园儿童服务区西区首层01号铺,,,23.182425,113.270875
,肯德基(光明北店),广州,番禺区,市桥街富华西路2号(市桥地铁站C口步行90米),,,22.94804,113.362111
,肯德基(福德路店),广州,番禺区,桥南街道福德路281号首层133号商铺,,,22.924217,113.356782
,肯德基(幸福里店),广州,黄埔区,祖德街20号22号(文冲地铁站A口步行340米),,,23.103232,113.465389
,肯德基(丰兴KFC),广州,天河区,天河路240号103铺,,,23.132714,113.333046
,肯德基(夏茅金铂店),广州,白云区,[],,,23.216886,113.253064
,肯德基(新龙口东KFC),广州,天河区,天河北路603-605号华标广场裙楼首层自编商业1号铺,,,23.141539,113.33975
,肯德基(新华店),广州,花都区,新华街建设路19号,,,23.375498,113.209611
,肯德基(铭丰广场店),广州,海珠区,芳园路66号101铺(磨碟沙地铁站H口步行230米),,,23.103372,113.34416
,肯德基(人和店),广州,白云区,人和镇鹤龙六路28号人人佳购物广场1层,,,23.332274,113.298787
,肯德基(南村店),广州,番禺区,南村综合市场一楼西北角,,,23.007023,113.389498
,肯德基(聚德汇餐厅),广州,海珠区,聚德中路25-27号(单号)首层自编A01铺,,,23.083525,113.326675
,肯德基(江海大道餐厅),广州,海珠区,石榴岗路14号1栋之一102室101铺,,,23.089164,113.333075
,肯德基(奥园广场店),广州,黄埔区,开创大道1934号萝岗奥园广场首层L105号商铺,,,23.173695,113.497653
,肯德基(天安店),广州,番禺区,迎宾路730号天安科技发展大厦F1层,,,22.979103,113.369237
,肯德基(环球梦KFC),广州,海珠区,芳园路283号环球梦大厦204房肯德基,,,23.103898,113.348597
,肯德基(东塱KFC),广州,荔湾区,芳村大道南路46号首层,,,23.063843,113.254765
,肯德基(六运汇餐厅),广州,天河区,体育西横街181号自编106,,,23.128652,113.326705
,肯德基(大北路KFC),广州,番禺区,大北路95号首层101铺,,,22.940815,113.365992
,肯德基(白云新世界店),广州,白云区,百顺南路19号岭南新世界五区1栋L1层4至5号房屋,,,23.235643,113.29414
,肯德基(流花数贸餐厅),广州,越秀区,站前路166号广州流花服饰数贸中心一楼DTC101DTC104号铺,,,23.145406,113.254787
,肯德基(桥南汇KFC),广州,番禺区,南华路181号1号楼1层101房,,,22.924675,113.361589
,肯德基(沙河羊城店KFC),广州,天河区,先烈东路318号前座104房202房302房,,,23.151526,113.312391
,肯德基(大学城华师店)(暂停营业),广州,番禺区,广州大学城外环西路378号的楠园食堂一楼自编1号,,,23.050765,113.383415
,肯德基(新机场路餐厅),广州,白云区,解放北路1394号广州白云世界皮具贸易中心二期一楼1C001商铺,,,23.152867,113.263312
,肯德基(盛业广场),广州,番禺区,金龙路1号之6号,,,22.95293,113.431473
,肯德基(捷进店),广州,番禺区,番禺桥西环路364号捷进广场首层,,,22.947745,113.351896
,肯德基(番禺永旺店),广州,番禺区,亚运大道1号永旺梦乐城B1层0010,,,22.937067,113.388184
,肯德基(基盛万科店),广州,番禺区,基盛万科里A区基盛万科大厦首层肯德基,,,22.931936,113.385474
,肯德基(南越王博物馆KFC),广州,越秀区,解放北路899号首层102铺,,,23.140276,113.267063
,肯德基(御金沙KFC),广州,白云区,浔洲街71号101房(自编101房之一)201房自编201房之四,,,23.163875,113.203125
,肯德基(华景路餐厅),广州,天河区,华景北路183号首层商铺,,,23.141902,113.361806
,肯德基(人和站店),广州,白云区,人和镇鹤龙六路193号(人和地铁站C1出口),,,23.335542,113.295313
,肯德基(国防大厦KFC),广州,天河区,黄埔大道西503号国防大厦西裙楼首层自编101铺,,,23.126607,113.343736
,肯德基(粤胜广场KFC),广州,白云区,白云站东广场A2进站口外粤胜广场肯德基,,,23.192566,113.24766
,肯德基(云山大道店),广州,花都区,新华街云山大道29号1-2层,,,23.382609,113.209731
,肯德基(竹料店),广州,白云区,竹料镇路新胜南街14号肯德基,,,23.366218,113.35505
,肯德基(永业大厦店),广州,番禺区,亚运大道550号永业大厦B1层,,,22.935881,113.410218
,肯德基(夏园KFC),广州,黄埔区,黄埔东路2706号101铺,,,23.081906,113.516053
,肯德基(东璟花园店),广州,天河区,员村二横路1号之六103商铺104商铺,,,23.12237,113.362086
,肯德基(万科尚城店),广州,黄埔区,黄埔东路与丹水坑路交叉口西北侧融悦汇1层L120-121号商铺,,,23.091597,113.532831
,肯德基(石楼店),广州,番禺区,市莲路石楼路段108号家德福广场一层,,,22.966075,113.484375
,肯德基(同泰路店),广州,白云区,同泰路87号金骊城广场F1层,,,23.221566,113.303918
,肯德基(龙美KFC),广州,番禺区,东环街龙美村番禺大道北779之一号铺,,,22.971467,113.368716
,肯德基(汇南广场KFC),广州,番禺区,洛浦街东乡村南桂路11号汇南广场东区首层自编A122A123号铺二层A231A232号铺,,,23.031651,113.292811
,肯德基(丽江店),广州,番禺区,洛浦路94号丽江花园醉心湖会所K区自编G15号商铺,,,23.033018,113.301687
,肯德基(东圃站店),广州,天河区,东圃地铁站B出口,,,23.110145,113.40148
,肯德基(渔沙坦店),广州,天河区,渔西路148号肯德基渔沙坦店,,,23.213637,113.377172
,肯德基(三元里中心餐厅),广州,白云区,机场路33号三元里万科里一层134-137号,,,23.15894,113.262839
,肯德基(逸富DT店),广州,增城区,广深公路旁逸富广场首层,,,23.109041,113.550877
,肯德基(如意天街KFC),广州,番禺区,洛浦街洛溪新城如意中心2号之三部分-之四部分-之五部分,,,23.040689,113.30394
,肯德基(世博汇店),广州,番禺区,韦海路220号万科会博商业中心F1层,,,22.985545,113.279164
,肯德基(诺德天街店),广州,番禺区,南村镇万博四路65号,,,23.009834,113.351745
,肯德基(仑头路店),广州,海珠区,仑头路74号T28新麓里(北区),,,23.0807,113.369966
,肯德基(小鹏总部店),广州,天河区,长兴街岑村丰庄大街10号小鹏科技园T2栋负一层,,,23.154687,113.385561
,肯德基(建设北路店),广州,花都区,建设北路72号万民广场(花都店)1F,,,23.386535,113.204313
,肯德基(番禺富丽店),广州,番禺区,105国道大石段257-259号朝阳东路富丽城广场1楼,,,23.026232,113.311042
,肯德基(白云湖金铂KFC),广州,白云区,机场路2829号金铂天地二层222号铺,,,23.226203,113.260585
,肯德基(白云印象KFC),广州,白云区,丛云路815号白云印象直播文化产业园自编1号楼,,,23.214883,113.298346
,肯德基(黄埔军校店),广州,黄埔区,军校路169号之三自编,,,23.084934,113.427377
,肯德基(长兴优托邦KFC),广州,天河区,长兴路13号B-123铺,,,23.169774,113.347111
,肯德基(茶园路店),广州,花都区,茶园路30号首层自编103号铺,,,23.400028,113.212474
,肯德基(北亭广场店),广州,番禺区,小谷围街外环西路318号首层1-116室,,,23.053237,113.372778
,肯德基(新东圃店),广州,天河区,中山大道中433号锦达信广场110铺,,,23.122461,113.404032
,肯德基(亚运城购物中心店),广州,番禺区,石楼镇亚运城购物中心一层(海傍地铁口附近),,,22.941418,113.476151
,肯德基(中悦广场店),广州,海珠区,暄悦东街23号保利中悦广场F1层,,,23.10337,113.383121
,肯德基(公园上城店)(暂停营业),广州,增城区,广深大道西辅路与新塘立交交叉口西南100米,,,23.119282,113.5667
,肯德基(汇美大厦店),广州,天河区,金穗路3号102房A房,,,23.124433,113.317056
,肯德基(万博二路店),广州,番禺区,南村镇万博二路80号奥园国际中心9栋,,,23.007737,113.347137
,肯德基(长湴店),广州,白云区,路长红村长湴街185号首层A14A26A27号铺,,,23.258621,113.296939
,肯德基(学府路店),广州,花都区,秀全街学府路13号之一首层,,,23.425224,113.178261
,肯德基(钟港大厦店),广州,白云区,广从五路491号,,,23.357995,113.373364
,肯德基(珠江嘉园店),广州,黄埔区,黄埔区开发区新安路45号112-113房商铺,,,23.19638,113.559022
,肯德基(粤宝店),广州,白云区,永嘉路499号粤宝大厦首层L105-106,,,23.247175,113.309875
,肯德基(互联网创新中心DT店),广州,白云区,广州民营科技园科泰一路2号产业互联网创新中心4栋1层110-1室,,,23.295369,113.318199
,肯德基(番禺万达店),广州,番禺区,汉溪大道386号广州番禺万达广场2F层2037,,,23.007193,113.35037
,肯德基(西丽路店),广州,番禺区,市桥街西丽南路93号西丽广场F1层,,,22.936988,113.354153
,肯德基(盈通餐厅),广州,天河区,华夏路30号109房,,,23.126081,113.32169
,肯德基(花都龙珠店),广州,花都区,新华街龙珠路大润发首层,,,23.39574,113.232435
,肯德基(莲塘DT店),广州,花都区,莲塘村迎宾大道与商业大道交汇处一层,,,23.392884,113.244756
,肯德基(石基城市广场餐厅店),广州,番禺区,莲塘路2号石基城市广场1层(近文化广场),,,22.955467,113.441239
,肯德基(华师科技街餐厅),广州,天河区,中山大道西55号华南师范大学广州校区石牌校园华师科技大楼一楼自编140-142号,,,23.141507,113.346127
,肯德基(九鸿广场店),广州,番禺区,市莲路41号一层自编A8铺,,,22.940418,113.397977
,肯德基(美兴大厦KFC),广州,白云区,嘉禾街望岗德兴路101号,,,23.232724,113.285433
,肯德基(亚运商业街店),广州,番禺区,国际商业街C区(运动员村对面),,,22.94499,113.485827
,肯德基(美林广场店),广州,天河区,黄埔大道东663号美林M·LIVE天地-东座F1层,,,23.105079,113.414641
,肯德基(东郊店),广州,天河区,车陂路399号易初莲花首层超市停车场入口转弯处,,,23.123569,113.391277
,肯德基(广州花厅坊店),广州,黄埔区,联秀街6号L2-L3层3号,,,23.1494,113.50151
,肯德基(三楼B区B25检票口上方),广州,番禺区,广州南车站编号广州南3F15的商铺,,,22.988742,113.26985
,肯德基(石岗),广州,花都区,天贵北路石岗新村团结苑一区15号,,,23.417928,113.224775
,肯德基(大沙东店),广州,黄埔区,石化路123.125.127.129号文冲商贸大厦,,,23.10408,113.46882
,肯德基(银利城餐厅),广州,天河区,沙太路银利街93号101-102铺,,,23.16744,113.322621
,肯德基(铂世湾店),广州,番禺区,兴进路88号珠江铂世湾10栋首层103-104-105铺,,,23.024225,113.364675
,肯德基(阿里中心店)(暂停营业),广州,海珠区,鼎新路87号501室,,,23.105223,113.347749
,肯德基(番禺大润发店),广州,番禺区,桥南路111-113号,,,22.924798,113.36862
,肯德基(登云KFC),广州,番禺区,南村镇登云大路2号之三101房102房首层,,,23.012367,113.343232
,肯德基(嘉鸿花园餐厅),广州,海珠区,工业大道997号嘉鸿花园,,,23.065781,113.291759
,肯德基(空港大道店),广州,花都区,空港大道10号之一1栋首层102号铺,,,23.427672,113.312679
,肯德基(知识城悠方店),广州,黄埔区,九龙大道与开放一路交叉口东160米(旺村地铁站B口旁),,,23.323417,113.552496
,肯德基(永利路店),广州,花都区,永利路13号永利商业广场A栋首层A105号铺,,,23.361488,113.247381
,肯德基(兰亭盛荟店),广州,天河区,S81广州环城高速入口与S81广州环城高速辅路交叉口东80米,,,23.111744,113.406031
,肯德基(玉树KFC),广州,黄埔区,富康西街10号118铺,,,23.156465,113.434257
,肯德基(鱼珠港店),广州,黄埔区,保利鱼珠港北区(三溪地铁站A2口步行370米),,,23.101991,113.419082
,肯德基(新造KFC),广州,番禺区,新造镇智港北街12号负一层76室之一,,,23.029978,113.41301
,肯德基(大壮名城店),广州,黄埔区,科丰路33号大壮名城花园名城三街1号一节自编104商铺,,,23.163525,113.461075
,肯德基(广深大道店),广州,增城区,新塘广深大道西499号之一107-108-109-110铺,,,23.120652,113.574511
,肯德基(黄边保利店),广州,白云区,黄边北路150号设计之都时光汇首层1032-1033号,,,23.222033,113.2845
,肯德基(从城大道店),广州,从化区,江埔街从城大道111号之26-29号,,,23.532163,113.590711
,肯德基(海乐荟加盟店),广州,番禺区,沙头街禺山西路228号9座1栋101,,,22.939572,113.341455
,肯德基(平康路店),广州,番禺区,市桥街道平康路2号首层105号,,,22.938709,113.370944
,肯德基(常春藤店),广州,黄埔区,永和大道路99号常春藤120-121铺,,,23.210947,113.558627
,肯德基(鸿禧店),广州,番禺区,鸿禧华庭首层番禺市桥光明北路271-273-275-277号,,,22.952005,113.361699
,肯德基(乔安楼店),广州,从化区,街口建设路220号首层1号自编5号铺,,,23.540656,113.589956
,肯德基(沙湾店),广州,番禺区,沙湾镇沙湾大道华鸿苑1座A01号首层,,,22.904617,113.346746
,肯德基(琶洲科技园KFC),广州,海珠区,新港东路2431号之一首层,,,23.094744,113.397835
,肯德基(亿达方圆荟),广州,白云区,广花三路399号142铺143铺,,,23.297525,113.237875
,肯德基(珠江·铂世湾云悦店),广州,番禺区,珠江·铂世湾云悦,,,23.024275,113.364617
,肯德基(沙埔店),广州,增城区,沙浦巷口村沙埔大道62号01铺,,,23.158795,113.659816
,肯德基(金诺DT店),广州,白云区,九佛西路623号自编4号物业首层101-103号,,,23.408537,113.484825
,肯德基(怡港花园店),广州,黄埔区,黄埔东路208号之十三,,,23.101072,113.453799
,肯德基(清河东店),广州,番禺区,城区大道283号金港湾购物广场首层,,,22.93714,113.406504
,肯德基(工业大道二店KFC车速取餐厅),广州,海珠区,工业大道中373号之二,,,23.073063,113.274853
,肯德基(院士港KFC),广州,黄埔区,长洲街道金洲大道以南四号涌两侧隆平院士港二期4号楼1层101室,,,23.076326,113.430149
,肯德基(保利天汇店),广州,天河区,棠馨北二街1号110铺111铺112铺116铺117铺118铺,,,23.154229,113.412906
,肯德基(世嘉乐园店),广州,增城区,新塘镇新新六路215号均明欢乐世界首层肯德基B1198-1203,,,23.189366,113.592778
,肯德基(北兴DT店),广州,花都区,北兴镇花都大道南17号,,,23.42531,113.419559
,肯德基(宏明店),广州,黄埔区,宏明路东区时代城A33铺首层,,,23.112182,113.543052
,肯德基(金隆路店),广州,南沙区,金隆路2号银锋广场国贸中心1层,,,22.794747,113.545234
,肯德基(凯升健康城餐厅),广州,荔湾区,花地大道南路146号101房101室102室132室,,,23.060943,113.228677
,肯德基(星河湾中心店),广州,海珠区,琶洲大道与华轩南街交叉口星河湾中心,,,23.100769,113.347076
,肯德基(仙村KFC),广州,增城区,仙村大道233号首层自编101铺,,,23.188775,113.715692
,肯德基(大涌星河店),广州,南沙区,南沙街工业五路与大涌东路交汇处星河智荟L1楼L1-002A号,,,22.760778,113.557451
,肯德基(羊城创意园外卖点),广州,天河区,黄埔大道中315号5栋101铺场地,,,23.118073,113.380427
,肯德基(新世纪店),广州,从化区,街口新城东路66号林苑大厦首二层,,,23.547715,113.587942
,肯德基(巨象KFC)(暂停营业),广州,番禺区,新置路136号巨象广场首层自编105号铺,,,23.016201,113.328362
,肯德基(东圃四季店),广州,天河区,东圃大马路4号四季时尚荟B区2楼,,,23.119305,113.40209
,肯德基(软件路KFC),广州,天河区,软件路11号101房物业,,,23.171025,113.412325
,肯德基(科汇金谷外卖点KFC),广州,黄埔区,开发区神舟路科学大道中99号科汇金谷自编科汇金谷中轴线01号场地,,,23.166769,113.436206
,肯德基(广州互联网产业园外卖点KFC),广州,天河区,天慧路3号101房大堂,,,23.176477,113.416994
,肯德基(华师沁园店)(暂停营业),广州,天河区,中山大道西55号华南师范大学石牌校区沁园食堂门口紫荆中路,,,23.139327,113.353786
,肯德基(南站精选二店餐厅),广州,番禺区,石壁街道石兴大道南f3.5层广州南站,,,22.987582,113.268638
,肯德基(时代云来店)(暂停营业),广州,白云区,时代云来一区西门东290米,,,23.318057,113.285777
,肯德基(炭步宜多店),广州,花都区,南街路炭步综合市场主楼01号,,,23.332568,113.106725
,肯德基(贵广外卖点KFC),广州,番禺区,石壁街南站南路133号自编号广州南2F44铺位,,,22.981269,113.266313
,肯德基(太和金铂KFC),广州,白云区,太和镇太营路39号金铂天地一层180铺,,,23.294049,113.351914
,肯德基(未来社区外卖点KFC),广州,天河区,建中路5658号1楼C01单元,,,23.123825,113.370925
,肯德基(广州理工学院白云校区),广州,白云区,兴太三路638号,,,23.259949,113.454879
,肯德基(南沙悦方城店),广州,南沙区,黄阁镇庐前山南路与黄阁大道交汇处悦方城自编1031铺,,,22.814867,113.502283
,肯德基(合汇中央店),广州,增城区,府佑路92号,,,23.283325,113.818975
,肯德基(花都百业广场店),广州,花都区,新华镇公益路百业广场首层,,,23.400268,113.217246
,肯德基(祈福名望店),广州,番禺区,钟村街迎福路5658号祈福名望街35 7号首层,,,22.970239,113.336165
,肯德基(莲花山店),广州,番禺区,莲花西路2号A002、A003、A004首层,,,22.976681,113.502141
,肯德基(知识城南邻里中心店),广州,黄埔区,中新知识城九龙大道西侧ZSCN-B2-1-1地块知识城城南邻里首层,,,23.330207,113.543307
,肯德基(狮城国际店),广州,花都区,狮岭大道东8号之十一自编101铺肯德基,,,23.444074,113.188454
,肯德基(德兴路车速取餐厅),广州,白云区,鹤龙街道德兴路12号中喜大厦首层,,,23.22875,113.285772
,肯德基(尹边联兴路店),广州,白云区,百花岭北街六巷9号车停公路旁往巷子走30米,,,23.230758,113.272972
,肯德基(云升科技园店),广州,黄埔区,光谱中路11号4栋127房,,,23.160409,113.444689
,肯德基(增城荔城店),广州,增城区,挂绿路7号首层肯德基,,,23.289018,113.833119
,肯德基(天河金发外卖点KFC),广州,天河区,高普路38号102室194室,,,23.18516,113.410357
,肯德基(祈福名都店),广州,番禺区,钟村街道晋福路2号,,,22.963975,113.323218
,肯德基(美泰店),广州,花都区,龙珠路37号龙珠市场F1层,,,23.398157,113.230916
,肯德基(番山外卖点KFC),广州,番禺区,东环街番禺大道北537号番禺节能科技园内番山创业中心2号楼1区园区广场西南角场地,,,22.978228,113.362746
,肯德基(华润桐悦KFC),广州,花都区,联乡路3号桐悦花园商业楼105号106号205号206号,,,23.379016,113.243039
,肯德基(番禺华丰汇餐厅),广州,番禺区,清河东路203号1层01号商铺,,,22.937925,113.377175
,肯德基(东凌广场店),广州,增城区,汽车城大道71号,,,23.136399,113.594487
,肯德基(广州南岗万达广场店),广州,黄埔区,康富路16号广州南岗万达广场,,,23.099705,113.55015
,肯德基(钟落潭店),广州,白云区,钟升东路48号108铺,,,23.379475,113.404025
,肯德基(港科大店),广州,南沙区,香港科技大学广州2号门,,,22.885889,113.483673
,肯德基(增城荔新店),广州,增城区,新塘镇新塘国际贸易中心汇创国贸大厦3栋首二层肯德基,,,23.123324,113.614386
,肯德基(花山DT店),广州,花都区,热橙大街9号,,,23.44192,113.277458
,肯德基(赤草店),广州,从化区,翠影街24号(赤草地铁站A口步行260米),,,23.501426,113.557752
,肯德基(狮岭宝峰店),广州,花都区,狮岭镇宝峰路2号1-3层商场之首层2层,,,23.455523,113.172216
,肯德基(新塘梦乐城店),广州,增城区,新塘项目一层1064号商铺宁西街创新大道15号(自编号A1-1A1-2D1-1)永旺梦乐城广州,,,23.158318,113.625078
,肯德基(中新绿地缤纷城店),广州,黄埔区,九龙大道绿地缤纷城首层134铺,,,23.324607,113.548795
,肯德基(新塘万达店),广州,增城区,新塘镇永宁街新福路9号的万达广场内的1001号商铺,,,23.151782,113.618173
,肯德基(祈福万景峰店),广州,花都区,新街大道3号之一二七十六号商铺首层,,,23.368551,113.199679
,肯德基(富士康科技小镇店),广州,增城区,广汕公路富士康科技小镇西侧约130米,,,23.27765,113.672539
,肯德基(友利园KFC),广州,番禺区,光明南路199号友利创意园5号楼101号房,,,22.939698,113.361521
,肯德基(南沙悠方店),广州,南沙区,翠瑜街911号商业物业27&28栋1楼08铺,,,22.798414,113.519809
,肯德基(2025Park外卖点KFC),广州,花都区,凤凰南路56号之八101-1,,,23.372189,113.240803
,肯德基(朱村站店),广州,增城区,朱村大道中57(朱村地铁站A口步行60米),,,23.272059,113.701103
,肯德基(华汇广场店),广州,南沙区,进港大道华汇广场首层,,,22.799222,113.556323
,肯德基(番禺大岗店),广州,南沙区,大岗镇二湾社区兴业路50-5-6-7号,,,22.800275,113.405325
,肯德基(从化新光DT店),广州,从化区,广从南路546号新光百德广场,,,23.44852,113.491463
,肯德基(山水城店),广州,从化区,江埔街御景山水大道24号201房肯德基,,,23.587193,113.61895
,肯德基(星河COCO PARK-店),广州,南沙区,黄阁镇东湾村(地块四)南沙东湾COCO PARK1楼L1-041L1-042号铺,,,22.803921,113.531427
,肯德基(潭洲店),广州,南沙区,大岗镇潭州欣荣路潭洲市场3号铺,,,22.784005,113.389141
,肯德基(融创主题乐园店),广州,花都区,花城街凤凰北路78号广州融创乐园部位之一2009号商铺,,,23.429593,113.243341
,肯德基(开创大道二餐厅),广州,黄埔区,开创大道2213号103之一铺(大塱罗北花园),,,23.174128,113.489264
,肯德基(仑头二店KFC),广州,海珠区,官洲街道梦享社区青年公寓,,,23.075599,113.377889
,肯德基(同乐广场店),广州,白云区,广新路103号同乐广场A01铺,,,23.378284,113.446091
,肯德基(祈福缤纷世界店),广州,番禺区,祈福名家一街49号101房,,,22.970509,113.332178
,肯德基(今洲广场店),广州,南沙区,进港大道与金沙路交汇处今洲广场1层,,,22.800874,113.54582
,肯德基(港口大道店),广州,增城区,新塘镇港口大道北金海岸城市广场,,,23.127459,113.60301
,肯德基(开发大道KFC),广州,黄埔区,东园五街1号首层自编6号铺,,,23.063815,113.526109
,肯德基(马溪KFC),广州,花都区,秀全街马溪村花港大道30号之7-8,,,23.356365,113.147873
,肯德基(方圆水恋店),广州,南沙区,市南大道与鸡谷山路交叉口南100米,,,22.835582,113.509051
,肯德基(宝能演艺中心外卖点KFC),广州,黄埔区,开创大道2666号一层附楼B门13号铺,,,23.17702,113.483602
,肯德基(从化南方学院店),广州,从化区,温泉镇广州南方学院博学路6号一楼自编1号,,,23.631594,113.676031
,肯德基(新增城万达餐厅),广州,增城区,荔城街增城大道69号1幢二层2008,,,23.276296,113.814655
,肯德基(东江首府店),广州,增城区,新塘镇新保大道175-177号,,,23.11138,113.628071
,肯德基(锦绣广场店),广州,增城区,荔城街府佑路108号一层,,,23.28629,113.811511
,肯德基(城建学院店),广州,从化区,环市东路166号广州城建职业学院26栋商业中心二层204-205铺,,,23.524994,113.610761
,肯德基(麒麟广场-店),广州,南沙区,黄梅路26号,,,22.819832,113.507267
,肯德基(凤凰荟店),广州,增城区,广园东碧桂园凤凰城凤妍苑广场步行街1号之115-116-117号,,,23.126172,113.574051
,肯德基(8号仓K咖啡小馆),广州,从化区,太平镇广从南路2231号B1层DL-B1-002号铺,,,23.477611,113.519983
,肯德基(金成路KFC),广州,增城区,朱村街金成路34号,,,23.273575,113.678675
,肯德基(白云机场T2航站楼2-店),广州,花都区,机场大道888号,,,23.396789,113.303972
,肯德基(融创娱雪乐园店),广州,花都区,凤凰北路63号融创茂2F层,,,23.425667,113.233716
,肯德基(南村万博站早餐车),广州,番禺区,南村万博站18号线转7号线通道,,,23.004361,113.3476
,肯德基(东涌店),广州,南沙区,敏学路皇冠玛莉奥(东发店)附近,,,22.886415,113.456255
,肯德基(龙湖揽境店),广州,黄埔区,揽境花园揽境街19号-407-409铺首层,,,23.213603,113.52175
,肯德基(狮岭东升店),广州,花都区,狮岭镇东升路金炜达商业楼首层,,,23.461222,113.155637
,肯德基(广州软件学院店),广州,从化区,创业路29号广州软件学院内广软第二食堂1层,,,23.451521,113.498188
,肯德基(新城大道KFC),广州,增城区,石滩镇翠湖路400号402号404号,,,23.196775,113.796475
,肯德基(大宏锦绣店),广州,南沙区,大宏锦绣(塘坑地铁站B口步行340米),,,22.752032,113.575253
,肯德基(花都汽车城车速取餐厅),广州,花都区,九潭南路8号之六之1之七之八号铺,,,23.375072,113.180523
,肯德基(拉丁茂广场店),广州,花都区,拉丁茂广场,,,23.375125,113.260275
,肯德基(华夏学院店),广州,从化区,鳌头镇城鳌大道东772号广州华夏职业学院第二食堂首层商铺4号,,,23.579653,113.517612
,肯德基(星汇尚景花园店),广州,黄埔区,尚景大街11号地下一层0607 08铺,,,23.284875,113.592725
,肯德基(榄核餐厅),广州,南沙区,榄核镇蔡新路339之3号之4号,,,22.832358,113.336668
,肯德基(第二邻里中心店),广州,黄埔区,中新知识城开阳五路38号首层106,,,23.332101,113.547674
,肯德基(富力·金港城店),广州,花都区,富力金港城西区,,,23.457811,113.357044
,肯德基(星河山海湾KFC),广州,南沙区,南沙街学海大街19号部位之103号,,,22.765339,113.610264
,肯德基(源昌花园DT店),广州,南沙区,珠江街源昌一街源昌花园102-103号铺,,,22.720406,113.525417
,肯德基(水晶湾KFC),广州,南沙区,环市大道西387号,,,22.776675,113.533875
,肯德基(白云机场T2航站楼1-店),广州,花都区,白云国际机场T2航站楼出发厅四楼,,,23.397304,113.307127
,肯德基(合生·湖山国际店)(暂停营业),广州,增城区,湖山社区居民委员会东侧90米,,,23.127025,113.567675
,肯德基(新世界花园餐厅),广州,增城区,花园东路6号万象苑农贸市场一号铺二号铺及三号铺,,,23.109285,113.570932
,肯德基(鹿颈村DT),广州,南沙区,南沙街道海港大道253号首层106号铺,,,22.758356,113.603417
,肯德基(白云机场一号航站楼二店),广州,花都区,机场路888号广州白云国际机场1层L30标段C9131号,,,23.38634,113.302133
,肯德基(白云机场一号航站楼三店),广州,花都区,B202登机口旁西一指廊3层国内安检出发大厅,,,23.38602,113.30328
,肯德基(御溪谷餐厅),广州,增城区,中新镇侨建御溪谷花园御溪大街2号自编102铺,,,23.285781,113.608794
,肯德基(广州南站到达层东区外卖点KFC),广州,番禺区,广州南站到达层东区,,,22.988949,113.270892
,肯德基(星河发展大厦店),广州,南沙区,尖湾晟北一街5号星河发展大厦B2层,,,22.769168,113.515464
,肯德基(保盈商业广场店)(暂停营业),广州,黄埔区,保盈大道与开发大道交叉口东南120米,,,23.074661,113.527353
,肯德基(鱼窝头店),广州,南沙区,东涌镇鱼窝头大道66号一层之六,,,22.847336,113.453317
,肯德基(鳌头店),广州,从化区,鳌头镇前进中路2-4号首层之一号,,,23.621136,113.420711
,肯德基(丽莎广场店),广州,花都区,金狮大道丽莎广场,,,23.465802,113.166825
,肯德基(南沙环宇城KFC),广州,南沙区,环宇城1号门游乐场手扶梯下负1楼(特斯拉楼下),,,22.788727,113.519033
,肯德基(机场西南商务区车速取餐厅),广州,白云区,白云国际机场西南商务区A栋首层A-01A-04铺,,,23.369582,113.29367
,肯德基(龙穴KFC),广州,南沙区,启航路18号之三111-112-113号铺,,,22.68548,113.650597
,肯德基(白云机场一号航站楼四店),广州,花都区,白云国际机场一号航站楼主楼一层C8109商铺,,,23.386082,113.302633
,肯德基(金谷科创园车速取餐厅),广州,花都区,金谷南路9号之二自编3栋102-103室及场地,,,23.447057,113.360249
,肯德基(金滙城餐厅),广州,从化区,江埔街环市东路688号金滙城一层L1-036BL1-037L1-038号商铺,,,23.557875,113.617175
,肯德基(机电学院餐厅),广州,白云区,广东机电职业技术学院北校区第三饭堂,,,23.38298,113.449452
,肯德基(花东市场KFC),广州,花都区,花东镇新市场首层局部,,,23.436103,113.321841
,肯德基(保利花城KFC),广州,花都区,保利花城西一街34-35号,,,23.416839,113.195576
,肯德基(富兴广场餐厅),广州,增城区,菜园中路64号之二A03AA04AA05A,,,23.303522,113.827126
,肯德基(万顷沙服务区西),广州,南沙区,南中高速万顷沙支线万顷沙服务区(西区),,,22.586108,113.637397
,肯德基(万顷沙服务区店),广州,南沙区,万顷沙支线,,,22.581044,113.636787
,肯德基(中建岭南),广州,增城区,"永宁街新耀北路75号,75号之一肯德基",,,23.185835,113.619742
,肯德基(富基广场店)(暂停营业),广州,海珠区,同福东路663号富基广场一楼,,,23.106747,113.270556
,肯德基(龙岗DT店),广州,白云区,106国道龙归段金铂广场1F层,,,23.267659,113.29506
,肯德基(金科广场餐厅),广州,番禺区,大石街植村南大路136号2栋B区811首层L1001号,,,23.010367,113.325234
,肯德基(花地大道DT店),广州,荔湾区,花地大道中228号科创广场首层肯德基花地大道车速取入口处,,,23.074328,113.232807
,肯德基(广州南站5店),广州,番禺区,石浦大道南与汉溪大道西交叉口广州南车站、编号广3-05商铺,,,22.988668,113.267931
,肯德基(凯升健康城餐厅肯德基店),广州,荔湾区,花地大道南路146号1楼,,,23.059109,113.228504
,肯德基(嘉禾广场店),广州,白云区,嘉禾街8号嘉禾广场F1层,,,23.231821,113.274329
,肯德基(东平路DT店),广州,白云区,永平街东平大道8号金灏堡物业一层,,,23.248825,113.315695
,肯德基(永发店),广州,花都区,花都永发路14号21号肯德基,,,23.42178,113.188599
,肯德基车速取餐点(欢乐颂店),广州,天河区,中山大道1116号乐都汇,,,23.115859,113.420737
,肯德基(永宁大道DT),广州,增城区,新新大道中永宁大道交叉口(南200米)新世界星辉一层肯德基,,,23.199559,113.599916
,肯德基(金茂湾店),广州,南沙区,金茂湾项目E1B栋B101号商业单元,,,22.781546,113.519443
,肯德基(机场西南商务区店),广州,白云区,机场西南商务区东门旁,,,23.369597,113.293898
,肯德基(汽车小镇KFC),广州,番禺区,石楼镇金荷六路1号103商铺,,,23.014731,113.502556
,肯德基(中心书城店),深圳,福田区,红荔路深圳中心书城首层(少年宫地铁站D口步行120米),,,22.547193,114.059956
,肯德基(景田店),深圳,福田区,红荔西路景田南四街香密三村五号群楼岁宝百货首层,,,22.546651,114.048421
,肯德基(岗厦店),深圳,福田区,彩田路东方新天地广场1层102B,,,22.538445,114.068429
,肯德基(天安店),深圳,福田区,泰然五路29号(车公庙地铁站G2口步行50米),,,22.533949,114.030019
,肯德基(彩德城店),深圳,福田区,彩田路与福彩街交叉口彩德城1层,,,22.543606,114.069597
,肯德基(星河店),深圳,福田区,福华路星河CoCoPark花园负一楼B1C-076A商铺,,,22.534049,114.054529
,肯德基(金中环店),深圳,福田区,金田路与福华路交汇处金中环商务大厦裙楼一层109号,,,22.534135,114.062914
,肯德基(深业上城店),深圳,福田区,皇岗路5001号深业上城(南区)一期商业层(T3039&T4002)号商铺,,,22.556734,114.071111
,肯德基(福民路店),深圳,福田区,天虹商场(星河明居店)(石厦地铁站F口旁),,,22.522577,114.052807
,肯德基(新洲店),深圳,福田区,新洲路中城天邑一楼,,,22.521484,114.048045
,肯德基(上步店),深圳,福田区,华强南路3052号(加油站旁),,,22.53977,114.086955
,肯德基(香梅店),深圳,福田区,景田北路名进大厦1楼(香梅北地铁站B3口步行250米),,,22.555264,114.036188
,肯德基(中电店),深圳,福田区,华强北路1002号赛格广场F1层,,,22.541745,114.088065
,肯德基(岗厦北店),深圳,福田区,深南大道岗厦北地铁站深圳之眼购物中心商业西区W1-32,,,22.539728,114.06491
,肯德基(益田村店),深圳,福田区,益田五路阳基·阳基汇E101,,,22.514306,114.046418
,肯德基(皇庭中心店),深圳,福田区,岗厦二路皇庭中心一层,,,22.535665,114.063911
,肯德基(振业店),深圳,罗湖区,宝安南路振业大厦1层(大剧院地铁站D口步行320米),,,22.54457,114.111035
,肯德基(春风店),深圳,罗湖区,春风路2021号长丰苑首层,,,22.541022,114.126817
,肯德基(福中一路店),深圳,福田区,福中一路中银花园1层(莲花村地铁站A2口步行280米),,,22.547099,114.065905
,肯德基(民安路店),深圳,龙华区,龙华区民治街道民治大道西侧绿景香颂美庐园裙楼SL115-SL119号,,,22.629556,114.035668
,肯德基(新洲三街店),深圳,福田区,滨河路与新洲三街交汇处嘉洲豪园一层,,,22.527125,114.043475
,肯德基(八卦岭店),深圳,福田区,八卦二路沃尔玛首层(园岭地铁站A口步行330米),,,22.558674,114.103484
,肯德基(皇御苑店),深圳,福田区,福田南路40号金领假日公寓一层07-10号铺,,,22.528032,114.076792
,肯德基(嘉御山店),深圳,龙岗区,[],,,22.634676,114.060091
,肯德基(天健天骄店),深圳,福田区,莲花街道狮岭社区商报路28号天健天骄北庐D栋001-002,,,22.551497,114.040438
,肯德基(招商中环店),深圳,罗湖区,笋岗街道田心社区梨园路333-3号招商中环2栋1-2层肯德基,,,22.564354,114.1058
,肯德基(华新地铁站店),深圳,福田区,深铁汇坊华强北地铁商业街B区B056-B058号,,,22.547915,114.086782
,肯德基(福荣路店),深圳,福田区,金地一路绿景蓝湾半岛1层西侧,,,22.51741,114.040029
,肯德基(德赛店),深圳,南山区,科技园南区德赛科技大厦1-2层,,,22.539284,113.954789
,肯德基(民治店),深圳,龙华区,民治街道民治大道路与民丰路交汇处横岭工业区B栋1065号天虹商场首层,,,22.610326,114.04516
,肯德基(宝安南店),深圳,罗湖区,宝安南路3061号茂源大厦首层,,,22.55255,114.10901
,肯德基(红荔西店),深圳,福田区,红荔西路和农林路交叉口荔林苑一楼,,,22.540647,114.017842
,肯德基(卓越城店),深圳,福田区,中康路卓越城1期一层(上梅林地铁站A口步行270米),,,22.572325,114.059775
,肯德基(龙悦居店),深圳,龙华区,民治街道民丰路与致远南路交汇处金众金域阁一楼127-134号肯德基商铺,,,22.602723,114.031547
,肯德基(国际名园店),深圳,罗湖区,友谊路与江背路集建国际名园裙楼一层,,,22.538579,114.12324
,肯德基(吉华店),深圳,龙岗区,坂田商业广场二楼(坂田北地铁站A口步行50米),,,22.633885,114.062433
,肯德基(新秀店),深圳,罗湖区,新秀路MINI PARK二层2-001A,,,22.547377,114.144736
,肯德基(怡景路店),深圳,罗湖区,怡景路1029号商铺(怡景地铁站B口步行170米),,,22.554304,114.141148
,肯德基(安托山店),深圳,福田区,安托山四路与侨香五道交汇处东南侧香蜜府商业L1-02号,,,22.549025,114.006675
,肯德基(和成世纪店),深圳,龙岗区,坂田街道五和大道南118号(五和地铁站B出口)金和成(和成世纪名园)商业裙楼一层F101号,,,22.625907,114.061426
,肯德基(泰然店),深圳,福田区,泰然八路云松大厦首层肯德基餐厅,,,22.529694,114.021895
,肯德基(生态城店),深圳,南山区,沙河西路1819号深圳湾科技生态园7栋B座01层,,,22.531339,113.95354
,肯德基(梅华店),深圳,福田区,梅华路103号光荣大厦一楼,,,22.564289,114.056371
,肯德基(童乐路店),深圳,罗湖区,东门北路西北侧公园上苑首层,,,22.551513,114.123483
,肯德基(笋岗村店),深圳,罗湖区,宝岗路福祥雅居裙楼1层(笋岗地铁站C2口步行150米),,,22.565087,114.112634
,肯德基(新金光华店),深圳,罗湖区,人民南路2028号金光华广场第B1层001号,,,22.539495,114.11915
,肯德基(田贝店),深圳,罗湖区,贝丽南路59号59-6号(田贝地铁站E口步行270米),,,22.565425,114.126675
,肯德基(华侨城大厦店),深圳,南山区,沙河街道中新街社区商业街1-4号华侨城购物广场B1层,,,22.534928,113.983179
,肯德基(塘岭路店),深圳,南山区,留仙大道3288号宝能城西区B1/L1层,,,22.589377,113.993663
,肯德基(高新区店),深圳,南山区,科苑大道高新区综合服务楼1层,,,22.537022,113.945079
,肯德基(竹子林店),深圳,福田区,深南西路竹子林益华综合楼B栋西北侧,,,22.53599,114.013242
,肯德基(金山店),深圳,罗湖区,深南东路5033号金山大厦1楼,,,22.541093,114.109505
,肯德基(华强广场店),深圳,福田区,华强北路1019号华强广场负一层,,,22.543457,114.086237
,肯德基(万众店),深圳,龙华区,龙华街道牛栏前大厦岁宝百货一层101号,,,22.634676,114.037541
,肯德基(中兴店),深圳,龙岗区,布吉街道中兴路中心大道路口布吉天虹商场1层,,,22.608342,114.123785
,肯德基(宝珠店),深圳,南山区,西丽珠光路万佳百货首层(珠光地铁站D口步行390米),,,22.571049,113.959302
,肯德基(万科第五园店),深圳,龙岗区,坂田街道环城南路与坂雪岗大道交汇处五园万科里(项目)L1层18号19号46号商铺,,,22.616322,114.072883
,肯德基(新福田高铁店),深圳,福田区,福田车站福田1B05(福田地铁站13号口旁),,,22.537873,114.056968
,肯德基(民旺店),深圳,龙华区,民治大道1905号,,,22.623154,114.039539
,肯德基(欧洲城店),深圳,南山区,欧洲城百安居首层,,,22.557065,113.965533
,肯德基(园岭花园店),深圳,福田区,红岭中路园岭花园一层(园岭地铁站B口步行100米),,,22.555049,114.104203
,肯德基(龙华壹方城店),深圳,龙华区,D区,,,22.643453,114.031571
,肯德基(大冲店),深圳,南山区,大冲新城花园2栋1C(高新园地铁站B口步行310米),,,22.542487,113.951593
,肯德基(万科麓城店),深圳,龙岗区,布龙路与吉华路交叉口麓城万科里的L1层04A号,,,22.624935,114.1036
,肯德基(东方雅苑店),深圳,福田区,福民路北益田路东侧皇达东方雅苑商业裙楼首层,,,22.52338,114.058188
,肯德基(民乐店),深圳,龙华区,民治街道民乐村兴万和购物广场1层,,,22.600853,114.050901
,肯德基(大芬店),深圳,龙岗区,布吉街道办中翠路桂芳园6期会所1楼,,,22.609775,114.140825
,肯德基(茶文路店),深圳,南山区,茶文路9号冠铭花园7栋裙楼一层(半里花海生活广场),,,22.567813,113.950955
,肯德基(彩田村店),深圳,福田区,莲花支路彩田村综合商业楼1楼,,,22.560766,114.064124
,肯德基(凤凰店),深圳,罗湖区,凤凰路11号江月大厦一楼(京基凤凰印象对面),,,22.547728,114.134031
,肯德基(翡翠店),深圳,罗湖区,翠竹路1052号翡翠星空一楼,,,22.560729,114.12993
,肯德基(万科城店),深圳,龙岗区,布吉镇坂雪岗工业区坂雪岗大道万科城C区2号101号商铺1-2层,,,22.645877,114.066724
,肯德基(水围趣坊店),深圳,福田区,金田路1013-2号银庄大厦裙楼物业水围趣坊二期107号商铺,,,22.521978,114.064635
,肯德基(嘉汇新城店),深圳,福田区,福华路嘉汇新城嘉汇城1层商场8之L115/L116号铺位,,,22.538592,114.080892
,肯德基(文化街店),深圳,龙岗区,坂田街道雅园路坂田手造文化街1号楼A125-127,,,22.614419,114.065059
,肯德基(东方金钰店),深圳,罗湖区,翠竹北路水贝工业区六层通用厂房2栋1层,,,22.573407,114.126697
,肯德基(科苑店),深圳,南山区,科兴路10号汇景豪苑301(1F-08B),,,22.540498,113.942968
,肯德基(新高路店),深圳,南山区,同沙路27号留仙居北区9号楼一层,,,22.583693,113.950832
,肯德基(白石龙店),深圳,龙华区,民塘路与宁远路交汇处南侧皇嘉珑府L1-22/23/24/25/26/27,,,22.603975,114.039975
,肯德基(国都店),深圳,龙岗区,布吉街道金鹏路国都花园一二层,,,22.605768,114.117781
,肯德基(布吉万象汇店),深圳,龙岗区,翔鸽路深圳华润万象汇购物中心3层L389号商铺,,,22.593551,114.131133
,肯德基(四海店),深圳,南山区,蛇口沃尔玛广场一楼(四海地铁站D口步行340米),,,22.502866,113.924008
,肯德基(百门前店),深圳,龙岗区,南湾街道布沙路汇佳购物广场首二层,,,22.605938,114.142649
,肯德基(新深圳北站高铁店),深圳,龙华区,深圳北车站二楼商业夹层编号深圳北2F17-1商铺,,,22.608305,114.029035
,肯德基(欢乐谷店),深圳,南山区,华侨城欢乐谷一楼,,,22.538787,113.979154
,肯德基(新沙路店),深圳,福田区,沙头街道新沙社区新沙路5号君临天下名苑一楼118-119,,,22.530439,114.045819
,肯德基(荔海店),深圳,南山区,立桥金融中心B座一层,,,22.513544,113.905841
,肯德基(福城天虹店),深圳,龙华区,龙华大道与求知路交汇处格澜郡商业楼B栋1号首层,,,22.698965,114.041084
,肯德基(华强东店),深圳,福田区,燕南路88号中泰燕南名庭2期1-2层肯德基,,,22.54471,114.093213
,肯德基(深圳天河城店),深圳,罗湖区,东晓街道东晓社区太白路3008号深圳天河城负一层肯德基餐厅,,,22.577565,114.134358
,肯德基(大新店),深圳,南山区,桃园路与前海路交汇处大新村大新前海商业中心1-2F,,,22.532583,113.91553
,肯德基(和成金竹店),深圳,龙岗区,旺塘八巷13-1号(杨美地铁站D口步行430米),,,22.629784,114.080434
,肯德基(六约店),深圳,龙岗区,龙岗大道(横岗段)3999号龙洲百货(横岗店)F1层,,,22.642126,114.19659
,肯德基(大族云峰店),深圳,龙岗区,坂田街道大族云峰花园4号楼半地下210-212号商铺,,,22.620184,114.069503
,肯德基(西丽店),深圳,南山区,留仙大道交汇处西丽商业文化中心一层,,,22.581227,113.955463
,肯德基(松坪山店),深圳,南山区,东物商业大楼正门西80米,,,22.557012,113.950045
,肯德基(中海锦城店),深圳,龙华区,民塘路521号AT MALL上塘荟B1层,,,22.63612,114.014441
,肯德基(TCL国际E城店),深圳,南山区,西丽街道曙光社区中山园路1001号TCL科学园区F2栋A101,,,22.572001,113.927739
,肯德基(赤尾地铁站店),深圳,福田区,滨河大道3086号景福大厦裙楼一层L108-L109,,,22.53196,114.083227
,肯德基(西城上筑店),深圳,宝安区,新安街道鸿荣源西城上筑一层L101号商肯德基,,,22.55671,113.890712
,肯德基(凯丰路店),深圳,福田区,梅林街道孖岭社区凯丰路18号利丰大厦L1-2,,,22.571725,114.063925
,肯德基(三联DT店),深圳,龙岗区,布龙路红星美凯龙旁三联综合楼一层,,,22.619706,114.115634
,肯德基(大学城荷园店),深圳,南山区,西丽深圳大学城荷园生活区6号,,,22.593282,113.967572
,肯德基(横岗店),深圳,龙岗区,龙岗大道(横岗段)5017号新世界广场西区F1层,,,22.647482,114.206595
,肯德基(桃园店),深圳,南山区,桃园路14号,,,22.531892,113.920766
,肯德基(龙观店),深圳,龙华区,龙华街道三联村联华世纪商业广场首层,,,22.662281,114.019383
,肯德基(创科中心店),深圳,南山区,深圳湾创新科技中心1栋A座01层19、20号铺,,,22.527539,113.946732
,肯德基(罗投控大厦K咖啡小馆),深圳,罗湖区,清水河街道清水河社区清水河一路112号罗湖投资控股大厦B座大堂休闲区,,,22.579475,114.116425
,肯德基(深圳罗湖益田假日广场店),深圳,罗湖区,翠竹街道木头龙社区爱国路1009号益田御龙华府7栋L1-01-02,,,22.554002,114.131263
,肯德基(赛百诺店),深圳,南山区,粤海街道高新技术产业园(中区)科技中一路19号赛百诺基因治疗园赛百诺大厦一层商铺,,,22.5489,113.936449
,肯德基(百花店),深圳,福田区,百花二路百花园1期商业裙楼一层,,,22.554086,114.094842
,肯德基(中深花园餐厅),深圳,福田区,彩田南路中深花园裙楼一层103A号商铺,,,22.531613,114.069073
,肯德基(前海香江店),深圳,南山区,兴海大道与临海大道交汇处香江金融中心1层肯德基,,,22.502025,113.889857
,肯德基(创业店),深圳,宝安区,创业一路1018号天虹商场1层,,,22.560074,113.894629
,肯德基(海上世界店),深圳,南山区,兴华路海滨商业中心首层(海上世界地铁站A口步行70米),,,22.484075,113.91564
,肯德基(云顶翠峰店),深圳,福田区,皇岗公园街云顶翠峰二期裙楼一楼肯德基,,,22.518168,114.061269
,肯德基(沙嘴店),深圳,福田区,沙头街道沙嘴社区福荣路38号尚悦府裙楼115、116,,,22.517925,114.036325
,肯德基(深纺大厦店),深圳,福田区,振华路2001号深纺大厦一楼L1-16号,,,22.544648,114.085653
,肯德基(国威路店),深圳,罗湖区,莲塘街道国威路鹏兴花园综合楼1层,,,22.564311,114.164967
,肯德基(南科大店),深圳,南山区,西丽大学城学苑大道1088号南方科技大学中心食堂一楼,,,22.596741,113.997866
,肯德基(新莲塘店),深圳,罗湖区,莲塘聚福路金色年华家园裙楼首层,,,22.56161,114.17168
,肯德基(三联店),深圳,龙华区,惠乐购百货西南1门旁(清湖地铁站C1口步行400米),,,22.666168,114.033767
,肯德基(宝华店),深圳,龙华区,龙华街道办人民北路4243号百佳华商场F1层,,,22.654968,114.020703
,肯德基(捷顺店),深圳,龙华区,观湖街道鹭湖社区观盛二路5号捷顺科技中心捷乐汇商业1F04号商铺,,,22.68755,114.060709
,肯德基(星通大厦店),深圳,宝安区,宝兴路与海秀路交叉口西北150米星通大厦1层,,,22.551409,113.880692
,肯德基(流塘店),深圳,宝安区,西乡街道流塘社区建安二路69号综合楼一楼A01商铺,,,22.57994,113.887053
,肯德基(锦荟广场店),深圳,龙岗区,龙岗大道1018号锦荟广场(六约地铁站B1入口旁),,,22.633487,114.18138
,肯德基(六和店),深圳,龙岗区,六和路98号华润万家一楼(塘坑地铁站A口步行180米),,,22.638258,114.191544
,肯德基(妇儿大厦店),深圳,福田区,莲花街道景华社区景田路78号妇儿大厦裙楼103,,,22.552735,114.044482
,肯德基(南岭店),深圳,龙岗区,南湾街道南岭村万家乐百货一楼,,,22.611455,114.150999
,肯德基(观澜湖店),深圳,龙华区,观澜湖新城商业一层(观澜湖地铁站C2口步行100米),,,22.722191,114.076235
,肯德基(坭岗店),深圳,罗湖区,坭岗村新佳泰服装市场二楼肯德基,,,22.566073,114.098642
,肯德基(现代城店),深圳,南山区,创业路现代城华庭东林教育一楼,,,22.516662,113.924903
,肯德基(万象新园店),深圳,南山区,滨海大道万象新园岁宝百货D座一楼,,,22.523651,113.926762
,肯德基(世界之窗店),深圳,南山区,世界之窗前广场西侧一二楼,,,22.535591,113.974593
,肯德基(新湖店),深圳,宝安区,新安街道海裕社区泰华·君逸世家罗田路18-13号,,,22.561188,113.881299
,肯德基(应人石店),深圳,宝安区,应人石社区天宝路南海广场1层,,,22.646225,113.924225
,肯德基(华南城店),深圳,龙岗区,华南大道1号华南国际皮革皮具原铺料物流区二期华南发展中心1层106-107号,,,22.676691,114.124585
,肯德基(合正置地大厦餐厅),深圳,福田区,香蜜湖侨香路以北安托山六路以西合正置地大厦1栋一层东侧裙楼103号商铺,,,22.544627,114.007766
,肯德基(佳兆业中心店),深圳,福田区,上步南路东南园路北佳兆业中心601第一层103号商铺,,,22.538959,114.09705
,肯德基(八号仓店),深圳,龙华区,民康路1号奥特莱斯8号仓,,,22.618422,114.0551
,肯德基(桃源村店),深圳,南山区,桃源村三期裙楼岁宝百货商场1楼(桃源村东站),,,22.557882,113.984416
,肯德基(水贝地铁站店),深圳,罗湖区,布心路3008号IBC MALLB1层,,,22.574578,114.124232
,肯德基(东园店),深圳,福田区,东园路台湾花园一楼东(红岭南地铁站C口步行330米),,,22.53735,114.102936
,肯德基(科兴二店),深圳,南山区,科技园中区科苑路15号科兴科学园G层CG17b号铺,,,22.547154,113.942483
,肯德基(水贝店),深圳,罗湖区,水贝一路与贝丽北路交汇处东北角金展珠宝广场首层及夹层,,,22.569674,114.127361
,肯德基(星河COCO CITY店),深圳,龙华区,民治龙华星河COCO City商场L1C-032号商铺,,,22.602367,114.046296
,肯德基(缤纷店),深圳,宝安区,西乡街道臣田工业区宝民二路与宝田一路交汇处缤纷时代购物广场一、二层,,,22.592221,113.874532
,肯德基(富通城店),深圳,宝安区,兴业路与悦和路交汇处七巧国一楼肯德基,,,22.56872,113.856939
,肯德基(金海路店),深圳,宝安区,西乡街道劳动社区松茂御龙湾同学都荟一层,,,22.573349,113.854403
,肯德基(德弘天下店),深圳,罗湖区,田贝三路德弘天下一层(洪湖地铁站C2口步行430米),,,22.561845,114.124055
,肯德基(东门中店),深圳,罗湖区,东门中路南海中心一层(晒布地铁站D3口旁),,,22.54833,114.12194
,肯德基(长岭陂店),深圳,南山区,留仙大道长源京基御领公馆2栋半地下215号商铺,,,22.597333,114.011406
,肯德基(万科云城店),深圳,南山区,留新一路万科云城云街1期60-61号九龙巴士对面,,,22.574022,113.942162
,肯德基(德政路店),深圳,宝安区,汇邦中心A区1F层1039-1040号商铺,,,22.692275,113.970794
,肯德基(深铁懿府),深圳,南山区,沙河街道高发社区深云路东面深安路南面睿印里G层S001号,,,22.552525,113.990225
,肯德基(天安云谷店),深圳,龙岗区,坂田街道天安云谷二期4栋101号商铺,,,22.661078,114.068862
,肯德基(龙华益田假日店),深圳,龙华区,清湖地铁站D口幸福城商业大厦首层,,,22.662638,114.036422
,肯德基(印力中心店),深圳,福田区,香蜜湖街道竹园社区农林路69号印力中心B1,,,22.544962,114.011664
,肯德基(陶润懿峰店),深圳,龙华区,龙华大道3-4号,,,22.686868,114.049182
,肯德基(水径店),深圳,龙岗区,吉华街道吉华路266号下水径华润万家一楼,,,22.617838,114.110316
,肯德基(东湖店),深圳,罗湖区,东湖路彩世界家园华润万方超首层,,,22.57777,114.142984
,肯德基(深业东岭店),深圳,罗湖区,黄贝岭深业东岭7栋(星巴克楼上),,,22.547749,114.138534
,肯德基(华侨城创意园餐厅),深圳,南山区,沙河街道香山街社区文昌南街2号东部工业区B1栋一单元104D,,,22.538802,113.993961
,肯德基(尚都店),深圳,宝安区,新湖路尚都花园1栋1楼1D01,,,22.557688,113.884944
,肯德基(浪荣路店),深圳,龙华区,大浪街道浪荣路大浪万联购物广场F1层,,,22.692848,113.991953
,肯德基(黄金台店),深圳,宝安区,前进路34天虹商场宝安前进店F1层,,,22.578172,113.894035
,肯德基(卓越后海店),深圳,南山区,南山街道海德三道卓越后海中心103号铺,,,22.518756,113.943015
,肯德基(宝能太古城店),深圳,南山区,中心路(湾段)2199号宝能太古城花园购物中心南区负一层SB103,,,22.499399,113.938534
,肯德基(金鸡路店),深圳,南山区,金鸡路1号田厦翡翠明珠裙楼,,,22.534164,113.922964
,肯德基(瑧湾汇店),深圳,南山区,白石三道与深湾二路交汇处深湾睿云中心深圳湾睿印RAIL INB1层,,,22.523748,113.970495
,肯德基(润月广场餐厅),深圳,罗湖区,乐园路与湖贝路交叉口润月广场商业裙楼(湖贝里)2-22号铺,,,22.546843,114.128805
,肯德基(K11餐厅),深圳,南山区,蛇口DY04-01地块深圳市太子湾新世界文化购物坊(大厦)(负一)层(B125)号商铺,,,22.473025,113.912125
,肯德基(前进店),深圳,宝安区,前进路宝城10区新安街道办泰华商业城首层,,,22.568432,113.904241
,肯德基(湾区书城餐厅),深圳,宝安区,湾区书城(湾区之眼)南B127号商铺,,,22.54694,113.884153
,肯德基(裕安店),深圳,宝安区,新安街道裕安一路融景园1栋商场,,,22.563133,113.889767
,肯德基(华旺店),深圳,龙华区,大浪街道同胜社区华旺路富裕工业园内第3栋1层c118-125号,,,22.673981,113.993404
,肯德基(宝华路店),深圳,宝安区,新安街道兴华一路与海秀路交汇处中兴酒店大厦商业配套裙楼商铺一层L1-10A,,,22.550098,113.887414
,肯德基(万骏店),深圳,宝安区,新安街道宝兴路21号西侧万骏经贸大厦1层商铺112号117号,,,22.548949,113.880549
,肯德基(粤美特店),深圳,南山区,高新南七道1号粤美特大厦一楼,,,22.533703,113.953631
,肯德基(湾畔店),深圳,南山区,白石州沙河街湾畔花园一二楼,,,22.540315,113.968305
,肯德基(信义逸翠园店),深圳,龙岗区,布吉街道百鸽路逸翠园D27-28及D-08,,,22.593254,114.124614
,肯德基(溪山美地店),深圳,龙华区,民治街道民乐社区溪山美地一期11栋商业一层06号商铺,,,22.601564,114.055578
,肯德基(西丽宝能城店),深圳,南山区,桃源街道福光社区留仙大道3288号(塘朗地铁站D口旁)宝能环球汇(西丽店)B1层B1053-C,,,22.591499,113.999444
,肯德基(深康村店),深圳,福田区,侨城东路与友邻路交汇处深康村2-3栋1号A座配套商业项目一楼12 35号铺位,,,22.546107,113.99793
,肯德基(鼎新店),深圳,南山区,沙河西路与留仙大道交汇处鼎新大厦A座1-2层,,,22.581108,113.95388
,肯德基(深圳湾体育中心店),深圳,南山区,科苑南路深圳湾体育中心南门1层,,,22.517285,113.949365
,肯德基(新深圳北站高铁店),深圳,龙华区,民治街道民塘路深圳北站高铁候车厅内,,,22.609821,114.030716
,肯德基(科兴一店),深圳,南山区,科苑北路与文华路交叉口西140米,,,22.548099,113.94384
,肯德基(如意店),深圳,宝安区,石岩大道10号佳华商场F1,,,22.676754,113.93928
,肯德基(双拥店),深圳,龙岗区,双拥街136号天和百货平湖店F1层,,,22.69884,114.133812
,肯德基(松柏店),深圳,龙岗区,横岗街道龙岗大道5008号Hone商场1层1-2层,,,22.646027,114.207792
,肯德基(观澜店),深圳,龙华区,观澜大道吉盛酒店民乐福购物广场1层,,,22.716083,114.055514
,肯德基(石岩星城店),深圳,宝安区,宝石东路209号星城购物中心F1,,,22.68028,113.947987
,肯德基(大益汇港城店),深圳,宝安区,西乡街道西乡大道西侧大益广场1栋免税商场01021F003号商铺,,,22.580348,113.869458
,肯德基(御景东方店),深圳,南山区,深圳湾二路与白石路交汇处御景东方花园群楼123 L1-04号,,,22.530862,113.968483
,肯德基(康泰大厦店),深圳,南山区,科发路222号康泰集团大厦一层,,,22.543436,113.949175
,肯德基(蘅芳科技大厦店),深圳,宝安区,新湖路4008号(西乡地铁站B口步行90米),,,22.57657,113.86268
,肯德基(招商智慧城店),深圳,光明区,光明区观光路招商局光明科技园B2栋一层112号,,,22.735988,113.947739
,肯德基(固戍店),深圳,宝安区,西乡街道固戍社区固戍一路281号,,,22.597507,113.849981
,肯德基(文博宫店),深圳,龙岗区,布吉街道文博宫9-141号L1号商铺,,,22.605725,114.103982
,肯德基(锦绣江南店),深圳,龙华区,龙华街道梅龙路锦绣江南2栋首层1057号商铺,,,22.637125,114.031459
,肯德基(深盐路店),深圳,盐田区,深圳市公安局盐田分局东南侧100米,,,22.560428,114.245071
,肯德基(金稻田店),深圳,罗湖区,金稻田路清水河综合市场1层,,,22.584143,114.119486
,肯德基(布吉老街店),深圳,龙岗区,布吉街道布吉路83号1-2层,,,22.599854,114.116795
,肯德基(龙华山姆店),深圳,龙华区,龙华街道梅龙大道与东环一路交汇处龙华山姆1F,,,22.645899,114.036211
,肯德基(百仕达店),深圳,罗湖区,太宁路38号永旺2层,,,22.56895,114.138477
,肯德基(章阁店),深圳,龙华区,章阁路,,,22.743787,114.01872
,肯德基(华强科创店),深圳,福田区,北环大道6018号华强创领寓·福田臻享店,,,22.563026,114.047486
,肯德基(缙华府餐厅),深圳,龙岗区,坂田街道杨美社区宏扬路2号信城缙华府项目03栋01层112号113号商铺,,,22.626355,114.085831
,肯德基(海风广场kcoffeetruck),深圳,南山区,深圳湾公园海风广场,,,22.521276,113.991734
,肯德基(白金假日店),深圳,宝安区,西乡街道海城路白金假日商业广场人人乐首层,,,22.567435,113.869172
,肯德基(东方城店),深圳,宝安区,西乡圣淘沙骏园11号楼东方城购物广场首层,,,22.573915,113.863983
,肯德基(宝石店),深圳,宝安区,宝石南路78号宏发大世界购物广场F2,,,22.675242,113.930301
,肯德基(观光路店),深圳,龙华区,福城街道大水坑社区南通邦广场首层,,,22.732636,114.011346
,肯德基(深科技城C座店),深圳,福田区,彩田路7006号深科技一期C座裙楼商业01层02户A单位,,,22.563516,114.068603
,肯德基(华强中航城君尚店),深圳,福田区,振华路中航苑鼎诚大厦裙楼第1层第101号之第1051号店铺,,,22.543025,114.083575
,肯德基(三围店),深圳,宝安区,三围工业路7号万众百货协会大厦A北F1层,,,22.611996,113.84507
,肯德基(黄田店),深圳,宝安区,西乡街道黄田村长园路28号昌宏百货一层,,,22.62762,113.847279
,肯德基(永新汇店),深圳,南山区,东滨路4078号永新汇一层,,,22.508933,113.919222
,肯德基(中科大厦),深圳,南山区,中科研发园三号楼高新南一道11-9号,,,22.53801,113.956629
,肯德基(前海恒裕店),深圳,南山区,前海深港合作区恒裕前海金融中心一层T3L1-09aB01商铺,,,22.532164,113.893927
,肯德基(深圳招商·蛇口邮轮母港店),深圳,南山区,海运路1号深圳蛇口邮轮中心1层,,,22.468872,113.91344
,肯德基(龙华天虹购物中心店),深圳,龙华区,民治街道大岭社区龙华人民路2020号天虹购物中心(龙华店)B1层,,,22.627167,114.021131
,肯德基(龙翔店),深圳,龙岗区,龙翔大道世贸中心华润万家1楼,,,22.717674,114.246843
,肯德基(吉祥店),深圳,龙岗区,龙岗中心城清林东路与吉祥路交汇处中心城愉园新苑1层A016-A019商铺,,,22.720213,114.237921
,肯德基(西丽益田店),深圳,南山区,留仙大道益田·假日里L1-7-1L2-2号商铺,,,22.582782,113.964692
,肯德基(光明龙光广场店),深圳,光明区,凤凰街道凤凰城地铁站A出口光明蓝鲸世界L1层,,,22.745948,113.935019
,肯德基(汇城茗院),深圳,南山区,西丽汇城茗院2栋二单元106-107号商铺,,,22.592678,113.963136
,肯德基(深圳大悦城餐厅),深圳,宝安区,新安街道创业二路与前进一路交汇处大悦城L2肯德基,,,22.569017,113.902719
,肯德基(科联路店),深圳,光明区,玉塘街道田寮社区光侨路高科科技园第1栋101号,,,22.724175,113.913875
,肯德基(兴围店),深圳,宝安区,福永街道兴围社区兴围大道深鹏百货首层,,,22.637565,113.831642
,肯德基(南山智谷),深圳,南山区,南山智谷产业园B栋01层103号,,,22.570225,113.953675
,肯德基(梦中心店),深圳,龙岗区,仁恒梦中心负一楼(愉园地铁站C口步行410米),,,22.729791,114.224199
,肯德基(龙城店),深圳,龙岗区,东方明珠城(茶都)华润万家一层,,,22.718993,114.25409
,肯德基(宝山时代大厦餐厅),深圳,龙华区,民治街道龙华大道与民旺路交汇处东北侧宝山时代大厦L1-08号商铺,,,22.622499,114.032941
,肯德基(吉祥里店),深圳,龙岗区,白灰围一路吉祥里128号1F-15号铺,,,22.722465,114.22122
,肯德基(政丰店),深圳,宝安区,福永街道德丰路北侧龙腾市场1层H区,,,22.672059,113.820825
,肯德基(乐城店),深圳,龙岗区,坳牌路与龙岗大道交叉口西北60米,,,22.674694,114.224151
,肯德基(油松餐厅店),深圳,龙华区,龙华街道东环一路与油松路交汇处家和福百货1层,,,22.643483,114.045062
,肯德基(坂田万科广场餐厅),深圳,龙岗区,坂田街道杨美社区东坡路3号万致天地商业中心1栋B1-27,,,22.62825,114.069275
,肯德基(化工大厦K咖啡小馆),深圳,罗湖区,化工大厦东一层,,,22.567714,114.129541
,肯德基(龙华壹方里店),深圳,龙华区,民治街道壹方里L1层017号商铺,,,22.616823,114.031244
,肯德基(宝龙店),深圳,龙岗区,龙岗街道宝龙工业区宏佰百货首层南侧,,,22.68905,114.278092
,肯德基(福永店),深圳,宝安区,宝安区福永怀德万象汇A馆B201,,,22.668446,113.81893
,肯德基(怀德公元店),深圳,宝安区,福永街道福永汽车站南侧怀德益田假日天地首层肯德基,,,22.669019,113.827675
,肯德基(缙山府餐厅),深圳,罗湖区,清水河街道缙山府一期1栋104-105商铺,,,22.567439,114.090838
,肯德基(布吉文体中心餐厅),深圳,龙岗区,布吉街道文景社区政清路6号文体中心1-15,,,22.609918,114.12758
,肯德基(星都豪庭店),深圳,龙岗区,布吉街道大芬社区星都豪庭地下室01层14、15号商铺及后区,,,22.612319,114.13789
,肯德基(福源花园店),深圳,福田区,槟榔道福源花园底南8商铺及底南9(B9-3部分)商铺,,,22.508135,114.053153
,肯德基(观山盛苑餐厅),深圳,罗湖区,金稻田路1082号1086号观山盛苑1栋半地下409部分,,,22.586392,114.131025
,肯德基(红山6979店),深圳,龙华区,民治街道红山六九七九L1层11栋-184座,,,22.621458,114.025011
,肯德基(江南时代广场店),深圳,龙岗区,坂雪岗大道4033号江南时代广场G层G1-03号商铺,,,22.65588,114.070252
,肯德基(新华为店),深圳,龙岗区,坂田街道华为老科研中心14号铺位F区F2座一楼食堂,,,22.655278,114.059813
,肯德基(金鹏大厦店),深圳,龙华区,人民路252号金鹏大厦首层,,,22.653262,114.023419
,肯德基(宝龙比亚迪店),深圳,龙岗区,宝坪路1号宝龙工业园生活区辅助用房西侧,,,22.679576,114.274281
,肯德基(清丽路店),深圳,龙华区,坂田街道清湖工业区宝能科技园南区一期B区B1栋宝能·桦穗数创云城101-03商铺,,,22.671884,114.065237
,肯德基(天安云谷二店),深圳,龙岗区,坂田街道雪岗北路天安云谷11栋下沉商业步行街,,,22.65902,114.065982
,肯德基(和平大润发店),深圳,龙华区,龙华街道和平东路大润发购物广场首层,,,22.657228,114.031308
,肯德基(中海信店),深圳,龙岗区,吉华街道甘李二路11号中海信创新产业城18栋2-105,,,22.649425,114.118025
,肯德基(中粮创邑店),深圳,宝安区,新安街道洪浪社区20区中粮大悦创邑031A栋,,,22.568114,113.913998
,肯德基(流塘阳光店),深圳,宝安区,西乡街道流塘阳光花园2栋半地下104号商铺,,,22.582525,113.889875
,肯德基(深圳宝安国际机场店),深圳,宝安区,宝安国际机场T3航站楼二楼到达层,,,22.624974,113.813641
,肯德基(信义领御店),深圳,宝安区,新安街道信义领御研发中心B栋101商铺,,,22.5772,113.919798
,肯德基(蛇口老街店),深圳,南山区,海滨社区联合工业村B栋1F-J01-J02-01-02号铺,,,22.487469,113.924801
,肯德基(上东湾店),深圳,盐田区,沙头角深沙路与沙盐路交汇处上东湾首层(沙头角口岸对面),,,22.549708,114.229235
,肯德基(锦花店),深圳,宝安区,西乡街道锦花路天骄荟首层,,,22.58635,113.892448
,肯德基(融悦山居店),深圳,龙岗区,平湖街道惠华路与中环大道交汇处融悦世方里购物中心第一层L-08B商铺,,,22.701725,114.107375
,肯德基(星河ICO 店),深圳,龙华区,东环二路8号龙华星河ICO商场1层,,,22.656108,114.03677
,肯德基(星光店),深圳,龙岗区,南湾街道龙岗大道东部英郡假日广场二层F2-,,,22.618772,114.149853
,肯德基(汇海广场店),深圳,龙华区,龙华街道三联社区创业路19号弓村新城商业中心(汇海广场)B座一层B111-B112商铺,,,22.657729,114.027705
,肯德基(壹海城店),深圳,盐田区,沙头角壹海城L2(海山地铁站A1口步行310米),,,22.552174,114.238553
,肯德基(麒麟店),深圳,南山区,艺园路东缤纷年华小区裙楼一层,,,22.542786,113.92806
,肯德基(新鸿洲店),深圳,南山区,深南大道与南新路口交汇处鸿洲新都首层,,,22.539676,113.91999
,肯德基(清泉路店),深圳,龙华区,龙华街道玉翠社区清泉路184号良基智汇大厦112-113,,,22.671463,114.02886
,肯德基(南联DT店),深圳,龙岗区,龙岗大道(龙岗段)南联地铁站A1口左边10米,,,22.721737,114.266028
,肯德基(盛荟城餐厅),深圳,龙华区,大浪街道龙澜大道与大浪南路交汇处西北侧盛荟城朗悦坊1栋116-117-118 130号,,,22.674325,114.012525
,肯德基(欢乐港湾店),深圳,宝安区,海天路与宝华路交叉口华侨城欢乐港湾东岸L2层L2-019号商铺,,,22.542378,113.887921
,肯德基(慢城店),深圳,龙岗区,布吉科技园路慢城第1号楼106号商铺,,,22.624298,114.131409
,肯德基(公明店),深圳,光明区,金辉路11-5号百佳华商场1层,,,22.779241,113.893956
,肯德基(雍景城店),深圳,光明区,民生大道71号(红花山地铁站B2口步行410米),,,22.781535,113.908335
,肯德基(东门町店),深圳,罗湖区,东门永新街南塘商业广场C区01号A003号,,,22.544042,114.118512
,肯德基(金海华府店),深圳,宝安区,西乡街道金海华府一楼A116号商铺,,,22.582928,113.895698
,肯德基(新白马店),深圳,罗湖区,东门街道人民北路一横街5号新白马批发市场中心城一楼,,,22.54616,114.120129
,肯德基(良益店),深圳,南山区,良益大厦,,,22.517225,113.917874
,肯德基(莲花广场店),深圳,南山区,南山大道3186号南头城莲花广场F1层,,,22.548049,113.924699
,肯德基(荔湾店),深圳,南山区,兴海大道丽湾商务公寓103号104号铺,,,22.495742,113.891744
,肯德基(坪山益田店),深圳,坪山区,坪山新区深圳坪山益田假日世界L1-15号,,,22.693024,114.339332
,肯德基(松岗店),深圳,宝安区,松岗镇107国道松岗段293号松岗佳华商场首层,,,22.768145,113.847284
,肯德基(平吉上苑店),深圳,龙岗区,平湖街道平吉上苑二期1栋111号部分112号部分,,,22.669311,114.122059
,肯德基(联投东方店),深圳,宝安区,东方大道36号东方新天地L1层L111-114,,,22.76023,113.859215
,肯德基(创新店),深圳,宝安区,沙井镇创新路与中心路交汇处天虹商场首层,,,22.720598,113.829192
,肯德基(星海名城店),深圳,南山区,前海路3101振业·星海商业广场F1层,,,22.540631,113.913496
,肯德基(和平店),深圳,宝安区,福永街道永和路18-19号A栋一层二层,,,22.688096,113.79257
,肯德基(四海公寓店),深圳,南山区,蛇口街道四海公寓一楼肯德基,,,22.49439,113.931342
,肯德基(南油地铁站店),深圳,南山区,粤海街道地铁九号线南油站一单元NY09NY10,,,22.511826,113.925927
,肯德基(宝安大仟里店),深圳,宝安区,西乡街道码头路新湖路海城路合围处宝安大仟里购物中心负一层B138-139,,,22.571462,113.873235
,肯德基(环球数码大厦K咖啡小馆),深圳,南山区,粤海街道麻岭社区高新中三道9号,,,22.543598,113.936528
,肯德基(观澜富士康店)(暂停营业),深圳,龙华区,观光路1412号富士康科技集团观澜科技园C21栋商业街1楼3号铺,,,22.737342,114.011451
,肯德基(固戍一路店),深圳,宝安区,西乡街道固戍一路426号(谢碧云石街综合楼),,,22.593085,113.845764
,肯德基(华盛珑悦店),深圳,龙华区,华盛珑悦,,,22.64888,114.031159
,肯德基(龙岗万达店),深圳,龙岗区,平湖街道禾花社区华南二道1号深圳龙岗万达广场3F层3030,,,22.674056,114.130785
,肯德基(龙园大观店),深圳,龙岗区,龙岗街道龙岗社区福宁路155号龙园大观花园一期1栋商业113-114号部分商铺,,,22.740929,114.267752
,肯德基(大侠谷店),深圳,盐田区,大梅沙东部华侨城大侠谷索道下异型台,,,22.613054,114.304045
,肯德基(南山华泰餐厅),深圳,南山区,建工村8号隆尚Minitown商业广场商铺B栋101号,,,22.561971,113.923336
,肯德基(奥林华府店),深圳,龙岗区,黄阁中路华讯商厦萃华教育城一楼-奥林华府肯德基,,,22.702699,114.219267
,肯德基(固戍地铁站店),深圳,宝安区,新天地购物广场正门旁(固戍地铁站F口步行160米),,,22.600073,113.84672
,肯德基(嘉信蓝海华府店),深圳,盐田区,嘉信蓝海华府裙楼1层,,,22.546286,114.232284
,肯德基(源政店),深圳,南山区,朗山路和科技北三路交汇处源政创业大厦一层,,,22.556139,113.942105
,肯德基(新沙店),深圳,宝安区,西环路2105号新沙天虹购物中心一楼,,,22.730198,113.800368
,肯德基(龙盛新天地店),深圳,龙岗区,宝龙街道中信龙盛广场1栋1层,,,22.722214,114.296531
,肯德基(光明一号店),深圳,光明区,光明高新西区科发路西侧十七号路南侧盛迪嘉光明壹号花园一期8号楼半地下72-2、73号,,,22.736669,113.9298
,肯德基(中山大学深圳校区店),深圳,光明区,新湖街道公常路66号中山大学西园学生宿舍4栋103房,,,22.798704,113.944396
,肯德基(平湖天虹店),深圳,龙岗区,平湖街道禾花社区富安大道8号海源城国际金融中心平湖天虹商场1011号铺位,,,22.681774,114.125467
,肯德基(融湖中心店),深圳,龙岗区,平龙路与平吉大道交汇处平湖融湖中心三期A、B座一层15号、二层15号商铺,,,22.691919,114.120353
,肯德基(沙井店),深圳,宝安区,沙井镇新沙路276号沙井百佳华商场首层,,,22.728048,113.825112
,肯德基(凤凰天誉店),深圳,宝安区,西乡街道凤凰天誉华府113-114-115商铺,,,22.593345,113.880357
,肯德基(旭生大厦餐厅),深圳,宝安区,西乡街道银田西发工业区B区6栋综合楼110-111-112商铺,,,22.58317,113.864048
,肯德基(坪地店),深圳,龙岗区,坪地坪洲百货大厦1层,,,22.76884,114.307024
,肯德基(高时九龙山餐厅),深圳,龙华区,福城街道福民社区狮径路9号核电工业园二栋一层102号商铺,,,22.713671,114.027563
,肯德基(后瑞店),深圳,宝安区,航城街道后瑞社区新瑞路1号102号商铺,,,22.627339,113.836806
,肯德基(新地中央店),深圳,光明区,光明街道光明社区新地中央办公楼01-002,,,22.761015,113.943229
,肯德基(龙坪天虹店),深圳,坪山区,龙坪天虹商场1层(新和地铁站C口步行470米),,,22.70366,114.339938
,肯德基(喜港城店),深圳,宝安区,松岗街道水围路2号东方水围鸿盛花园1层,,,22.764425,113.843075
,肯德基(罗湖商务中心餐厅),深圳,罗湖区,深南东路罗湖商务中心裙楼1楼西侧1-2单元,,,22.544677,114.125981
,肯德基(龙岗儿童公园餐厅),深圳,罗湖区,龙岗儿童公园1-101号商铺,,,22.558157,114.123556
,肯德基(虹桥公园店),深圳,光明区,光侨路与茶林路交叉口东北180米,,,22.746975,113.950475
,肯德基(樟树布店),深圳,龙岗区,南湾街道樟树布社区樟富北路一号一楼910 11号商铺,,,22.605975,114.155075
,肯德基(新大梅沙店),深圳,盐田区,梅沙街道大梅沙社区盐梅路100号希尔顿欢朋酒店主楼104,,,22.593659,114.306767
,肯德基(深圳湾公园站店),深圳,南山区,望海路与深圳湾滨海绿道交叉口东160米,,,22.486068,113.945769
,肯德基(卓越前海店),深圳,南山区,梦海大道5033号卓悦INTOWNL2-20a及L2-20b,,,22.529019,113.899332
,肯德基(中兴人才公寓),深圳,南山区,西丽街道中兴人才公寓商业街1期二栋111肯德基,,,22.573198,113.938486
,肯德基(水榭春天店),深圳,龙华区,民治街道人民南路与民塘路交汇处莱蒙水榭春天三期商业首层,,,22.629082,114.025624
,肯德基(蔚蓝海岸店),深圳,南山区,后海大道蔚蓝海岸四期商住楼首层KFC,,,22.507657,113.932748
,肯德基(甘坑小镇店),深圳,龙岗区,甘李路2号,,,22.655338,114.105232
,肯德基(梦工场店),深圳,南山区,南山街道桂湾社区梦海大道5188号前海深港青年梦工场北区16栋商铺,,,22.532417,113.904369
,肯德基(玉律店),深圳,光明区,光明新区公明街道办玉律社区德兴路2号东江工业园,,,22.717924,113.90059
,肯德基(星河时代店),深圳,龙岗区,黄阁路与深惠路交汇处星河时代COCO PARK 2楼L2C-012号商铺,,,22.691461,114.22943
,肯德基(安居鸣鹿苑店),深圳,光明区,安居鸣鹿苑北区1016-1017房屋,,,22.724175,113.929125
,肯德基(锦鲤大厦店),深圳,龙华区,观湖街道宝观城锦鲤大厦1栋1A一层1-05号,,,22.702359,114.04899
,肯德基(福城万达店),深圳,宝安区,万达广场B馆7号门旁,,,22.570661,113.892437
,肯德基(创城·ccone店),深圳,龙岗区,坪地街道黄竹北路9号,,,22.764476,114.303677
,肯德基(北站壹号餐厅),深圳,龙华区,民治街道民塘路与白松路交汇处华侨城创想大厦A128A129A130号铺位,,,22.616785,114.028419
,肯德基(兴万达店),深圳,龙华区,观澜大道兴万达商场首层,,,22.719055,114.058691
,肯德基(塘头店),深圳,宝安区,石岩街道塘头大道东海百货一二层,,,22.664664,113.916982
,肯德基(田心村餐厅),深圳,宝安区,石岩田心桃苑居一层01号商铺,,,22.686418,113.93683
,肯德基(海怡湾店),深圳,南山区,蛇口街道深圳湾社区岸湾六街6号鸿威海怡湾湾畔花园B-108,,,22.489796,113.94213
,肯德基(同惠路店),深圳,光明区,凤凰街道塘尾社区同业路与同惠路交汇处恒泰裕大厦2栋一层,,,22.73435,113.923312
,肯德基(花半里店),深圳,龙华区,龙华街道清华东路与大和路交界处花半里清湖花园13栋C15C16C17,,,22.672416,114.048943
,肯德基(上合花园店),深圳,宝安区,新安街道公园路上合花园商业裙楼L1-17、L2-48商铺,,,22.57754,113.903048
,肯德基(华兴路DT店),深圳,龙华区,大浪街道华兴路同富裕工业园8栋8124号,,,22.678654,113.994763
,肯德基(汇珑花园店),深圳,龙岗区,坂田街道信义君御山汇珑花园01-03号商铺,,,22.634317,114.072469
,肯德基(沙井万丰海岸城店),深圳,宝安区,新桥街道万丰中路万丰海岸城瑧园B1层E013-1号,,,22.713789,113.821576
,肯德基(大磡商业街店),深圳,南山区,西丽街道大磡商业街68号104-105号商铺,,,22.619368,113.974678
,肯德基(海景大厦店),深圳,南山区,招商街道赤湾四路36号海景大厦103-104号商铺,,,22.478644,113.888118
,肯德基(梧桐山河驿站KCOFFEE TRUCK),深圳,罗湖区,望桐新路3号,,,22.590898,114.186492
,肯德基(金水湾店),深圳,盐田区,北山道与盐田路交汇处以西金水湾御园裙楼P34P35号铺,,,22.5911,114.257195
,肯德基(雍和园店),深圳,宝安区,西乡街道庄边社区雍和园1栋A7,,,22.587042,113.88655
,肯德基(坪山天虹店),深圳,坪山区,中山大道与锦龙大道交会处东城国际坪山天虹商场一层1201号铺位,,,22.679122,114.329197
,肯德基(新桥佳华领创店),深圳,宝安区,新桥街道沙企社区沙井中心路百佳华·佳漾汇(新桥店)2F层L2018,,,22.733982,113.828951
,肯德基(英荟城店),深圳,光明区,凤凰街道甲子塘社区凤凰英荟城3栋A座111,,,22.728361,113.930896
,肯德基(泰逸大厦店),深圳,宝安区,海城路235号泰逸大厦一层A1号商铺,,,22.565051,113.868299
,肯德基(松岗满京华店),深圳,宝安区,松岗街道沙浦社区沙浦艺展四路6号艺术小镇2号楼T1-131-132-136,,,22.783404,113.835099
,肯德基(美年广场餐厅),深圳,南山区,南海大道以西鹏基时代创业园花样年美年广场1栋一层,,,22.501933,113.921503
,肯德基,深圳,光明区,安发路与松白路辅路交叉口东80米,,,22.770375,113.902075
,肯德基(峦山美地店),深圳,龙岗区,龙岗街道仁恒峦山美地花园147一层二层148-1491,,,22.689017,114.269927
,肯德基(华业玫瑰郡店),深圳,龙岗区,中心城龙平西路与吉祥路交汇处1-3层万家MART一层1F0005铺位,,,22.729991,114.237488
,肯德基(富士锦园店),深圳,坪山区,坑梓街道金沙社区坪山大道与人民东路交汇处富士锦园6栋一层6-08号,,,22.757054,114.405992
,肯德基(燕罗店),深圳,宝安区,燕罗路233号,,,22.796999,113.86404
,肯德基(福围店),深圳,宝安区,福永街道下十围路31号盛浩鑫广场一楼001号铺位,,,22.655976,113.820344
,肯德基(凤凰山店),深圳,宝安区,凤凰山台湾美食街肯德基,,,22.684625,113.844875
,肯德基(石岩天源隆),深圳,宝安区,石岩街道龙腾社区宝石西路37-1037-1137-12号商铺,,,22.682963,113.929089
,肯德基(大康餐厅),深圳,龙岗区,园山街道大康社区山子吓路313号大康商业综合楼一层335号商铺,,,22.643921,114.231648
,肯德基(珑门店),深圳,龙华区,商铺福城街道新丹路88号珑门名苑一期3栋半地下120-1,,,22.72312,114.029219
,肯德基(尖岗山壹号店),深圳,宝安区,尖岗山壹号花园,,,22.58657,113.91839
,肯德基(领航城店),深圳,宝安区,西乡街道领航城领尚华府105-108商铺,,,22.611636,113.856796
,肯德基(观澜天虹餐厅),深圳,龙华区,观澜街道大和路中航格澜郡商业楼A栋观澜天虹一层,,,22.694744,114.049173
,肯德基(沙湾餐厅),深圳,龙岗区,南湾街道沙湾社区丹沙路2号综合楼1层1号商铺,,,22.607242,114.164165
,肯德基(潮商广场KFC),深圳,坪山区,坪山街道六联社区坪山大道2011号潮商广场裙楼101-102-,,,22.681992,114.335914
,肯德基(阿里中心店),深圳,南山区,科苑南路3331号阿里巴巴大厦T2栋一楼T2-1112商铺,,,22.509826,113.942637
,肯德基(李朗珠宝园店),深圳,龙岗区,南湾街道中盈珠宝工业区中心广场A16A17号铺,,,22.642344,114.124989
,肯德基(共和店),深圳,宝安区,沙井街道共和社区第二工业区B8栋106,,,22.758022,113.803138
,肯德基(西岸华府店),深圳,宝安区,松岗街道沙江路中海西岸华府南区1栋101首层,,,22.769541,113.822716
,肯德基(平湖美凯龙店),深圳,龙岗区,平安大道309号1层1A001-1号商铺,,,22.670484,114.140881
,肯德基(恒明珠店),深圳,宝安区,新安街道建安一路恒明珠金融大厦西座102,,,22.55724,113.909616
,肯德基(荣丰中心餐厅),深圳,龙岗区,坂田街道坂澜大道与中浩一路交汇处荣丰中心一楼C107号商铺,,,22.653852,114.081539
,肯德基(坑梓店),深圳,坪山区,坑梓街道人民路与梓兴路交汇处,,,22.744612,114.372958
,肯德基(半岛城邦店),深圳,南山区,望海路1123号一层,,,22.480156,113.932525
,肯德基(航空航天大厦餐厅),深圳,南山区,高新南九道航空航天大厦2号楼103室,,,22.526926,113.941882
,肯德基(鑫园广场店),深圳,龙岗区,大鹏新区坪葵路11号鑫园广场大厦一层005号商铺,,,22.627526,114.419576
,肯德基(锦华大厦餐厅),深圳,龙华区,大浪街道高峰社区陶吓锦华大厦1层103-104号商铺,,,22.647751,114.005422
,肯德基(蛇口文体公园餐厅),深圳,南山区,蛇口街道招商东路与后海滨路交汇处蛇口文体公园一层,,,22.493486,113.937391
,肯德基(西坑餐厅),深圳,龙岗区,横岗街道西坑社区梧岗路22号宝桐商业广场一层109号商铺,,,22.612925,114.223575
,肯德基(深信服科技大厦店)(暂停营业),深圳,南山区,仙洞路16号深信服科技大厦F1层,,,22.579475,113.946442
,肯德基(松岗永辉店),深圳,宝安区,松岗街道红星社区星际家园1-3栋裙楼第一层永辉超市A,,,22.764488,113.832746
,肯德基(爱购百货广场KFC),深圳,宝安区,石岩街道上屋社区宝石南路206号石岩爱购百货商场,,,22.680489,113.933983
,肯德基(阳光科创店),深圳,南山区,南新路阳光科创中心1期112,,,22.514491,113.914805
,肯德基(云熙谷KFC),深圳,宝安区,石岩街道罗租社区云熙谷二期S111-110-111,,,22.671775,113.939987
,肯德基(颐安都会中央店),深圳,龙岗区,犁嘴路颐安都会中央花园(四区)1-23-25,,,22.688906,114.224436
,肯德基(留仙洞有巢),深圳,南山区,留仙村路与创业东路交叉口西240米,,,22.586494,113.926583
,肯德基(大鹏店),深圳,龙岗区,大鹏镇迎宾北路18号千禧大厦1-2楼,,,22.594013,114.476328
,肯德基(龙岗儿童公园店),深圳,龙岗区,龙岗儿童公园1-101号商铺,,,22.735378,114.227204
,肯德基(共联都市智谷餐厅),深圳,龙华区,区观澜街道平安路东侧与库坑二路交汇处共联富基创新园1栋1层01-04号商铺,,,22.741247,114.042447
,肯德基(光明云科府店),深圳,光明区,新湖街道圳美社区圳园路TFY21地块(云科府)一栋一层01-03号商铺,,,22.788446,113.960028
,肯德基(龙城中央店),深圳,龙岗区,金地凯旋广场(推广名金地龙城中央)三期商业3A一楼17-20号铺21,,,22.712545,114.251629
,肯德基(瑞景园店),深圳,龙岗区,龙岗街道龙平东路东方瑞景苑首层,,,22.729789,114.269087
,肯德基(梧桐春晓店),深圳,盐田区,中青路后方陆域西南片区梧桐翡翠花园A栋101-102-103号,,,22.586749,114.242855
,肯德基(桥头店),深圳,宝安区,东海百货西北门旁,,,22.687783,113.802088
,肯德基(观澜福海百货店),深圳,龙华区,观湖街道五和大道福海百货,,,22.684142,114.077603
,肯德基(平湖印象里店),深圳,龙岗区,平湖街道凤凰大道33号新生活广场L1层01-32/33/34号,,,22.689028,114.152559
,肯德基(比亚迪店)(暂停营业),深圳,坪山区,比亚迪坪山园区D27号科技楼一楼,,,22.676672,114.363904
,肯德基(三诺大厦店),深圳,南山区,三诺智慧大厦第一层的L1-09.10第二层L2-03,,,22.522655,113.937268
,肯德基(公明友谊店),深圳,光明区,公明镇新安路10号友谊书城1层,,,22.782221,113.889575
,肯德基(盐田东海街店),深圳,盐田区,盐田街道明珠社区盐田北四街盐田邮政综合楼,,,22.58901,114.252229
,肯德基(仁山智水店),深圳,龙华区,观澜街道环观南路96号北侧仁山智水花园一期F08栋-4,,,22.692594,114.066112
,肯德基(坳背站餐厅),深圳,龙岗区,保安社区坳背路109号金华晨百货一层P010号商铺,,,22.668664,114.21401
,肯德基(松柏天虹商场店),深圳,龙岗区,横岗街道龙岗大道与保康路交汇处天虹商场松柏店一楼,,,22.649968,114.211507
,肯德基(盘龙苑餐厅),深圳,坪山区,安居盘龙苑一栋A座L1-1014-1015号,,,22.72423,114.360562
,肯德基(新裕客隆店),深圳,宝安区,沙井路180号裕客隆购物广场1层,,,22.728486,113.807638
,肯德基(一诺百汇餐厅),深圳,南山区,蛇口街道东角头社区后海大道1010号一诺百汇一层肯德基,,,22.490694,113.93519
,肯德基(仁恒前海梦公园店),深圳,宝安区,新桥街道寮盛路与南洞东路交汇处的仁恒芯梦公园仁恒里•芯梦公园10号商铺,,,22.718148,113.848136
,肯德基(石岩奋达DT店),深圳,宝安区,石岩街道洲石路奋达科技园的1号楼G层G01-G03,,,22.670945,113.896965
,肯德基(百泰产业园店),深圳,坪山区,龙田街道老坑社区光科一路1号百泰黄金珠宝大厦1号厂房负一楼101号商铺,,,22.730189,114.376604
,肯德基(和荣西湾餐厅),深圳,宝安区,西乡街道航城大道南面顺昌路东面和荣家园04-05-06商铺,,,22.602265,113.842861
,肯德基(端慧苑餐厅),深圳,光明区,马田街道新庄社区松白路兆邦基端慧苑首层L-136L-137L-138,,,22.761131,113.905334
,肯德基(宏发万悦山店),深圳,光明区,春熙路23号宏发万悦山璟庭11栋半地下商业半地下01层10-13号房屋,,,22.75445,113.938114
,肯德基(桔坑路餐厅),深圳,龙华区,福城街道大水坑社区大三村467号万盈佳百货一层,,,22.730293,114.011764
,肯德基(中海寰宇时代店),深圳,光明区,光明街道中海寰宇时代F1层69-73号商铺,,,22.741275,113.941975
,肯德基(保利勤诚达店),深圳,龙岗区,五联路5号,,,22.745392,114.237035
,肯德基(松福店),深圳,宝安区,沙井街道民主大道豪景城东座岁宝百货1层102号铺,,,22.736125,113.792767
,肯德基(名骏豪庭店),深圳,罗湖区,港莲路20-4号名骏豪庭,,,22.559292,114.172957
,肯德基(四海云亭店),深圳,宝安区,沙井街道后亭社区大浦路四海云亭肯德基,,,22.757969,113.821135
,肯德基(国展中心店)(暂停营业),深圳,宝安区,深圳国际会展中心第三层的第L1C301-1商铺,,,22.695236,113.77833
,肯德基(云玺锦庭店),深圳,宝安区,新安街道云玺锦庭101-102-103号商铺,,,22.54985,113.894534
,肯德基(万科星城店),深圳,宝安区,新桥街道万科星城商业中心4栋113-114-115号商铺,,,22.715437,113.83205
,肯德基(福永意库店),深圳,宝安区,福永街道福洲大道福海工业区二区2号首层福永意库L103-L104号,,,22.674326,113.809964
,肯德基(福永服务区店),深圳,宝安区,广深高速公路福永停车区L1-03商铺,,,22.694538,113.84752
,肯德基(较场尾餐厅),深圳,龙岗区,大鹏新区大鹏街道鹏城社区较场尾路6号C101-C103号,,,22.591104,114.511387
,肯德基(智慧家园店),深圳,龙岗区,宝龙街道宝荷大道76号智慧家园二期3B栋101号铺位,,,22.689046,114.299137
,肯德基(怀德万象汇餐厅),深圳,宝安区,福永大道怀德万象汇(怀德地铁站B1地铁口下去左转第一家店铺),,,22.667584,113.819077
,肯德基(御景印象店),深圳,坪山区,坪山街道坪环牛角龙京基御景印象家园二期1栋103号,,,22.676537,114.333974
,肯德基(中山大学深圳校区餐厅),深圳,光明区,新湖街道公常路66号中山大学西园学生宿舍4栋103房(校外勿点餐),,,22.799177,113.95303
,肯德基(塘尾店),深圳,宝安区,福永街道塘尾社区凤塘大道唐美商场一层,,,22.700712,113.801878
,肯德基(宏发嘉域店),深圳,光明区,公明街道薯田埔社区宏发嘉域花园1层121号铺,,,22.782109,113.877959
,肯德基(宝利豪庭店),深圳,宝安区,松岗楼岗大道1号天虹商场F1层,,,22.763798,113.851541
,肯德基(陶源花园店),深圳,龙岗区,协力路与石丰路交叉口陶源花园1栋A座108-110商铺,,,22.750773,114.232882
,肯德基(同泰广场店),深圳,宝安区,福海街道宝安大道6259号同泰时代广场L1层68-24铺位,,,22.678281,113.803741
,肯德基(宝安华强广场餐厅),深圳,宝安区,福海街道凤塘大道153号华强广场一楼L1-20L1-21号商铺,,,22.69958,113.816445
,肯德基(光明松园居餐厅),深圳,光明区,新湖街道公常路与罗仔路交汇处东南侧羌下松园居1栋商业01层0304号,,,22.80012,113.965515
,肯德基(蔚蓝左岸),深圳,坪山区,碧岭街道碧沙北路和坪山河北路交汇处东北侧蔚蓝左岸商铺78 9号商铺,,,22.67332,114.312634
,肯德基(光明大仟里店),深圳,光明区,光明大仟里购物中心A区,,,22.775483,113.894478
,肯德基(葵涌店),深圳,龙岗区,葵涌葵民路2号三溪社区中新居民小组综合楼乐兴百货一楼,,,22.635171,114.42859
,肯德基(嘉富新禧店),深圳,宝安区,沙井街道嘉富新禧08/09/10号商铺,,,22.74229,113.832313
,肯德基(坝光新村店),深圳,龙岗区,葵涌街道坝光新村东区8号楼易德天地一楼L1-102-103室,,,22.636913,114.406945
,肯德基(马安山花园餐厅),深圳,宝安区,沙井街道马安山社区马安山花园1层112号商铺,,,22.717238,113.816426
,肯德基(聚龙花园店),深圳,坪山区,龙田街道聚龙花园二期二栋103,,,22.722246,114.386575
,肯德基(溪头潮悦汇餐厅),深圳,宝安区,松岗溪头社区天云路72号佳沃综合楼潮悦汇一层F1-002号,,,22.774443,113.839005
,肯德基(松河瑞园店),深圳,宝安区,松岗街道松河瑞园二期148号商铺,,,22.7698,113.831054
,肯德基(沙井卓越时光店),深圳,宝安区,沙井街道辛养社区卓越誉珑卓悦时光购物中心一楼L1-15,,,22.736458,113.813354
,肯德基(水岸新都店),深圳,龙岗区,龙岗镇新生村仙人岭水岸新都三期22号楼商场114-1号,,,22.747453,114.278716
,肯德基(葵涌比亚迪店),深圳,龙岗区,葵涌比亚迪工业园文体中心1层,,,22.634212,114.434734
,肯德基(书香门第店),深圳,龙华区,上河坊购物乐园东入口旁,,,22.599328,114.047313
,肯德基(数码新城店),深圳,龙岗区,黄阁路461号,,,22.720749,114.217578
,肯德基(坪山友谊店),深圳,坪山区,深汕路246号坪山投资大厦地面停车场出口,,,22.695498,114.34629
,肯德基(镇乾大厦餐厅)(暂停营业),深圳,龙华区,龙华街道油松社区工业路与油松路交汇处镇乾大厦1F-01/02,,,22.639116,114.043812
,肯德基(明汇府餐厅),深圳,光明区,马田街道富利南路与振发路交汇处北侧明汇府商业首层,,,22.775523,113.886453
,肯德基(杭州永安店),杭州,上城区,解放路199号,,,30.250404,120.170307
,肯德基(杭州高德店),杭州,上城区,解放东路45号高德商场F2层,,,30.243255,120.207796
,肯德基(新塘乐购店),杭州,上城区,新塘路29-31号(庆春广场地铁站A1口步行310米),,,30.259315,120.207542
,肯德基(杭州来福士店),杭州,上城区,民心路来福士广场B1-09/10,,,30.248204,120.212986
,肯德基(庆春店),杭州,拱墅区,庆春路70号,,,30.258208,120.176815
,肯德基(杭州庆丰店),杭州,西湖区,教工路23号,,,30.274022,120.135997
,肯德基(新塘世纪联华店),杭州,上城区,景芳路与新塘路交汇处西南角新城时代广场一层,,,30.266326,120.207266
,肯德基(杭州天虹店),杭州,上城区,新塘路108号杭州五福天虹购物中心A座1层A109-1号,,,30.264271,120.208548
,肯德基(采荷店),杭州,上城区,庆春东路57号(庆菱路地铁站A1口步行220米),,,30.257411,120.196188
,肯德基(星光店),杭州,滨江区,江南大道228号星光大道商业街一楼,,,30.207245,120.209257
,肯德基(庆春银泰店),杭州,上城区,景昙路18-26号银泰百货F1,,,30.260304,120.20505
,肯德基(天成店),杭州,上城区,天城路86号中博家居广场一层商铺,,,30.287353,120.199964
,肯德基(杭州万象店),杭州,拱墅区,体育场路430号(武林门地铁站A1口步行210米),,,30.270922,120.156544
,肯德基(天城国际店),杭州,上城区,机场路117-131号天城国际肯德基,,,30.285505,120.192431
,肯德基(杭州星澜店),杭州,滨江区,西兴路2333号星澜大厦4幢一层119-120,,,30.215035,120.221008
,肯德基(杭州湖滨店),杭州,上城区,东坡路8号(龙翔桥地铁站C口步行310米),,,30.252464,120.163219
,肯德基(中海国际店),杭州,滨江区,中海·寰宇天下A区,,,30.216177,120.2121
,肯德基(朝晖店),杭州,拱墅区,河东路138号(潮王路地铁站E2口步行340米),,,30.285759,120.161885
,肯德基(市民中心1号店),杭州,上城区,四季青街道解放东路18号市民中心H座南区一层,,,30.245309,120.210281
,肯德基(杭州红石店),杭州,拱墅区,湖墅南路216-218号,,,30.283075,120.153125
,肯德基(杭州秋涛店),杭州,上城区,秋涛北路248号华润万家1层,,,30.282976,120.199824
,肯德基(杭州新天地店),杭州,拱墅区,东文路89号凯兴郦座一层,,,30.323859,120.181069
,肯德基(杭州远洋店),杭州,拱墅区,大关路101号远洋乐堤港负一楼,,,30.304539,120.142486
,肯德基(萧山永盛店),杭州,萧山区,经济技术开发区建设三路345号永盛大厦,,,30.20552,120.243875
,肯德基(杭州断桥店),杭州,西湖区,北山路13号,,,30.259761,120.151174
,肯德基(萧山万佳店),杭州,萧山区,市心中路金城广场TEL(杭发厂地铁站A口步行340米),,,30.173997,120.267498
,肯德基(文一店),杭州,西湖区,文一路298号,,,30.287954,120.1231
,肯德基(杭州北山店),杭州,西湖区,北山路8587号,,,30.251618,120.134536
,肯德基(萧山恒隆店),杭州,萧山区,北干街道众安广场2、3、4、5幢其中2幢105号、118号、119号1层,,,30.178175,120.262388
,肯德基(杭州浦沿店),杭州,滨江区,浦沿镇浦沿路和滨文路交叉路口,,,30.171536,120.147058
,肯德基(杭州赛码DT店),杭州,拱墅区,登云路518号赛码楼A001号,,,30.29793,120.117836
,肯德基(滨江西兴楼店),杭州,滨江区,西兴街道固陵路64号一号楼108-109-110室一楼肯德基,,,30.191386,120.22763
,肯德基(杭州武林服饰城店),杭州,拱墅区,凤起路519号3幢(凤起路地铁站E口步行190米),,,30.262898,120.160859
,肯德基(杭州之翼店),杭州,上城区,环站东路与鸿泰路交叉口东北角4号楼1-011号,,,30.294131,120.222014
,肯德基(杭州钛合店),杭州,拱墅区,朝晖路168-4钛合广场一楼,,,30.277926,120.170592
,肯德基(杭州复兴店),杭州,上城区,复兴路103号喜盈盈宾馆一楼,,,30.213806,120.170628
,肯德基(江城餐厅),杭州,上城区,江城路558号(江城路地铁站H口步行380米),,,30.235178,120.176289
,肯德基(萧山天润发店),杭州,萧山区,育才北路518号(育才北路地铁站E口步行80米),,,30.180043,120.278153
,肯德基(华中南路店),杭州,拱墅区,石桥街道华中南路672号,,,30.32428,120.20198
,肯德基(杭州站)(暂停营业),杭州,上城区,江城路893号杭州站2层(城站地铁站A3口步行80米),,,30.24441,120.182759
,肯德基(杭州西城店),杭州,西湖区,文二西路551号,,,30.280819,120.09456
,肯德基(中赢国际店),杭州,滨江区,江晖路1266号1268号1270号,,,30.200265,120.210742
,肯德基(萧山市民中心店),杭州,萧山区,北干街道博学路610号萧山区科技创新中心C楼一层商业区07室商铺,,,30.187675,120.263975
,肯德基(杭州隆港国际店),杭州,萧山区,宁围街道皓月路128-130-132号一层,,,30.232191,120.255431
,肯德基(杭州万泰城店),杭州,上城区,望江东路332号万泰城一层111号,,,30.229577,120.192196
,肯德基(拱墅宝龙店),杭州,拱墅区,杭政储出23号地块杭州拱墅宝龙广场1层033-034,,,30.340558,120.178818
,肯德基(滨江开元广场店),杭州,滨江区,浦沿街道西浦路滨江开元广场商铺号M-B1-023肯德基,,,30.16879,120.136012
,肯德基(杭州滨江宝龙店),杭州,滨江区,江南大道与火炬大道交叉口滨盛路3867号二楼,,,30.187918,120.167094
,肯德基(杭州信义坊店),杭州,拱墅区,湖墅南路488号1层101室-17,,,30.294393,120.147006
,肯德基(京杭大运河店),杭州,拱墅区,环城北路188号环北公园武林门码头Kfc,,,30.274153,120.165188
,肯德基(和平德信中心店),杭州,拱墅区,316号杭州和平德信中心项目3幢1F-0203幢,,,30.298086,120.169464
,肯德基(滨江之西湖店),杭州,滨江区,滨江世茂之西湖6号楼1楼116号,,,30.187236,120.147833
,肯德基(萧山新时代大酒店店),杭州,萧山区,市心北路与加贸路交叉口新时代大酒店一层商铺号肯德基,,,30.206418,120.267991
,肯德基(杭州西溪银泰城店),杭州,西湖区,西投银泰城(浙大紫金港地铁站B2口步行80米),,,30.292977,120.076102
,肯德基(杭州石桥大润发店),杭州,拱墅区,石桥路与杭玻路交叉口西南角大润发1层,,,30.342496,120.190656
,肯德基(杭州西田店),杭州,余杭区,良渚街道莫干山路1509号一层1F014及二层2F007,,,30.340498,120.095026
,肯德基(杭州九堡店),杭州,上城区,杭海路878号金海城一楼(九堡地铁站A口步行70米),,,30.308615,120.266903
,肯德基(萧山魔方城店),杭州,萧山区,耕文路168号魔方城F1层,,,30.240233,120.303993
,肯德基(萧山钱江世纪公园店),杭州,萧山区,钱江世纪公园A区10幢3号商铺,,,30.242962,120.239533
,肯德基(杭州黄龙时代店),杭州,西湖区,万塘路12-2号一楼(古荡地铁站C口步行370米),,,30.273256,120.124939
,肯德基(杭州银江宾馆店),杭州,上城区,庆春路65号银江宾馆一楼1-2号商铺和二楼2-2号商铺,,,30.257514,120.181084
,肯德基(上塘店),杭州,拱墅区,上塘镇大关路北侧杭州欧尚超市,,,30.310359,120.148444
,肯德基(国芳龙湖店),杭州,上城区,龙湖杭州国芳天街,,,30.309619,120.273325
,肯德基(杭州东站西广场店),杭州,上城区,天城路1号杭州东站B1层,,,30.28949,120.209817
,肯德基,杭州,拱墅区,香积寺路与再行路交叉口东80米,,,30.307275,120.171075
,肯德基(杭州乐天城DT店),杭州,余杭区,五常大道153号西溪乐天城F1层,,,30.24543,120.039862
,肯德基(杭州西嘉店),杭州,余杭区,五常街道联胜路6号西嘉广场(联胜路地铁站D口旁),,,30.244101,120.029766
,肯德基(杭州丁桥西子山姆店),杭州,上城区,江干区大农港路1216至1296号8幢一层1F02商铺,,,30.349226,120.208262
,肯德基(萧山泰富店),杭州,萧山区,萧绍路和通惠路交叉口泰富广场1层,,,30.164351,120.284248
,肯德基(莲荷里店),杭州,滨江区,飞虹路3号大莲花LG层莲荷里B1层,,,30.22658,120.230315
,肯德基(钱江世纪城山水时代店),杭州,萧山区,山水时代大厦一楼TELL,,,30.240825,120.248825
,肯德基(滨江海威店),杭州,滨江区,西兴街道与物联网街交叉口西北角新郡大厦3号楼1F,,,30.211387,120.225122
,肯德基(浙数店),杭州,拱墅区,储鑫路15号浙数科技中心A楼A111号A112号商铺肯德基,,,30.334978,120.16127
,肯德基(萧山市心店),杭州,萧山区,市心南路152号TEL,,,30.160378,120.26732
,肯德基(汇德隆购物中心店),杭州,萧山区,市心南路828号汇德隆购物中心1层(近潘水南苑),,,30.143567,120.267037
,肯德基(圆伦大厦店),杭州,滨江区,江南大道一楼1790号(长河地铁站G口步行140米),,,30.197745,120.197252
,肯德基(浙大紫金港店),杭州,西湖区,石祥西路859号,,,30.306457,120.076577
,肯德基(杭州紫霞街店),杭州,西湖区,蒋村街道蒋村东路与双龙路交叉口西南角三深商务中心F101号商铺,,,30.290259,120.075202
,肯德基(杭州丁桥龙湖店),杭州,上城区,丁桥大农港路与丁城路交叉口龙湖杭州丁桥天街B1层B1-03,,,30.350938,120.216415
,肯德基(杭州钱江时代广场店),杭州,上城区,城星路111号钱江国际时代广场2幢102、103室,,,30.240774,120.20587
,肯德基(杭州灵隐店),杭州,西湖区,灵隐路34号,,,30.240388,120.106324
,肯德基(钱江世纪城钱江大观店),杭州,萧山区,金鸡路与利一路交叉口据日大厦钱江大观1楼,,,30.237388,120.238569
,肯德基(中国计量大学店),杭州,钱塘区,学源街445号,,,30.318023,120.358663
,肯德基(杭州东站东广场店),杭州,上城区,全福桥路2号杭州东站B1层,,,30.293159,120.215636
,肯德基(万科杭行道店),杭州,余杭区,良渚街道祥运路325号(祥园路地铁站A口步行330米),,,30.338392,120.118231
,肯德基(杭州解放路店餐厅),杭州,上城区,解放路9193号一层1F02商铺肯德基,,,30.250195,120.177713
,肯德基(杭州未名府店),杭州,余杭区,溪沁街与邱桥路交汇处(五常地铁站B口步行310米),,,30.294003,120.043442
,肯德基(西湖科技园店),杭州,西湖区,振华路294-2296-2号一层,,,30.312225,120.066175
,肯德基(杭州奥体印象城店),杭州,萧山区,飞虹路1408号印力汇德隆杭州奥体印象城B1,,,30.223792,120.251751
,肯德基(西湖文化广场店),杭州,拱墅区,西湖文化广场C座8-1号,,,30.277472,120.16477
,肯德基(经贸中心店),杭州,拱墅区,延安路462号464号-1经贸中心一层,,,30.264217,120.163943
,肯德基(滨江火炬大道店),杭州,滨江区,浦沿街道岩大房59号1号楼一层商铺101-102室,,,30.169527,120.168028
,肯德基(乔司物美店),杭州,临平区,乔司街道永和村博卡路16号,,,30.345549,120.284724
,肯德基(吉华创新产业园店),杭州,萧山区,萧清大道571号,,,30.23071,120.389175
,肯德基(东站花园中心店),杭州,上城区,富亿·花园中心,,,30.297648,120.218648
,肯德基(杭州赞成中心店),杭州,上城区,之江路618号(南星桥地铁站C口步行350米),,,30.214083,120.178339
,肯德基(西溪龙湖店),杭州,西湖区,蒋村街道余杭塘路1001号龙湖西溪天街B1-20,,,30.294399,120.06789
,肯德基(文三颐高店),杭州,西湖区,文三路345号(文三路地铁站A口步行290米),,,30.276801,120.133279
,肯德基(杭州东站万象汇店),杭州,上城区,东站万象汇B1层,,,30.295349,120.215952
,肯德基(杭州滨江保利天汇店),杭州,滨江区,长河街道聚财路120号滨汇之都之B1层,,,30.182234,120.198463
,肯德基(海上明月店),杭州,萧山区,建设一路606号/608号TEL,,,30.194121,120.253554
,肯德基(萧山紫橙国际店),杭州,萧山区,金城路39号紫橙国际F1层,,,30.184107,120.236448
,肯德基(杭州水晶城店),杭州,拱墅区,上塘路458号水晶城购物中心一楼,,,30.304532,120.151462
,肯德基(西溪周家村店),杭州,西湖区,中国杭州天目山路518号西溪湿地一期F2-9商铺及大码头且留下,,,30.255785,120.060948
,肯德基(杭州拱墅万达店),杭州,拱墅区,杭行路666号万达广场2层,,,30.330106,120.120261
,肯德基(杭州乐时城店),杭州,余杭区,五常街道向往街368号1幢乐时城1层104号铺2层204号铺,,,30.286409,120.016585
,肯德基(杭州华夏之心店),杭州,余杭区,仓前街道余杭塘路2499号一层128商铺,,,30.282607,120.001959
,肯德基(杭州聚龙),杭州,西湖区,跑马场巷9号聚龙大厦A座1层,,,30.268819,120.139624
,肯德基(萧山开元广场店),杭州,萧山区,市心南路1216号萧山开元广场L1层,,,30.135215,120.267106
,肯德基(杭州和平饭店),杭州,拱墅区,朝晖路108号,,,30.278725,120.177275
,肯德基(杭州砂之船奥莱店),杭州,上城区,四季青街道解放东路8号砂之船奥特莱斯人马街030号,,,30.244357,120.211977
,肯德基(杭州阿里云店),杭州,西湖区,灯彩街与智强路交叉口东北220米,,,30.318675,120.039428
,肯德基(杭州大悦城悦街店),杭州,拱墅区,隐秀路1号纲悦商业中心悦街4号楼,,,30.300974,120.129225
,肯德基(韵动城店),杭州,萧山区,B29路与市心南路交叉口西100米,,,30.120985,120.267615
,肯德基(杭州城北万象城店),杭州,余杭区,杭行路1499号杭州城北万象城负一层,,,30.351758,120.113131
,肯德基(杭州天空之城店),杭州,余杭区,浩苍巷辅路与鲲顺街交叉口南220米,,,30.296849,120.044538
,肯德基(杭州福雷德店),杭州,钱塘区,文泽路99号福雷德广场1F层102,,,30.316288,120.347316
,肯德基(杭州下沙宝龙店),杭州,钱塘区,2号大街与25号大街交叉口宝龙城市广场3号楼1层,,,30.311487,120.384519
,肯德基(杭州央石大厦餐厅),杭州,拱墅区,候圣街390号央石大厦肯德基,,,30.344781,120.143529
,肯德基(杭州东尚城店),杭州,上城区,东尚城116号,,,30.300075,120.278554
,肯德基(杭州草庄世纪联华店),杭州,上城区,浙商国际中心2幢一层商铺号1F30,,,30.309613,120.212638
,肯德基(浙江省黄龙体育中心店),杭州,西湖区,黄龙路1号浙江省黄龙体育中心,,,30.267141,120.130785
,肯德基(杭州文三店),杭州,西湖区,文三路478号华星时代广场C座一层,,,30.276818,120.125293
,肯德基,杭州,西湖区,荆大路181号云谷福地中心,,,30.310015,120.035481
,肯德基(中赢星海店)(暂停营业),杭州,滨江区,长河街道众创路30号中赢星海C座1单元101室,,,30.193027,120.209941
,肯德基(滨江智慧之门店),杭州,滨江区,西兴街道智慧之门中心商铺55/56/57一层,,,30.215115,120.229339
,肯德基(金帝T-ONE MO店),杭州,萧山区,金帝T-ONE MOB1(兴议地铁站B口步行200米),,,30.212846,120.239085
,肯德基(萧山金城路物美店),杭州,萧山区,北干街道金城路157号物美大卖场一层5039-F1-A001(F1-008)号商铺,,,30.182931,120.244466
,肯德基(转塘西投横创DT店),杭州,西湖区,西投横创商务中心一楼肯德基,,,30.139314,120.076693
,肯德基(紫荆龙湖店),杭州,西湖区,三墩镇古墩路1009号龙湖杭州紫荆天街B1层B1-13,,,30.321123,120.091537
,肯德基(杭州下沙龙湖店),杭州,钱塘区,下沙金沙大道560号龙湖金沙天街B1-012,,,30.310286,120.326582
,肯德基(杭州晴川街店),杭州,西湖区,晴川街路413号鳌溪亿合大楼102室-6,,,30.28342,120.062795
,肯德基(杭州高沙物美店),杭州,钱塘区,钱塘新区金沙大道201号财通中心101-16号商铺号5033-F1-B01,,,30.308912,120.33427
,肯德基(杭州龙禾店),杭州,拱墅区,祥符街道丰庆路492号建冠龙禾商务中心1幢101室2号商铺,,,30.326611,120.097731
,肯德基(杭州运河广场店),杭州,拱墅区,运河购物广场B1层,,,30.317826,120.140584
,肯德基(萧山博地中心店),杭州,萧山区,宁围街道民和路630-10号博地时代大厦3幢B1层,,,30.236066,120.252582
,肯德基(西投银泰城店),杭州,西湖区,转塘街道枫桦西路9号西投银泰城B1楼,,,30.146882,120.102986
,肯德基(科技园店),杭州,钱塘区,白杨街道科技园路1号1幢4-141至143室,,,30.304028,120.367549
,肯德基(杭州亚运公园店),杭州,拱墅区,学院北路999/丰潭路888号杭州亚运公园商业街(铺位号S-02),,,30.312572,120.103718
,肯德基(运溪路DT店),杭州,余杭区,运溪路175号,,,30.241825,119.960925
,肯德基(杭州绿地中央广场店),杭州,拱墅区,绿地运河商务中心,,,30.302999,120.143621
,肯德基(杭州招商花园城店),杭州,上城区,彭埠街道九和路583号七堡花园城商业中心1层139号,,,30.300714,120.243262
,肯德基(萧山银隆百货店),杭州,萧山区,市心中路268号银隆百货B座地上第一层B125B126号商铺,,,30.17045,120.267908
,肯德基(萧山博学路店),杭州,萧山区,金惠路282-34正东方向110米钱塘明月,,,30.187613,120.271019
,肯德基(凤起路地铁店),杭州,拱墅区,杭州凤起路地铁站商业街C5出入口,,,30.26003,120.164092
,肯德基(临平余之城店),杭州,临平区,迎宾路469号余之城写字楼F1层,,,30.39407,120.303073
,肯德基(杭州欧美金融城店)(暂停营业),杭州,余杭区,文一西路与水城北路交汇处东北的欧美金融城,,,30.280412,120.002269
,肯德基(临平万宝城店),杭州,临平区,荷禹路与北沙西路交汇处西南侧110米,,,30.431494,120.284968
,肯德基(临平银泰城店),杭州,临平区,世纪大道118号理想·银泰城负1层(临平地铁站C口旁),,,30.405275,120.303087
,肯德基(闲林城市家园店),杭州,余杭区,闲林街道闲富中路216号218号220号,,,30.226762,119.983232
,肯德基(下沙金地店),杭州,钱塘区,杭州经济技术开发区晓春城18幢圈圈里商业1F-128,,,30.329463,120.389221
,肯德基(杭州未来科技城宝龙店),杭州,余杭区,杭州科技城宝龙广场购物中心,,,30.279361,119.986848
,肯德基(黄龙恒励店),杭州,西湖区,黄龙路5号恒励大厦1层,,,30.268999,120.136114
,肯德基(杭州笕桥物美店),杭州,上城区,机场路371号物美超市一楼,,,30.312946,120.217428
,肯德基(杭州凤新店),杭州,余杭区,余杭街道凤新路345号347号一层,,,30.260312,119.950093
,肯德基(湘湖都会艺境店),杭州,萧山区,金湖艺境城12幢TEL(湘湖地铁站B口步行140米),,,30.167733,120.233129
,肯德基(杭州中大银泰店),杭州,拱墅区,东新路和石祥路交叉口中大银泰2楼214号,,,30.327112,120.17595
,肯德基(四季青佳宝餐厅),杭州,上城区,杭海路155号佳宝原创女装中心一楼,,,30.249504,120.19825
,肯德基(转塘西投银泰城店),杭州,西湖区,西投银泰城(浙大紫金港地铁站B1口步行170米),,,30.293225,120.075125
,肯德基(滨江滨盛云座店),杭州,滨江区,长河街道滨盛路与规划兴宁路交叉口西北角滨盛云座1号楼101一层,,,30.193529,120.174411
,肯德基(临平上环桥店)(暂停营业),杭州,临平区,临平街道上环桥路199号一层商铺1-102,,,30.423425,120.268925
,肯德基(西溪天堂店),杭州,西湖区,紫金港路21号西溪栖悦城·文旅奥莱1层底商,,,30.264994,120.089463
,肯德基(杭州九堡东城广场店),杭州,上城区,九沙大道399号地铁东城购物中心1层106,,,30.310847,120.278807
,肯德基(余杭禹航店),杭州,余杭区,禹航路908号,,,30.271395,119.942824
,肯德基(杭州菜鸟总部店),杭州,余杭区,菜鸟总部园区办公大楼(金星地铁站E口步行310米),,,30.261875,119.965375
,肯德基(临平万悦店),杭州,临平区,蜗牛广场,,,30.459572,120.298675
,肯德基(米果邻里中心店),杭州,上城区,甬江路61号米果邻里中心101室102商铺一层,,,30.223787,120.189315
,肯德基(大江东龙湖店),杭州,钱塘区,义蓬街道青六中路3188号(启成路地铁站D口旁)龙湖杭州江东天街B1层B1-08,,,30.311094,120.495513
,肯德基(九堡联创店),杭州,上城区,江干科技园区内新禾联创公园14号楼一层103商铺,,,30.319816,120.259995
,肯德基(杭州九堡绿谷店),杭州,上城区,红普路788号创智绿谷发展中心地下一层绿谷久街-34号,,,30.311258,120.251624
,肯德基(杭州滨江海威领界店),杭州,滨江区,浦沿街道东信大道1188号领界大厦一层,,,30.185255,120.151937
,肯德基(滨江中廊大厦餐厅),杭州,滨江区,长河街道建业路1076号中郎大厦B座101室,,,30.196417,120.178143
,肯德基(钱江世纪城左右世界店),杭州,萧山区,盈丰街道左右商务中心3幢5、6、8号,,,30.237254,120.254629
,肯德基(利星尚城1157店),杭州,上城区,中山南路77号尚城利星1157广场1层168号铺位,,,30.227596,120.169137
,肯德基(杭州拱墅吾悦餐厅),杭州,拱墅区,华丰时代城1幢1号门2号门3号门4号门1023号商铺,,,30.343836,120.210781
,肯德基(亚运会外送),杭州,萧山区,亚运村运动员村,,,30.255759,120.247775
,肯德基(钱江世纪城时代财富中心店),杭州,萧山区,奔竞大道与市心北路交叉路口往南约70米钱江世纪城时代财富中心,,,30.237975,120.249085
,肯德基(新塘钱潮餐厅),杭州,上城区,彭埠街道月塘街与钱潮路交叉口东40米,,,30.275717,120.211424
,肯德基(杭州四季青餐厅),杭州,上城区,杭海路98-108号四季青服装城,,,30.247488,120.196605
,肯德基(龙湖杭州紫荆天街店),杭州,西湖区,紫荆天街负一层,,,30.321017,120.091692
,肯德基(杭州莲花店),杭州,西湖区,莲花街333号莲花广场一楼,,,30.270009,120.098998
,肯德基(暂停营业),杭州,余杭区,浙江大学校友企业总部经济园二期C区南门西70米,,,30.285141,119.983385
,肯德基(浙大校友产业园店)(暂停营业),杭州,余杭区,仓前街道永乐村浙江大学校友企业总部经济园二期C4商铺1层,,,30.28514,119.983329
,肯德基(萧山五七公社店),杭州,萧山区,萧山五七公社1号楼1层,,,30.173975,120.252775
,肯德基(杭州崇安中心店),杭州,拱墅区,花园岗街181号崇安中心181室号一层,,,30.323979,120.120815
,肯德基(杭州下沙银泰百货店),杭州,钱塘区,下沙街道海达南路397号下沙银泰城店肯德基,,,30.29875,120.325112
,肯德基(杭州萧山旺角城店),杭州,萧山区,北干街道市心中路123-A号旺角城天地金座8幢101,,,30.17031,120.266369
,肯德基(杭州蚂蚁金服店),杭州,西湖区,古荡街道阿里中心·西湖1层,,,30.267674,120.108896
,肯德基(杭州骆家庄),杭州,西湖区,古墩路510号(骆家庄南公交站),,,30.286171,120.099043
,肯德基(萧山前湾友时光店),杭州,萧山区,萧山经济技术开发区科技城区块元庆路286号1层02-03号,,,30.233743,120.343762
,肯德基(中童巴比尼店),杭州,拱墅区,小河路672-674号一层,,,30.32785,120.136621
,肯德基(萧山万象汇餐厅),杭州,萧山区,北干街道金城路927号万象汇购物中心B199店铺,,,30.181574,120.267263
,肯德基(新洲坊DT店),杭州,临平区,新洲坊DT肯德基,,,30.443474,120.285041
,肯德基(下沙和达城店),杭州,钱塘区,江干区经济技术开发区2号大街993号TEL,,,30.309316,120.347938
,肯德基(和达东东城店),杭州,钱塘区,江干区经济技术开发区10号大街7号一层,,,30.296597,120.38933
,肯德基(杭州丁兰广场店),杭州,上城区,丁桥镇蕙兰雅路388号弘通丁兰商业中心2幢1层109室,,,30.352918,120.231767
,肯德基(西溪壹号店),杭州,西湖区,文二西路808号西溪壹号创意商务中心一楼3号铺,,,30.281359,120.069134
,肯德基(杭州广芮),杭州,拱墅区,马家桥街与平马巷交叉口西北60米杭州拱墅区广芮商业中心2座KF1-17/24号商铺,,,30.354518,120.147036
,肯德基(塘栖广济店),杭州,临平区,临平区塘栖镇广济路1号,,,30.477879,120.183992
,肯德基(星桥七彩店),杭州,临平区,星桥南路68号(星桥地铁站C口步行60米),,,30.38844,120.26228
,肯德基(天阳D32餐厅),杭州,拱墅区,小河路306号宾购商业中心1幢D32一楼肯德基,,,30.314683,120.136652
,肯德基(下沙保利湾店),杭州,钱塘区,经济技术开发区24号大街290号一层,,,30.272088,120.371922
,肯德基(临平银泰inPARK店),杭州,临平区,南苑街道汀兰街231号1幢102室L1008、L2022,,,30.391208,120.295432
,肯德基(留下西溪店),杭州,西湖区,留下大街107号(留下地铁站A1口步行340米),,,30.242282,120.054932
,肯德基(西溪印象城A座店),杭州,余杭区,五常大道1号西溪印象城BM层BM40,,,30.247714,120.050008
,肯德基(云栖小镇店),杭州,西湖区,转塘科技经济区块16号(中大银座)2幢一层,,,30.130191,120.081561
,肯德基(临平良熟广场店),杭州,临平区,乔司街道良熟路836号良熟生活广场1F-B-01号一层,,,30.38668,120.285764
,肯德基(乔司算力小镇店),杭州,临平区,科城街180号1幢1层112-113室,,,30.328728,120.284991
,肯德基(杭职院店)(暂停营业),杭州,钱塘区,下沙高教园区学源街68号,,,30.321895,120.356772
,肯德基(南阳德信天空之翼店),杭州,萧山区,南阳街道港城大道1519号,,,30.270855,120.434122
,肯德基(萧山农业大厦店),杭州,萧山区,市心北路828号萧山农业大厦F1层,,,30.220299,120.26952
,肯德基(之江银泰店),杭州,西湖区,珊瑚沙路与江涵路交叉口西南角银泰百货之江店,,,30.167324,120.101152
,肯德基(杭州阳光店),杭州,钱塘区,下沙四号大街15-2新美商场一楼,,,30.30652,120.347129
,肯德基(杭州香积寺餐厅),杭州,拱墅区,香积寺路17号(东新园地铁站C口步行200米),,,30.307662,120.173927
,肯德基(杭州祥宏大厦店)(暂停营业),杭州,拱墅区,祥宏路116号祥宏大厦1号楼101号商铺,,,30.334534,120.107113
,肯德基(宝幢路店),杭州,临平区,藕花洲大街479-41号,,,30.404116,120.282784
,肯德基(杭州三墩厚仁店),杭州,西湖区,厚仁路313号,,,30.333034,120.078255
,肯德基(富阳新天地店),杭州,富阳区,北环路28号富春新天地购物中心F1层,,,30.073915,119.941576
,肯德基(富阳春秋店),杭州,富阳区,桂花西路68号世纪大厦一层,,,30.04855,119.944817
,肯德基(杭州鼎创店),杭州,余杭区,仓前街道向往街1042号鼎创财富中心一幢一层106号,,,30.281597,120.008365
,肯德基华业发展中心,杭州,滨江区,华业发展中心1层112室,,,30.189552,120.179131
,肯德基(杭州沈塘桥餐厅),杭州,西湖区,文三路8号一楼110号商铺,,,30.278166,120.149794
,肯德基(瓜沥航民店),杭州,萧山区,瓜沥镇东灵路34-36号,,,30.174151,120.45772
,肯德基(富阳大润发店),杭州,富阳区,孙权路209号,,,30.052317,119.939996
,肯德基(中都广场店),杭州,临平区,临平区北大街64号新中都,,,30.420865,120.303504
,肯德基(余杭莱蒙店),杭州,临平区,临平迎宾路303号沃尔玛超市一楼,,,30.415386,120.297957
,肯德基(大江东宝龙店),杭州,钱塘区,钱塘新区江东大道2333号杭州大江东宝龙广场M-F1-015,,,30.302987,120.495393
,肯德基(萧山兴腾财富广场店),杭州,萧山区,新塘街道晨晖路1757号1幢106号肯德基,,,30.138614,120.27874
,肯德基(新街印时代店),杭州,萧山区,融创印时代商场,,,30.196175,120.333575
,肯德基(萧山美颂城餐厅),杭州,萧山区,宁围街道美颂城9幢117室118室振宁路122号124号126号,,,30.213412,120.286554
,肯德基(浙江财经大学店)(暂停营业),杭州,钱塘区,白杨街道浙江财经大学(下沙校区)西门旁,,,30.32177,120.389394
,肯德基(杭州师范大学店)(暂停营业),杭州,余杭区,余杭塘路2318号杭州师范大学仓前校区恕园5号楼一层1号铺,,,30.287558,120.010972
,肯德基(富阳龙山店),杭州,富阳区,龙山路126号物美超市一楼肯德基龙山餐厅,,,30.051759,119.959506
,肯德基(临平星桥店),杭州,临平区,星桥北路56号2幢,,,30.399102,120.258516
,肯德基(杭州紫金生活广场店),杭州,西湖区,三墩镇吉鸿村紫金生活广场1楼130号商铺,,,30.340871,120.070246
,肯德基(龙坞茶镇店),杭州,西湖区,龙坞茶镇九街29号楼,,,30.181705,120.05907
,肯德基(萧山国泰大厦店),杭州,萧山区,城厢镇萧绍路677号一层,,,30.163515,120.286084
,肯德基(临平宝龙广场店),杭州,临平区,宝龙广场,,,30.465905,120.249214
,肯德基(杭州IT公园餐厅),杭州,余杭区,仓前街道文一西路1217号11幢103室104室,,,30.274139,120.00657
,肯德基(杭州机场T3到达厅店),杭州,萧山区,空港大道杭州萧山国际机场1层,,,30.23651,120.435851
,萧山恒隆肯德基第二分店KPRO,杭州,萧山区,恒隆广场B座一楼105号,,,30.17817,120.262391
,肯德基(蚂蚁A空间店),杭州,西湖区,西溪路569号蚂蚁A空间5号楼2层肯德基,,,30.261211,120.104842
,肯德基(杭州九堡华贸店),杭州,上城区,德胜东路3678号中国四季青服装交易中心5幢浙江华贸鞋业服饰城中的4间1楼商铺,,,30.318629,120.277055
,肯德基(杭州拱宸桥东餐厅),杭州,拱墅区,拱宸桥东地铁A出口肯德基,,,30.31674,120.148163
,肯德基(杭州萍水太合店),杭州,拱墅区,萍水街333号太合商业中心F1层,,,30.302314,120.112693
,肯德基(浙大城市学院餐厅),杭州,拱墅区,舟山东路浙大城市学院南校区晨苑餐厅一楼,,,30.322073,120.154413
,明彩城肯德基(建设四路餐厅),杭州,萧山区,众安·明彩城(新汉路地铁站B口步行370米),,,30.20421,120.302392
,肯德基(丁桥物美店),杭州,上城区,新城广场1楼物美超市旁Tel-,,,30.355695,120.229917
,肯德基(之江文化中心店),杭州,西湖区,转塘街道江涵路300号之江文化中心B1层Z10号及Z05-2商铺,,,30.160034,120.102739
,肯德基(临安高虹店),杭州,临安区,高乐村高虹大街56号高虹大街与狮子山路路口拜节片1号综合楼一层肯德基,,,30.314337,119.724604
,肯德基(萧山机场T3到达店),杭州,萧山区,机场路B航站楼F2层CF-48,,,30.237304,120.435397
,肯德基(杭州玉鸟流苏店),杭州,余杭区,良渚文化村良渚街道玉鸟街与荀甫路交叉口向西300米BIRLAND玉鸟集F1层,,,30.365799,120.029558
,肯德基(仁和好亿购店),杭州,余杭区,仁河大道27号北洲商业广场F1层,,,30.441758,120.091577
,肯德基(三卫丰收时代店),杭州,上城区,杭海路1353号,,,30.324775,120.273225
,肯德基(超山奥特莱斯店),杭州,临平区,香岸路33号百联奥特莱斯广场(浙江杭州)F2层8-2-05、8-2-06,,,30.437268,120.239726
,肯德基(杭师大下沙校区店),杭州,钱塘区,学林街16号杭州师范大学下沙校区(仅校内点餐),,,30.313522,120.39266
,肯德基(萧山天明国际产业园),杭州,萧山区,萧山经济技术开发区桥南区块鸿兴路358号天明国际产业园一楼肯德基,,,30.218125,120.348125
,肯德基(杭州富阳首创奥莱店),杭州,富阳区,江滨东大道889号首创奥特莱斯F1层F1-A30号商铺,,,30.076761,120.029397
,肯德基(临平结网DT店)(暂停营业),杭州,临平区,临平区临平街道顺风路180号一层1-108室,,,30.439836,120.268943
,肯德基(临安人民广场店),杭州,临安区,锦城街道临安人民广场负一层天字一号093号(地铁E出口),,,30.22723,119.707446
,肯德基(杭州金沙印象城店),杭州,钱塘区,金沙大道97号杭州金沙印象城B1层B1-17,,,30.308512,120.336437
,肯德基(良渚永旺店),杭州,余杭区,良渚街道古敦路1888号永旺梦乐城一层NO163,,,30.361168,120.058341
,肯德基(临安钱王店),杭州,临安区,钱王大街409号,,,30.227982,119.721879
,肯德基(良渚古城店),杭州,余杭区,瓶窑镇华兴路146号良渚古城肯德基,,,30.394025,119.979175
,肯德基(杭州正元智慧店),杭州,余杭区,仓前街道舒心路359号正元智慧大厦B座102室,,,30.277077,119.993627
,肯德基(余杭万达店),杭州,余杭区,余杭街道文一西路1888号余杭万达广场一层1036B、1037号、二层2037号商铺,,,30.270368,119.955401
,肯德基(临浦风情大道DT店),杭州,萧山区,临浦镇元宝山路1号行政服务中心对面,,,30.051348,120.243377
,肯德基(临安财富店),杭州,临安区,锦城街道城中街一层,,,30.230796,119.721806
,肯德基(杭州白洋餐厅),杭州,余杭区,古墩路1745-1号,,,30.352562,120.070951
,肯德基(杭州临安滨湖天地店),杭州,临安区,城中东街218号杭州临安滨湖天地F1层,,,30.233958,119.737916
,肯德基(清来嘉座店),杭州,拱墅区,智趣弄188号清来嘉座6幢一层B01B02号商铺,,,30.315368,120.108599
,肯德基(临安万华店),杭州,临安区,锦城街道钱王大街855号万华广场1层1-001,,,30.221978,119.705276
,肯德基(杭州关瑞大厦店)(暂停营业),杭州,余杭区,余杭塘路1993-1号关瑞大厦C幢106-,,,30.288471,120.023264
,肯德基(萧山金帝银泰城店),杭州,萧山区,通惠南路667号银泰百货杭州萧山店B1层,,,30.143635,120.285953
,肯德基(西溪福堤店),杭州,西湖区,文二西路777号西溪湿地二期C2-28,,,30.274779,120.071362
,肯德基(崇贤景瑞店),杭州,临平区,尚贤路与尚民街交叉口东240米,,,30.383369,120.170615
,肯德基(杭州西投云漫里店),杭州,西湖区,三墩镇紫宣路216号218号底商1号商铺,,,30.318188,120.074087
,肯德基(余杭翁梅绿地店),杭州,临平区,南苑街道乔莫东路285号1幢1层117号商铺,,,30.364311,120.295506
,肯德基(半山中联店),杭州,拱墅区,半山路中联百货一楼,,,30.350111,120.186536
,肯德基(富阳宝龙店),杭州,富阳区,文居街1001号富阳宝龙城市广场L1层,,,30.057232,119.920804
,肯德基(阿里一期园区店),杭州,余杭区,阿里巴巴西溪园区A区A8楼1层食堂,,,30.278397,120.028831
,肯德基(闻堰物美店),杭州,萧山区,闻堰镇万达中路与三江路口物美超市一楼,,,30.130763,120.174404
,肯德基(杭州树人之家店),杭州,拱墅区,树人街8号10幢7号铺位,,,30.318281,120.152929
,肯德基(萧山机场T3到达店),杭州,萧山区,萧山国际机场T3中指廊CJ-1/7-M-01,,,30.236877,120.43748
,肯德基(转塘世纪联华店),杭州,西湖区,转塘江口大厦世纪联华一楼,,,30.163573,120.082222
,肯德基(转塘华润店),杭州,西湖区,转塘镇美院南路华润超市1楼,,,30.150846,120.079578
,肯德基(杭州东山弄餐厅),杭州,西湖区,浙大路东山弄86号东山农贸市场,,,30.259367,120.12811
,肯德基(临安财富店),杭州,临安区,锦城街道城中街640号广场花园1号楼临安,,,30.227817,119.711583
,肯德基(工联平海路店),杭州,上城区,"延安路292号工联CC1-2楼(地铁一号线龙翔桥站D出口,靠近平海路)",,,30.25435,120.164855
,肯德基(崇贤花园城餐厅),杭州,临平区,崇杭街777号杭州城北招商花园城1层,,,30.382168,120.160664
,肯德基(余杭交通大厦店),杭州,临平区,邱山大街479-483号交通大厦,,,30.426471,120.300894
,肯德基(义桥三汇路DT店),杭州,萧山区,义桥镇三汇路和富天路交叉口,,,30.06865,120.203426
,肯德基(杭师大天猫小店精选店)(暂停营业),杭州,余杭区,余杭塘路2318号杭州师范大学仓前校区进学苑1号楼-3号楼连廊116号,,,30.29875,120.02178
,肯德基(临安青山湖宝龙广场店),杭州,临安区,青山湖科技城宝龙广场M-F1-026,,,30.257374,119.828118
,肯德基(幸福里店),杭州,临平区,光大·幸福里人民大道785号志合鑫悦大厦,,,30.418775,120.31728
,肯德基(杭州西溪印象城A座店),杭州,余杭区,五常大道1号杭州西溪印象城A座L4层,,,30.247681,120.051394
,肯德基(杭州人工智能小镇店),杭州,余杭区,余杭街道文一西路1818-2号5幢,,,30.270525,119.965525
,肯德基(崇贤星合映店),杭州,临平区,崇贤街道崇杭街1000-41000-51000-61000-7部分,,,30.383087,120.155005
,肯德基(紫金梦想广场店),杭州,西湖区,三墩镇欣然街36号紫金梦想广场8号楼一层二层,,,30.327647,120.067808
,KFC,杭州,萧山区,金城路927号杭州萧山万象汇B1层,,,30.181526,120.267953
,肯德基(钱塘永旺梦乐城店),杭州,钱塘区,义蓬街道青六中路667号永旺梦乐城(杭州钱塘店)1F层,,,30.263048,120.484116
,肯德基(下沙吾角龙湖餐厅),杭州,钱塘区,下沙街道金沙大道30号吾角商业中心1幢一层,,,30.309953,120.337375
,肯德基(杭州绿峰中心餐厅),杭州,西湖区,西园七路路6号绿之峰科创中心C幢104-8104-7104-6室,,,30.315875,120.062125
,肯德基(杭州云睦汇餐厅),杭州,余杭区,闲林街道云睦汇商务中心4幢1层1号商铺,,,30.232114,120.002828
,肯德基(萧山靖江智汇店),杭州,萧山区,靖江街道伟南村青六南路895号897号牛拖湾路1号3号,,,30.238567,120.473419
,肯德基(富力天贸餐厅),杭州,余杭区,五常街道文一西路960号9幢-13幢,,,30.283277,120.029224
,肯德基(临浦物美店),杭州,萧山区,临浦镇人民路7号一层,,,30.04398,120.25558
,肯德基(瓜沥七彩小镇店),杭州,萧山区,瓜沥镇七彩城2幢一层101-103号以及光华路373-375-377号商铺,,,30.189068,120.455813
,肯德基(杭州梦想小镇店),杭州,余杭区,仓前街道1号梦想小镇创业大街12栋,,,30.289484,120.000177
,肯德基(良渚劝学荟店),杭州,余杭区,东西大道劝学里,,,30.348787,120.017238
,肯德基(杭州转塘超成金座店),杭州,西湖区,转塘街道转江街200号超成金座一楼138号商铺,,,30.159192,120.071261
,肯德基(富阳银湖圣泓园店),杭州,富阳区,银湖街道创意路289号圣弘园15号楼1层1-051-061-07号商铺,,,30.137254,119.981149
,肯德基(临安锦南宝龙店),杭州,临安区,玲珑街道双拥路锦南宝龙广场一楼,,,30.201525,119.696006
,肯德基(达夫路店),杭州,富阳区,达夫路与龙浦街交叉口东北40米,,,30.051775,119.959499
,肯德基(富阳玉长城店),杭州,富阳区,富春街道后周村春秋北路271号玉长城商业广场,,,30.06011,119.941612
,肯德基(下沙服务区西区餐厅),杭州,钱塘区,下沙服务区(沪昆高速昆明方向)综合楼西区1楼,,,30.307765,120.365514
,肯德基(临浦峙山店),杭州,萧山区,临浦镇峙山北路113-115号,,,30.040277,120.247801
,肯德基(新湾大道DT店),杭州,钱塘区,新湾街道闸口路314号316号318号320号,,,30.283481,120.540571
,肯德基(杭州闲林埠餐厅),杭州,余杭区,闲林中路291号闲林埠36-1商铺一楼,,,30.221928,119.986005
,肯德基(临平万科云杉郡店),杭州,临平区,东湖北路429号璞云府,,,30.446075,120.301125
,肯德基(临安国贸店),杭州,临安区,锦城镇衣锦街448号国贸大厦1楼,,,30.23357,119.72245
,肯德基(临安宝龙广场店),杭州,临安区,农林大路和武肃街交叉口西南侧临安宝龙广场一楼,,,30.250588,119.725122
,肯德基,杭州,桐庐县,胜兰苑食堂一楼,,,29.830506,119.744055
,肯德基(富阳场口场裕路店),杭州,富阳区,场口镇场口村场裕街与洋涨路交叉口1层肯德基,,,29.907944,119.876213
,肯德基甜品站(宝龙商业中心店),杭州,钱塘区,2号大街与25号大街交叉口宝龙城市广场3号楼1层,,,30.311532,120.384543
,肯德基(富阳万达店),杭州,富阳区,银湖街道金桥北路990号万达广场1F层1029、1030A、2028A、2029A号商铺,,,30.088557,119.932774
,肯德基(农林大学店),杭州,临安区,武肃街666号浙江农林大学东湖食堂一楼外侧档口(东湖校区),,,30.258007,119.724183
,肯德基(瓶窑嘉凯城店),杭州,余杭区,瓶窑镇瓶仓大道2号,,,30.378927,119.973546
,肯德基(塘栖绿荫餐厅),杭州,临平区,塘栖镇绿荫街313号一层范家斗农贸市场内A-07A-08B-07C-33-38商铺,,,30.472388,120.192502
,肯德基(新登新兴店),杭州,富阳区,新登镇新兴路51号,,,29.96711,119.730572
,肯德基(富阳晨飞大厦店),杭州,富阳区,富春街道秋丰路1号晨飞大厦肯德基,,,30.046288,119.916874
,肯德基(义蓬购物中心店DT店),杭州,钱塘区,义蓬镇义蓬中路501号,,,30.27095,120.490922
,肯德基(富阳东方茂店),杭州,富阳区,富春街道金桥北路1号1050号商铺,,,30.04832,119.932729
,肯德基(富春·港店),杭州,富阳区,新登镇登城北路38号,,,29.972065,119.737385
,KFC(杭州西溪银泰城东区),杭州,西湖区,蒋村街道双龙街88号西溪银泰城地下一层商铺号BF052、BF053、BF054,,,30.293243,120.075073
,肯德基(富阳山水国际店),杭州,富阳区,鹿山街道依江路488号492号山水国际中心广场101号商铺,,,30.010269,119.927788
,KFC(临平银泰城店),杭州,临平区,世纪大道118号杭州临平银泰城B1层,,,30.406127,120.303352
,肯德基(萧山乐潮城店),杭州,钱塘区,"永丰路554号,556号",,,30.296385,120.459137
,肯德基(金地广场店),杭州,余杭区,"良渚街道古墩路1333号,金渡北路北金地广场B1层商铺号FB110",,,30.339138,120.082105
,肯德基(党山金迪幸福里店),杭州,萧山区,瓜沥镇党山村的党山金迪幸福里社区商业项目1层,,,30.161164,120.523217
,肯德基(青山湖科技园店),杭州,临安区,青山湖街道大园路1155号青山湖科技城创业广场一层1-003商铺,,,30.269555,119.826662
,肯德基(径山花海餐厅),杭州,余杭区,径山镇龙皇路38号1幢1层101号商铺,,,30.379569,119.866479
,肯德基(党湾林森商贸中心店),杭州,萧山区,党湾镇文化路202-204号林森商贸,,,30.226688,120.541186
,肯德基(萧山服务区东区),杭州,萧山区,萧山服务区东区,,,29.974161,120.247784
,肯德基(富阳雄凯富春里餐厅),杭州,富阳区,富春街道文教北路与文新路交叉口肯德基,,,30.059225,119.934211
,肯德基(萧山益农餐厅),杭州,萧山区,益农镇工农路交叉口东肯德基,,,30.191285,120.589495
,肯德基(桐庐江南镇佳庭汇店),杭州,桐庐县,江南镇江南路966-968号,,,29.853179,119.777248
,肯德基甜品站(良渚永旺店),杭州,余杭区,古墩路1888号永旺梦乐城(杭州良渚新城店)3F层,,,30.361777,120.058735
,KFC甜品站(杭州西溪银泰城东区店),杭州,西湖区,双龙街588号杭州西溪银泰城东区F3层,,,30.2936,120.07573
,肯德基(桐庐利时广场店),杭州,桐庐县,迎春南路666号一层,,,29.799619,119.686549
,肯德基(桐庐富春江店),杭州,桐庐县,迎春南路555景文百货1层,,,29.79663,119.685826
,肯德基(萧山服务区西餐厅),杭州,萧山区,浦阳镇杭金衢高速公路萧山服务区西区,,,29.97475,120.245401
,肯德基(临安苕溪时代广场餐厅),杭州,临安区,锦城街道苕溪北街1166号苕溪商业中心1幢101,,,30.233875,119.692725
,肯德基(黄湖育前路),杭州,余杭区,黄湖镇育前路66号湖印晓庐西门,,,30.441684,119.813625
,肯德基(桐庐服务区南店),杭州,桐庐县,长深高速桐庐服务区南区,,,29.84096,119.804277
,肯德基甜品站(临安宝龙店),杭州,临安区,锦北街道白湖畈地块之宝龙广场M-F3-016-1,,,30.258165,119.828957
,肯德基(桐庐之心店),杭州,桐庐县,学圣路765号,,,29.793277,119.70375
,肯德基(桐庐美丽春天店),杭州,桐庐县,梅林路324号一层,,,29.801119,119.706287
,KFC甜品站,杭州,临平区,余之城2幢(南苑地铁站D口步行110米),,,30.394,120.303256
,肯德基(桐庐银泰城店),杭州,桐庐县,环城南路555号桐庐银泰城L1层(4号门旁),,,29.796932,119.71458
,肯德基(桐庐大润发店),杭州,桐庐县,桐君街道金堂山路128号大润发超市一楼,,,29.792991,119.688329
,肯德基(梅城十字街店),杭州,建德市,梅城镇总府街1号,,,29.540275,119.503285
,肯德基(横村华艺大厦餐厅),杭州,桐庐县,横村镇方埠北环路华艺大厦一楼,,,29.843692,119.618103
,肯德基(桐庐服务区北店),杭州,桐庐县,G25长深高速与桐庐服务区交叉口东北240米,,,29.842388,119.801379
,KFC,杭州,富阳区,[],,,30.087953,119.896557
,肯德基(建德太平洋店),杭州,建德市,严东关路与保健路交汇处盛德国际广场4幢太平洋购物中心1楼,,,29.471108,119.276556
,肯德基(建德八佰伴店),杭州,建德市,荷映路107号八佰伴购物广场F1层,,,29.500053,119.312847
,肯德基(建德服务区南店),杭州,建德市,杭新景高速公路(杭千高速)建德服务区南区1层,,,29.540457,119.386319
,肯德基(建德大润发店),杭州,建德市,新安江街道毕家后,,,29.484362,119.298821
,肯德基(严州时代店),杭州,建德市,工农路越秀名苑西南侧约40米严州时代商业中心,,,29.543845,119.49633
,肯德基(世纪联华店),杭州,临安区,昌化镇东街31号世纪联华,,,30.16391,119.224026
,肯德基(建德服务区北店),杭州,建德市,下涯镇杭长高速建德服务区北区,,,29.542678,119.386247
,肯德基(千岛湖店),杭州,淳安县,新安大街78号,,,29.603813,119.044419
,肯德基(千岛湖新城银泰店),杭州,淳安县,千岛湖睦州大道786号千岛湖新城银泰城109号210-1号,,,29.610506,119.143991
,肯德基(於潜水岸华府店),杭州,临安区,於潜镇潜洲街252-17号,,,30.178515,119.394198
,肯德基(千岛湖银泰店),杭州,淳安县,新安大街125号银泰城一层,,,29.604064,119.050189
,肯德基(虎啸峡景区小站),杭州,桐庐县,横村镇徐家虎啸峡漂流景区售票处肯德基,,,29.737244,119.517264
,肯德基(乾潭世纪广场餐厅),杭州,建德市,乾潭镇子胥路61号,,,29.615492,119.546089
,肯德基(桐庐分水镇东门路餐厅),杭州,桐庐县,分水镇东门路56号与广电路交叉口的世纪联华超市一楼,,,29.932296,119.440208
,肯德基(寿昌古镇餐厅),杭州,建德市,寿昌镇中山路81-85号,,,29.357743,119.221433
,肯德基(千岛湖世纪联华餐厅),杭州,淳安县,千岛湖镇新安东路189号世纪联华超市一楼,,,29.606611,119.054997
,肯德基(滨江星耀店),杭州,滨江区,西兴街道江陵路2028号星耀城3幢一层,,,30.212732,120.215311
,肯德基(岳王店),杭州,西湖区,北山路88号(近岳王庙),,,30.252155,120.13332
,肯德基(杭州高教DT店),杭州,余杭区,高教路647号赛银国际广场2期1号楼,,,30.274214,120.022065
,肯德基(富阳九龙DT店),杭州,富阳区,银湖街道九龙大道400号,,,30.145972,119.985324
,肯德基(浙工大屏峰校区店),杭州,西湖区,一号档口留和路288号浙江工业大学屏峰校区家和食堂附属楼一层及家和食堂,,,30.22929,120.040255
,肯德基(杭州物产天地餐厅),杭州,上城区,九和路325号3幢116号商铺,,,30.302642,120.250999
,肯德基(杭州勾庄现代广场餐厅),杭州,余杭区,良渚街道博园路1-1号A101号商铺,,,30.374649,120.105938
,肯德基宅急送(临平莱蒙餐厅),杭州,临平区,南苑街道藕花洲大街303号莱蒙商业中心F2层,,,30.415346,120.297913
,肯德基车速取餐厅(阳光天地商业街店),杭州,临平区,星河路绿城蓝庭紫萝院东北侧约80米,,,30.425752,120.271865
,肯德基(古墩印象城店),杭州,西湖区,古墩路588号,,,30.293663,120.098625
,肯德基甜品站(大江东宝龙广场店),杭州,钱塘区,江东大道2333号杭州大江东宝龙广场F1层,,,30.303325,120.494625
,KFC甜品站(西溪国家湿地公园店)(暂停营业),杭州,西湖区,天目山路518号西溪国家湿地公园,,,30.257407,120.06211
,肯德基(环球中心店),成都,武侯区,天府大道北段1700号,,,30.569312,104.064352
,肯德基(招商大魔方店),成都,武侯区,天府大道北段1777号成都大魔方招商花园城B1层,,,30.572817,104.069486
,肯德基(新会展店),成都,武侯区,高新区天府大道中段1号,,,30.559229,104.074786
,肯德基(天府五街店),成都,武侯区,天府五街999号一层(铺位编号1F-003、1F-004号商铺),,,30.537479,104.058201
,肯德基(成都高新万达店),成都,武侯区,天府大道中段1388号,,,30.536197,104.064998
,肯德基(IMC国际广场店),成都,武侯区,吉庆四路188号1栋1层附,,,30.558244,104.063076
,肯德基(奥克斯广场店),成都,武侯区,锦城大道666号万达广场成都锦城店1F层,,,30.57679,104.061977
,肯德基(中柏大道店),成都,双流区,中和街道新成仁路139号一层,,,30.557549,104.097454
,肯德基(银泰城店),成都,武侯区,益州大道中段1999号成都银泰城B1层铺位号B1016,,,30.541208,104.059406
,肯德基(世豪广场店),成都,武侯区,剑南大道中段988号世豪广场一层(大源地铁站B1口旁),,,30.550366,104.045703
,肯德基(九方店),成都,武侯区,府城大道中段88号九方购物中心负一层,,,30.590323,104.065318
,肯德基(峰度天下店),成都,武侯区,天府一街917号921号一楼,,,30.559904,104.047138
,肯德基(华府大道店),成都,双流区,天府大道与华府大道交汇处蓝润置地广场1号6栋1层1/2/3号商铺,,,30.526385,104.066845
,肯德基(新南天地店),成都,武侯区,天府大道北段8号火车南站片区苏宁广场一层,,,30.602098,104.066483
,肯德基(天府凯德店),成都,武侯区,高新区天仁路388号凯德天府负一楼,,,30.603091,104.069114
,肯德基(新城市广场店),成都,青羊区,西大街1号(西大街地铁站E口旁),,,30.673166,104.057693
,肯德基(D5店),成都,武侯区,天府大道中段500号1栋L1层0102号,,,30.554039,104.068058
,肯德基(训练教室-软件园店),成都,武侯区,天府大道天府软件园3期财智立方3层,,,30.53834,104.068542
,肯德基(站华店),成都,武侯区,泰和一街88号大润发(高新店)F1层,,,30.602361,104.061159
,肯德基(成都创意山店),成都,锦江区,锦江大道366号1层368号3栋1/2号,,,30.602241,104.146182
,肯德基(航空路店),成都,武侯区,航空路10号,,,30.615864,104.074264
,肯德基(簇桥店),成都,武侯区,簇桥簇锦北路138号千盛生活广场1楼,,,30.607247,103.990527
,肯德基(群光店),成都,锦江区,春熙路南段8号群光广场成都店B2层,,,30.653662,104.076837
,肯德基(新天府汇城店),成都,武侯区,科华中路9号王府井购物中心1-2层,,,30.618221,104.076646
,肯德基(成都大学),成都,龙泉驿区,成洛大道2025号,,,30.651487,104.190223
,肯德基,成都,双流区,锦华路四段与锦华路四段二街交叉口东20米,,,30.581358,103.983646
,肯德基(武侯星悦荟店),成都,武侯区,来凤五路56号成都武侯龙湖星悦荟1F层,,,30.620458,103.98293
,肯德基(锦华店),成都,锦江区,锦华路1段8号成都万达商业广场1楼,,,30.621375,104.096584
,肯德基(双桥店),成都,成华区,经华北路2号一楼,,,30.645925,104.106375
,肯德基(空港国际城店),成都,双流区,西航港街道大件路白家段280号6栋1层1号,,,30.57046,104.007602
,肯德基(中石化羊西北店),成都,郫都区,郫都区郫都区高新区西心大道天辰路1号,,,30.73402,103.971664
,肯德基(华汇广场店),成都,双流区,长顺大道一段1层,,,30.499344,104.028516
,肯德基(武侯万达店),成都,武侯区,聚龙路988号尚品奥莱广场1号门,,,30.621543,103.997621
,肯德基(新川中心店),成都,双流区,区高新区新川路599号恒瑞新川中心1层,,,30.517653,104.080801
,肯德基(交大店),成都,金牛区,交大路183号(星河地铁站C1口步行60米),,,30.702096,104.044882
,肯德基(红牌楼店),成都,武侯区,红牌楼广场东南门旁(红牌楼地铁站D口旁),,,30.633967,104.029054
,肯德基(汇锦广场 店),成都,武侯区,盛邦街94号一层,,,30.556301,104.054052
,肯德基(新财富店),成都,锦江区,大业路6号COSMO财富中心F1,,,30.651788,104.070364
,肯德基(金楠店),成都,武侯区,晋阳路龙湖金楠天街一楼L1-18号,,,30.648767,103.995904
,肯德基(招商花园城店),成都,成华区,成华大道杉板桥路669号,,,30.671912,104.134786
,肯德基(永康路店),成都,武侯区,永康路17号一层105号二层206号,,,30.644946,103.980191
,肯德基(新川软件园店),成都,双流区,和乐二街新川软件园B区一层物业,,,30.509033,104.085462
,肯德基(五块石店),成都,金牛区,五块石路1号27栋1层(五块石地铁站D口步行210米),,,30.709115,104.06617
,肯德基(科学城店),成都,双流区,天府新区新经济产业园湖畔路西段89号D区,,,30.394896,104.074455
,肯德基(恒大广场店),成都,青羊区,提督路99号成都恒大广场1层,,,30.661113,104.073849
,肯德基(磨子桥店),成都,武侯区,一环路南二段1号附15号数码科技大厦一楼肯德基餐厅,,,30.633945,104.075608
,肯德基(武侯吾悦店),成都,武侯区,武侯大道顺江段与武兴二路交叉口西150米,,,30.626044,103.989273
,肯德基(成华鲁能城餐厅),成都,成华区,槐杨路40号1层槐树店一路261号,,,30.645771,104.136663
,肯德基(光华优品店),成都,青羊区,群康路40号(东坡路地铁站C口步行460米),,,30.664662,104.007498
,肯德基(成都SM店),成都,成华区,二环路东二段29号SM城市广场一层139号和二层228-231号231A号,,,30.667651,104.112372
,肯德基(成都银泰中心in99店),成都,武侯区,天府大道北段1199号成都银泰中心B1层B137号商铺,,,30.584635,104.069222
,肯德基,成都,龙泉驿区,锦城路南段与蓉城路交叉口东北100米,,,30.653725,104.193675
,肯德基(华侨城店),成都,金牛区,沙西线1号华侨城广场(西华大道地铁站D口步行450米),,,30.719742,104.035611
,肯德基(跳伞塔店),成都,武侯区,一环路南二段17号世界资讯广场负一楼东侧,,,30.633936,104.067119
,肯德基(建发鹭洲里店),成都,武侯区,成都市高新区天府二街1033号建发鹭洲里1楼6-1-,,,30.55061,104.041642
,肯德基(十里店),成都,成华区,东华一路268号龙腾广场2层1层22-27号,,,30.678953,104.142606
,肯德基(大面DT店),成都,龙泉驿区,驿都大道与大面路交叉口至善南路2号肯德基餐厅,,,30.578507,104.207289
,肯德基(滨江天街店),成都,成华区,成华大道杉板桥路266号龙湖滨江天街1栋B1-16,,,30.666683,104.126463
,肯德基(西宸店),成都,金牛区,营门口街道办事处茶店子村5组花照村4组龙湖西宸天街铺位号B1层12,,,30.698016,104.031501
,肯德基(象南里餐厅),成都,武侯区,万象南路669号2栋1层附106/107/121号,,,30.586225,104.049377
,肯德基(红星美学中心店),成都,双流区,天府大道南段2608号MKL生活美学中心LG1层,,,30.478925,104.069675
,肯德基(天府长岛店),成都,武侯区,成都市高新区盛通街88号天府长岛二期二号楼1层124-1125号,,,30.565888,104.039863
,肯德基(新希望中鼎店),成都,锦江区,柳江街道金石路316号中鼎316项目1层6-1-9商铺,,,30.590727,104.090624
,肯德基(蜀汉店),成都,金牛区,蜀汉路欧尚超市一层(蜀汉路东地铁站A口步行60米),,,30.6835,104.027351
,肯德基(天府生物城店),成都,双流区,慧谷路成都天府生物产业孵化园,,,30.429468,103.978254
,肯德基(日月大道店),成都,青羊区,光华北五路266号2栋1层6号7号,,,30.677056,103.959599
,肯德基(华阳欧尚店),成都,双流区,华阳迎宾大道与元华路交界处西南角华阳欧尚超市1层,,,30.525245,104.043496
,肯德基(西环里店),成都,青羊区,苏坡街道日月大道889号西环壹方里L1-023c,,,30.672613,103.975017
,肯德基(上城天街店),成都,金牛区,一环路北二段人民北路一段交汇处龙湖上城天街A馆负二楼(永辉超市对面),,,30.684875,104.072275
,肯德基(大丰龙湖店),成都,新都区,大丰街道大天路699号龙湖锦宸天街A馆-1F-59号,,,30.759283,104.073169
,肯德基(新世代春天店),成都,青羊区,仁和春天广场B1层,,,30.662775,104.020975
,肯德基(高新合生广场店),成都,双流区,朝阳路与康和路交叉口东80米,,,30.563186,104.100394
,肯德基(蓝谷地DT店),成都,锦江区,国槐街路8号大观,,,30.604302,104.121145
,肯德基(凯旋DT店),成都,锦江区,锦绣大道3646、3648号,,,30.610595,104.128666
,肯德基(天府时代店),成都,双流区,天府大道南段1399号家乐福一层,,,30.503366,104.071545
,肯德基(兴隆湖店),成都,双流区,天府新区兴隆湖湖畔路北段天府菁蓉中心B区,,,30.403744,104.079365
,肯德基(华达店),成都,武侯区,武侯大街266号华达商厦一楼二楼,,,30.641354,104.041749
,肯德基(腾讯大厦餐厅),成都,武侯区,天府三街219号ioffice(腾讯成都大厦B座)写字楼号房屋,,,30.546484,104.061193
,肯德基(春禧店),成都,锦江区,春熙路大科甲巷3号附四(春熙路地铁站D口步行90米),,,30.654108,104.07933
,肯德基(天西汇店),成都,双流区,杭州西路565号肯德基天西汇店,,,30.437487,104.05909
,肯德基(空港北华联店),成都,双流区,西航港街道锦华路二段172号1栋1层1号F1-14/15/16号商铺,,,30.572278,103.987234
,肯德基(天新广汇店),成都,双流区,正兴街道杭州路东段818号广汇城2-1号1层01-03号,,,30.437821,104.084151
,肯德基(成都西站店),成都,青羊区,成都西站候车厅Z-06,,,30.685712,103.97879
,肯德基(成都机场T2店),成都,双流区,成都天府国际机场T2航站楼商业场地门牌号D3507T2,,,30.567201,103.953451
,肯德基(龙潭店),成都,成华区,龙潭路33号附2-7号,,,30.703957,104.165837
,肯德基(府青店),成都,成华区,府青路2号财富又一层一楼,,,30.678051,104.095417
,肯德基(永立王府井店),成都,成华区,商铺二环路北四段33号附108号J6-1F-P002B/P003号,,,30.68808,104.099336
,肯德基(领地中心店),成都,青羊区,西御街3号一层E-103号商铺二楼E-203号商铺,,,30.656156,104.064543
,肯德基(方元路店),成都,新都区,汇融Mall商场1层,,,30.765554,104.063243
,肯德基(西村店),成都,青羊区,贝森北路1号附54/55号,,,30.670938,104.003868
,肯德基(大面世茂店),成都,龙泉驿区,金枫路833号成都世茂广场B1层15号铺,,,30.582258,104.188481
,肯德基(新罗马假日店),成都,武侯区,高升桥东路2-6号罗马假日广场C座,,,30.63709,104.041664
,肯德基(犀浦凯德乐视界店),成都,郫都区,郫都区成都市郫都区犀浦街道泰山北街1号凯德广场乐视界L1层23A室,,,30.762211,103.96317
,肯德基(南熏大道店),成都,温江区,凤溪大道南段66号温江大润发综合超市一层1001号商铺,,,30.685516,103.844239
,肯德基(三河场店),成都,新都区,蓉都大道南四段辅路与蓉香南路交接处近万科缇香荟,,,30.785236,104.140071
,肯德基(犀浦店),成都,郫都区,317国道与岚牌街交汇处百伦广场一、二层,,,30.755906,103.975282
,肯德基(成都阳光新业中心店),成都,锦江区,一环路东五段55号1栋1层1号(牛王庙地铁站G口旁),,,30.643343,104.091536
,肯德基(中海天府环宇坊店),成都,双流区,天府新区祥鹤三街398号中海天府环宇坊,,,30.477618,104.036611
,肯德基(红光龙城国际店),成都,郫都区,红高东路112号龙城红光里,,,30.771023,103.941314
,肯德基(南湖公园店),成都,双流区,南湖南路16号南湖公园17栋1楼,,,30.495589,104.045505
,肯德基(海创园),成都,双流区,天府新区集萃街598号4栋1层9号,,,30.407837,104.105622
,肯德基(西部智谷店),成都,武侯区,武兴三路19号,,,30.630768,103.974464
,肯德基(天府大悦城店),成都,双流区,兴康三街505号成都天府大悦城北区B1层B1-A-42、B1-A-43,,,30.433398,104.088724
,肯德基甜品站(成都成都王府井购物中心店),成都,武侯区,科华中路9号成都王府井购物中心科华店1F层,,,30.618407,104.076575
,肯德基(温江DT店),成都,温江区,光华大道三段1888号,,,30.688675,103.855425
,肯德基(龙湖成都东安天街店),成都,龙泉驿区,东安街道桃都大道666号2层B-2F-26号铺位,,,30.574256,104.250785
,肯德基(文庙店),成都,温江区,东大街35号红艳超市1层,,,30.698767,103.838023
,肯德基(北欧商业广场店),成都,新都区,斑竹园街道中利路169号北欧知识城3G创智广场项目7栋1层2号商铺,,,30.811683,104.079946
,肯德基(成都东站汽车站店),成都,成华区,中环路锦绣大道段成都东站西广场高架夹层JB01区域,,,30.625487,104.143395
,肯德基(天府软件园C区餐厅),成都,武侯区,桂溪街道天华二路219号天府软件园C区C7栋负一层1040-1号房,,,30.540832,104.071912
,肯德基(建设优客店),成都,成华区,建设路55号优客城市奥莱F1,,,30.667576,104.099824
,肯德基(国色天乡店),成都,温江区,万春镇江宁南路266号1层,,,30.718836,103.82874
,肯德基(金牛万达店),成都,金牛区,一环路北三段1号金牛万达广场三楼3063-3066,,,30.685937,104.075874
,肯德基(沐府汇店),成都,金牛区,西北桥北街315号1栋附145华益沐府汇1层L119号商铺,,,30.691322,104.062523
,肯德基(新东升店),成都,双流区,丛桂街40万达明城(东升地铁站C口步行340米),,,30.57367,103.923988
,肯德基(金辉路店),成都,青羊区,蜀鑫路109号3栋1层3-1/3-2/3-3,,,30.680986,103.990384
,肯德基(飞大壹号店),成都,金牛区,收藏品市场6号门东北130米,,,30.682021,104.082453
,肯德基(建设印象城店),成都,成华区,建设北路二段133号1栋1楼35号一层34号铺,,,30.674772,104.107477
,肯德基(龙泉万达店),成都,龙泉驿区,龙泉街道永安路以北的万达广场1035/2028A/2028B号商铺,,,30.567084,104.270174
,肯德基(温江新光天地店),成都,温江区,光华大道三段1599号商场1栋1层01A024商铺,,,30.683507,103.85931
,肯德基(新川创新中心二期咖啡店),成都,双流区,AI创新中心E区锦和路1699号5栋1层102-103号房,,,30.501347,104.088182
,肯德基(泰合财富店),成都,锦江区,通宝街19号泰合·国际财富中心F1层,,,30.63644,104.108321
,肯德基(成都大熊猫繁育研究基地店),成都,成华区,叠秀路108号,,,30.743703,104.136685
,肯德基(航利中心餐厅),成都,武侯区,科园二路10号3栋1单元1楼1号,,,30.624858,104.03704
,肯德基(三利爱琴海店),成都,双流区,天府大道南段2034号三利广场天府789栋商业街区1栋1层1-1-81-1-9和1-1-201-1-21号商铺,,,30.491777,104.069382
,肯德基(成都光环餐厅),成都,锦江区,东大路333号成都光环购物公园B1层B-B1-10号商铺,,,30.635456,104.111754
,肯德基(二江寺餐厅),成都,双流区,剑南大道南段,,,30.498193,104.034424
,肯德基(双楠路咖啡店),成都,武侯区,双楠路326号1层,,,30.644116,104.025636
,肯德基(中海国际 店),成都,金牛区,郫都区绿茵街11号2栋1楼7号,,,30.724053,103.977494
,肯德基(八里庄店),成都,成华区,八里庄路69号附44号,,,30.691317,104.113263
,肯德基(天府招商花园城店),成都,双流区,福州路与嘉州路交叉口天府招商花园城L1层011号,,,30.427218,104.061213
,肯德基(加州湾店),成都,金牛区,二环路北一段10号沙湾印象汇1楼,,,30.693405,104.045457
,肯德基(国宾上林栖餐厅),成都,金牛区,国宾上林栖金周路20号22号商铺,,,30.724981,104.006658
,肯德基(成都东站出发层西广场店),成都,成华区,成都东站商业夹层JD06铺位,,,30.625494,104.143396
,肯德基(成都佛罗伦萨店),成都,郫都区,银杏路888号佛罗伦萨小镇2层E21单元,,,30.809405,103.8394
,肯德基(万象城二期店),成都,成华区,万象城二期C馆B1层116号,,,30.646911,104.115454
,肯德基(新津KFC),成都,新津区,武阳西路12号,,,30.4115,103.811307
,肯德基(东韵里餐厅),成都,锦江区,汇泉南路18号附1号1层,,,30.624977,104.103702
,肯德基(成都东站到达层西广场子店),成都,成华区,成都东客站地铁站西出口旁,,,30.629409,104.139305
,肯德基(西华大学店),成都,金牛区,西华大学校医院旁,,,30.777279,103.95177
,肯德基(新建路店),成都,金堂县,新建路133号MAXI奥特莱斯F1层,,,30.854648,104.429307
,肯德基(盐市口韩国馆餐厅),成都,锦江区,东大街上东大街111号1栋1号至12号,,,30.655433,104.072758
,肯德基(洛带古镇店),成都,龙泉驿区,老街下街368号,,,30.639507,104.323832
,肯德基(中同仁路餐厅),成都,青羊区,中同仁路26号1层,,,30.668525,104.052075
,肯德基(新津奥莱店),成都,新津区,岷江大道三段666号C-1001号商铺,,,30.376463,103.838932
,肯德基(成都东站B2检票口后侧川之味旁),成都,成华区,保和街道邛崃山路333号成都东站GD16,,,30.629516,104.138927
,肯德基(外双楠鹭岛国际店),成都,武侯区,龙华北路1号附6号附7号,,,30.646311,104.01327
,肯德基(华府金沙餐厅),成都,青羊区,清江西路2号附6号附7号1层,,,30.673674,104.005529
,肯德基(青城乐道店),成都,都江堰市,青城山高铁站广场对面,,,30.892841,103.604375
,肯德基(双流万达店),成都,双流区,万达广场5号门东70米,,,30.597549,103.927078
,肯德基(新都和信店),成都,新都区,马超东路266号和信新城市一楼,,,30.8103,104.179009
,肯德基(蜀州中路店),成都,崇州市,蜀州中路288号1楼,,,30.626125,103.669025
,肯德基(新都旭辉广场店),成都,新都区,万和街道12社育英路1088号1栋1单元1层33号,,,30.798177,104.179076
,肯德基(金堂大学城店),成都,金堂县,三星镇学府大道655号12栋附212-215号2层,,,30.851968,104.460411
,肯德基(金彭店),成都,彭州市,金彭东路122号置信逸都城F1层,,,30.98754,103.958416
,肯德基(白衣上街店),成都,双流区,双楠大道白衣上街177号欧尚超市一楼,,,30.595016,103.914445
,肯德基(东安湖体育公园店),成都,龙泉驿区,东安街道体育公园路18号的东安湖体育公园游泳跳水馆N-LG01号,,,30.598351,104.245974
,肯德基(外双楠鹭岛国际社区餐厅),成都,武侯区,龙华北路1号附6号附7号附8号,,,30.646315,104.013247
,肯德基(双楠路餐厅),成都,武侯区,双楠路326号1层,,,30.644089,104.02561
,肯德基(青羊万达店),成都,青羊区,日月大道一段978号青羊万达2楼,,,30.675531,103.972327
,肯德基(东立国际店),成都,成华区,羊子山路68号东立国际4栋1层200号,,,30.702001,104.095724
,肯德基(温江旭辉店),成都,温江区,柳城街道旭辉cmall1层F1036,,,30.673854,103.81785
,肯德基(新中路店),成都,新都区,新都镇新中路77号1层,,,30.824449,104.161245
,肯德基(东盟中心餐厅),成都,双流区,双兴大道1165号1655栋1层,,,30.473325,103.985275
,肯德基(青白江店),成都,青白江区,肯德基-千盛百货一楼,,,30.88432,104.249442
,肯德基(五彩广场店),成都,邛崃市,政府街北侧海宁现代城一层,,,30.415014,103.463039
,肯德基(新高新时代餐厅),成都,郫都区,天润路93号,,,30.751495,103.922457
,肯德基(都江明珠店),成都,都江堰市,都江堰大道246号(都江堰大道与莲花南路交汇处东南角1层、B1层),,,30.988042,103.645605
,肯德基(龙湖东安天街餐厅),成都,龙泉驿区,东安街道桃都大道666号2层B-2F-26号铺位,,,30.574258,104.250797
,肯德基(成华天府动漫城餐厅),成都,成华区,东紫路173号1栋附168号-1A1号楼1层168-1号商铺,,,30.705528,104.108188
,肯德基(司马大道店),成都,邛崃市,司马大道425号瑞云欣广场一层,,,30.401583,103.462025
,肯德基(崇州万达店),成都,崇州市,永康东路299号的万达广场内1027号商铺,,,30.62347,103.686765
,肯德基(健民路店),成都,蒲江县,鹤山街道健民路198号B101号,,,30.19015,103.513114
,肯德基(旭海广场店),成都,简阳市,雄州大道南段389号旭海时代广场1层,,,30.406488,104.542081
,肯德基(温江合生汇店),成都,温江区,温江合生汇商场好利来外(4号门),,,30.686111,103.862844
,肯德基(成都彭州万达广场店),成都,彭州市,蓥华西路68号万达广场成都彭州店F1层,,,31.001775,103.962173
,肯德基(四川传媒学院店)(暂停营业),成都,郫都区,学院街67号39栋1层005,,,30.824509,103.984466
,肯德基(都江堰融创文旅城店),成都,都江堰市,至臻路1号融创茂F1层,,,30.955557,103.62236
,肯德基(成都杉杉奥特莱斯广场店),成都,龙泉驿区,驿都西路4388号杉杉奥特莱斯6号门2层,,,30.572088,104.218272
,肯德基(天府机场T1安检内L4店),成都,简阳市,天府国际机场T1航站楼隔离区内-CENUMF8,,,30.312788,104.441169
,肯德基标榜学院餐厅(暂停营业),成都,龙泉驿区,同策路3号20栋8单元104号,,,30.600398,104.298521
,肯德基(新都苏宁易购广场店),成都,新都区,新都街道蜀龙路西侧新都大道南侧的苏宁广场负一层B113号商铺,,,30.819594,104.177287
,肯德基(南街店),成都,邛崃市,南街与文庙街交叉口西20米,,,30.407352,103.459447
,肯德基车速取餐厅(双楠店),成都,武侯区,双楠路326号1层,,,30.644089,104.02561
,肯德基(蜀都万达店),成都,郫都区,郫都区郫县万达广场内1025号商铺,,,30.807009,103.908987
,肯德基(郫县恒创店),成都,郫都区,郫筒镇东大街699号恒创蜀都广场一、二层,,,30.80086,103.898082
,肯德基(东部新区林栖坊店),成都,简阳市,林栖大道66号1层1007号铺,,,30.311116,104.319714
,肯德基(红光同森锦熙店),成都,郫都区,蒋桥路388号同森·锦熙,,,30.791854,103.958261
,肯德基(黄龙溪古镇店),成都,双流区,黄龙溪古镇临水3号,,,30.317015,103.970905
,肯德基(新都百郦锦城店),成都,新都区,新都工业大道东段69号百郦锦城8号楼1层21、22、23、24、25号,,,30.804651,104.15978
,肯德基(温江校区成都中医药大学店)(暂停营业),成都,温江区,锦绣大道北段与百利路交叉口东北180米,,,30.685175,103.805175
,肯德基(西财店),成都,青羊区,"清江中路1号1栋1单元1楼10号、2楼9、10、11,12号",,,30.669653,104.020876
,肯德基(大邑北街餐厅),成都,大邑县,晋原镇北街22号1层24号,,,30.586609,103.521594
,肯德基(天府服务区北店),成都,简阳市,天府机场高速公路有限公司天府服务区左侧(进城方向)北侧,,,30.390672,104.317134
,肯德基(成都天府国际机场店),成都,简阳市,天府空港悦享酒店(天府机场店)西侧190米,,,30.30937,104.442814
,肯德基(天府机场T2出发L5店),成都,简阳市,办票大厅上层5层夹层,,,30.308972,104.446256
,肯德基(金堂万泰街店),成都,金堂县,赵镇万泰街6号万达广场,,,30.852975,104.417625
,肯德基(天府机场生活区店),成都,简阳市,东部新区天府国际机场5号公寓楼底层商业场地1号,,,30.327712,104.44822
,肯德基(幸福DT店),成都,都江堰市,都江堰大道211-附3号,,,30.990687,103.637043
,肯德基(青白江万达店),成都,青白江区,政府南路8号万达广场内中庭3号门处,,,30.877452,104.254553
,肯德基(天府机场T2安检内L3店),成都,简阳市,天府机场T2安检内中央商业区,,,30.309221,104.448345
,肯德基(四川电影电视学院店)(暂停营业),成都,大邑县,安仁镇金山路188号四川电影电视学院内,,,30.510892,103.596219
,肯德基(西南航空职业学院餐厅)(暂停营业),成都,金堂县,成都国际职教城西区学府大道996号,,,30.862602,104.464288
,肯德基(岷江迎宾店),成都,都江堰市,中石油迎宾加油站,,,30.979175,103.651134
,肯德基(大融城外卖点餐厅),成都,都江堰市,都江堰大道中段大融城商铺L1-27及商场内外摆区,,,30.989759,103.633937
,肯德基(蒲江服务区南餐厅店),成都,蒲江县,蒲江服务区,,,30.182206,103.425104
,肯德基(金堂星光里店),成都,金堂县,"金鹰路与金泉路交叉路口,金堂星光里1F底商(芭提芙对侧)",,,30.84845,104.387495
,肯德基(蒲江服务区北店),成都,蒲江县,成雅高速蒲江服务区北-往雅安方向,,,30.183459,103.427762
,百胜餐饮(成都)有限公司肯德基恒大广场餐厅,成都,武侯区,吉泰二路与峰汇金街交叉口东南100米,,,30.547531,104.063119
,KFC甜品站(城西优品道广场店),成都,青羊区,光华村街26-附26号附近,,,30.664693,104.007457
,大融城KFC,成都,锦江区,驿都西路411号(洪河地铁站A1口步行330米),,,30.604507,104.154473
,肯德基(吉泰路店),成都,武侯区,天府二街151号、吉泰路750号一层108-2号商铺,,,30.55011,104.06383
,肯德基KCOFFEE(软件园店)(暂停营业),成都,武侯区,天府大道中段辅路与天府五街交叉口北320米,,,30.538439,104.068551
,肯德基(莱蒙店),成都,武侯区,"二环路南四段51号4号楼1层4-A-7,2层4-B-2",,,30.63159,104.034139
,肯德基(三岔湖环湖北路店),成都,简阳市,湖滨路246号,,,30.309808,104.301242
,肯德基(凤凰新天地车速取餐厅),成都,青白江区,凤凰大道二段路795号青白江凤凰岛1层,,,30.890096,104.281042
,肯德基车速取餐点(华汇广场店),成都,双流区,长顺大道一段1层,,,30.499812,104.028264
,肯德基车速取餐点(高新时代店),成都,郫都区,合作路89号16楼1层1号,,,30.751224,103.9224
,肯德基车速取餐点(天府服务区南店),成都,简阳市,中国石化天府机场南加油站西侧200米,,,30.387945,104.316089
,肯德基车速取餐点(蒲江服务区北店),成都,蒲江县,成雅高速浦江服务区北-往雅安方向,,,30.183458,103.427766
,肯德基(启新店),武汉,江岸区,江汉路112号(江汉路地铁站E口步行190米),,,30.581442,114.290884
,肯德基(循礼门店),武汉,江汉区,京汉大道江汉路206号马客茂Markmall(2层M-A0205号铺),,,30.584877,114.285738
,肯德基(武展店),武汉,江汉区,武汉国际会展中心西下层广场(中山公园地铁站B1口旁),,,30.581266,114.272462
,肯德基(新华路店),武汉,江汉区,新华路于长江日报路交汇处CFD时代财富中心项目一层,,,30.605159,114.271043
,肯德基(大智荟店),武汉,江岸区,武汉轨道交通1号线大智门艺术中心物业DZM1-04号商铺,,,30.593186,114.296098
,肯德基(六零六店),武汉,武昌区,和平大道750号赵家墩绿地金融国际606一层,,,30.582615,114.325066
,肯德基(汉街万达店),武汉,武昌区,楚河汉街1号武汉中央文化旅游区-楚河汉街北区F2层,,,30.559473,114.335901
,肯德基(御华里店),武汉,江岸区,江岸新村174号一层(兴业路地铁站B口步行470米),,,30.641628,114.308628
,肯德基(航空路店),武汉,江汉区,餐厅电话(青年路地铁站B口步行350米),,,30.58488,114.261707
,肯德基(民主路店),武汉,武昌区,民主路118号1层,,,30.545998,114.299742
,肯德基(硚口路店),武汉,硚口区,中山大道1号硚口越秀星汇b区2015,,,30.57084,114.250741
,肯德基(一六一店),武汉,江岸区,上东汇广场商业1楼TEL,,,30.614416,114.310321
,肯德基(武汉万象城店),武汉,江岸区,建设大道668号武汉万象城B1层,,,30.599218,114.28065
,肯德基(徐东店),武汉,武昌区,徐东大街18号中商世界里智慧生活MALL1层(徐东地铁站A口步行210米),,,30.58915,114.343408
,肯德基(黄浦路店),武汉,江岸区,常阳永清城(黄浦路地铁站C出口)TEL,,,30.608963,114.308028
,肯德基(银墩路店)(暂停营业),武汉,江汉区,发展大道229号附近欧亚达国际广场B1层B1-8,,,30.614308,114.253833
,肯德基(付家坡店),武汉,武昌区,武珞路440号中南国际城1层,,,30.535009,114.328857
,肯德基(阅马场店),武汉,武昌区,[],,,30.540277,114.307418
,肯德基(狮城店),武汉,洪山区,珞狮路449号,,,30.50912,114.349751
,肯德基(杨园南路店),武汉,洪山区,欢乐大道75号骏业·财富中心F1层,,,30.582213,114.36433
,肯德基(奥山店),武汉,青山区,和平大道奥山世纪城1层,,,30.616524,114.360356
,肯德基(长丰大道店),武汉,硚口区,长丰大道158号,,,30.607883,114.209183
,肯德基(后湖店),武汉,江岸区,后湖大道特8号新生活摩尔城1层,,,30.655949,114.321866
,肯德基(沙湖店),武汉,武昌区,中山路螃蟹甲379号1层,,,30.552276,114.317895
,肯德基(菱角湖店),武汉,江汉区,唐家墩路5号菱角湖万达广场一楼,,,30.610371,114.269775
,肯德基(新世界徐东店),武汉,洪山区,徐东路7号凯旋门广场新世界百货1F、2F,,,30.588155,114.347039
,肯德基(波波城店),武汉,洪山区,雄楚大道卓刀泉南路交汇处(华瑞大厦)一楼,,,30.508241,114.366327
,肯德基(竹叶山店),武汉,江岸区,黄孝河路49号圆梦圆国际广场(竹叶山中百仓储),,,30.617743,114.285638
,肯德基(武汉城建·万科万维天地店),武汉,硚口区,汉宜路B-2栋1单元商业一层商21号-22号,,,30.575188,114.236901
,肯德基(龙湖江宸天街店),武汉,江汉区,青年路518号武汉江宸天街B2层B2-01,,,30.60709,114.260878
,肯德基(红坊里店),武汉,青山区,红坊里众诚汇一层(和平公园地铁站A口步行460米),,,30.628231,114.384434
,肯德基(凯德广场店),武汉,硚口区,中山大道238号凯德广场负1楼,,,30.568825,114.26791
,肯德基(武汉站西店),武汉,洪山区,和平街道团结大道武汉火车站核心商业区一楼(西出站口处),,,30.606882,114.423904
,肯德基(铁机西路店),武汉,洪山区,铁机西路九号一层,,,30.593912,114.356546
,肯德基(常青城店),武汉,东西湖区,常青城肯德基-(常青城地铁站B口步行230米),,,30.658098,114.252755
,肯德基(花园里店),武汉,江岸区,岔马路与解放大道交汇处(五期)B地块百步亭花园里项目一层3-1-26-29,,,30.642013,114.328859
,肯德基(人信汇店),武汉,汉阳区,龙阳大道人信汇B座一楼(龙阳村地铁站D口旁),,,30.551964,114.205252
,肯德基(汉口城市广场店),武汉,江岸区,后湖大道111号汉口城市广场购物中心F1层,,,30.652215,114.308206
,肯德基(淮海路店),武汉,江汉区,淮海南路401号泛海生活广场一层,,,30.602026,114.236985
,肯德基(静安路店),武汉,武昌区,静安路6号百惠生活广场,,,30.522244,114.32032
,肯德基(江发路店),武汉,江汉区,江汉经济发展区江发路8号1栋一层,,,30.621543,114.235882
,肯德基(武大校园店),武汉,武昌区,珞珈山八一路483号武汉大学梅园,,,30.535681,114.364742
,肯德基(街道口店),武汉,洪山区,群光广场北1门西50米(街道口地铁站B口旁),,,30.525769,114.354685
,肯德基(泛海城市广场店),武汉,江汉区,北湖街办事处云杉路199号王家墩中央商务区武汉范湖万达广场1层,,,30.604125,114.256109
,肯德基(滨江龙湖天街KFC店),武汉,武昌区,秦园路63号武汉滨江天街负一楼,,,30.590968,114.331582
,肯德基(杨汊湖店),武汉,江汉区,杨汊湖姑嫂树路12号南国北都广场一楼,,,30.62654,114.265985
,肯德基(海天店),武汉,汉阳区,龙阳大道582号海天欢乐购1-2层,,,30.563073,114.211227
,肯德基(武汉体育馆店),武汉,硚口区,解放大道608号活力FUN运动健康中心一层106号,,,30.577392,114.258554
,肯德基(后湖旭辉店),武汉,江岸区,后湖大道81号(中一路地铁站C口步行100米),,,30.637461,114.282321
,肯德基(武大信息学部店),武汉,洪山区,珞喻路39号武汉大学信息学部2舍架空一层,,,30.527833,114.360016
,肯德基(烽火店),武汉,洪山区,白沙洲大道烽火村产业用地C7C8地块一层,,,30.504233,114.29588
,肯德基(清和广场店),武汉,洪山区,珞喻路419号清和广场1F(武汉体育学院西大门旁边),,,30.518519,114.374227
,肯德基(儿童医院店),武汉,江岸区,香港路153号一楼(香港路地铁站B口步行220米),,,30.602457,114.287136
,肯德基(洪山广场店),武汉,武昌区,洪山广场地铁站D通道,,,30.546007,114.336352
,肯德基(欢乐谷店),武汉,洪山区,欢乐谷大道196号华侨城欢乐谷前广场H-1号二层,,,30.595225,114.395778
,肯德基(民航新村店),武汉,江汉区,常青路168号中百仓储一楼,,,30.625752,114.239871
,肯德基(马鹦路店),武汉,汉阳区,马鹦路117号江腾广场A座1层,,,30.537256,114.256372
,肯德基(汉口火车站二店),武汉,江汉区,汉口站广场西侧创业大厦一楼,,,30.616932,114.254177
,肯德基(汉口北DT店),武汉,黄陂区,汉口北肯德基,,,30.7043,114.326172
,肯德基(水果湖店),武汉,武昌区,水果湖路19号及21号(洪山路地铁站D口步行170米),,,30.547247,114.345586
,肯德基(泛悦·南国广场A馆店),武汉,硚口区,解放大道201号南国西汇城市广场1层,,,30.584002,114.222682
,肯德基(新武大餐厅),武汉,洪山区,珞珈山路19号中科开物大厦裙楼一层,,,30.5328,114.356788
,肯德基(新中南店),武汉,武昌区,中南路11号省外文书店一楼,,,30.537529,114.33255
,肯德基(万科中心店),武汉,汉阳区,江城大道与汉阳大道交叉口东北侧汉阳万科中心地下一层,,,30.55355,114.243769
,肯德基(天纵城店),武汉,黄陂区,天纵城KFC,,,30.695214,114.303517
,肯德基(百瑞景店),武汉,武昌区,宝通寺路30号百瑞景六期(丁字桥地铁站B口步行60米),,,30.521307,114.33219
,肯德基(珞珈国际店),武汉,洪山区,珞珈山路299号珞珈国际一层A1-1商铺,,,30.530305,114.352908
,肯德基(金银潭店),武汉,东西湖区,将军路街办事处金银潭大道1号永旺梦乐城金银潭店1层174号,,,30.650096,114.238609
,肯德基(千家街店),武汉,武昌区,首义路街千家街政通壹公馆1F,,,30.533475,114.314625
,肯德基(湘隆店),武汉,蔡甸区,湘隆时代商业中心B区B1栋,,,30.498194,114.168607
,肯德基(武汉客厅店),武汉,东西湖区,将军路街金银潭大道北、银潭路南1栋3层商1室/商2室/商3室/商4室(武汉客厅项目)一层,,,30.671158,114.27808
,肯德基(华师校园店),武汉,洪山区,珞瑜路100号华中师范大学西区国际创新街区一层,,,30.521624,114.357752
,肯德基(古田凯德店),武汉,硚口区,解放大道18号凯德广场负一层,,,30.597393,114.194139
,肯德基(新亚贸KFC店),武汉,武昌区,武珞路628号1层,,,30.52973,114.34229
,肯德基(印象城店),武汉,青山区,和平大道路1278号青山印象城商场MB1层东街E-01-02-03-04号商铺,,,30.631777,114.39097
,肯德基(和成中心店),武汉,洪山区,雄楚大道260号和成中心一层F1-03商铺,,,30.510535,114.341106
,肯德基(佳园路店),武汉,洪山区,佳园路11号(佳园路地铁站A口步行70米),,,30.501013,114.431247
,肯德基(五支沟店),武汉,东西湖区,东吴大道831号,,,30.624047,114.138768
,肯德基(武汉越秀IFC国金天地店),武汉,江汉区,武汉越秀IFC国金天地B1层,,,30.584477,114.277077
,肯德基(云尚广场店),武汉,硚口区,中山大道388号云尚国际时尚中心F1层,,,30.571983,114.278193
,肯德基(剑桥店),武汉,洪山区,珞喻路卧龙剑桥春天B座中百仓储一层,,,30.506482,114.419949
,肯德基(汤逊湖店),武汉,江夏区,梅南山居1层,,,30.410246,114.371914
,KFC肯德基(铁机路店),武汉,洪山区,梨园街道欢乐大道77号武汉轨道交通线网管理服务中心二期1楼2号商铺,,,30.584319,114.368413
,肯德基(武昌火车站店),武汉,武昌区,武昌火车站地铁站C口步行90米,,,30.529552,114.317375
,肯德基(金地自在城店),武汉,洪山区,和平街武丰村K2地块金地广场B1层,,,30.604079,114.384698
,肯德基(地大校园店),武汉,洪山区,鲁磨路388号武汉中国地质大学西区西苑美食广场2层,,,30.522408,114.396425
,肯德基(黄浦中心店),武汉,江岸区,京汉大道1183号(黄浦路地铁站K口旁),,,30.60787,114.307189
,肯德基(武汉徐东店),武汉,洪山区,和平乡徐东路7号建筑物一层,,,30.590191,114.344416
,肯德基(白沙龙湖店),武汉,洪山区,白沙洲龙湖天街B馆龙湖武汉白沙天街B馆1F层,,,30.47829,114.288789
,肯德基(世界城店),武汉,洪山区,西班牙风情街A座1层(珞雄路地铁站A口步行370米),,,30.503719,114.404366
,肯德基(光谷店),武汉,洪山区,珞喻路456号光谷国际商会大厦,,,30.504802,114.430484
,肯德基(光谷里店),武汉,洪山区,高新二路9号北辰光谷里5D(凌华路),,,30.481564,114.415536
,肯德基(太子湖店),武汉,蔡甸区,经济技术开发区东风大道111号万达广场经开店万达百货1层1087、2层2089、56-57,,,30.5078,114.174207
,肯德基(唐家墩店),武汉,江汉区,唐家墩路258号(唐家墩地铁站B口步行190米),,,30.620384,114.270919
,肯德基(大华南湖公园店),武汉,洪山区,文馨街大华南湖公园世家1-S1商铺1层102室,,,30.494589,114.335311
,肯德基(楚风园店),武汉,武昌区,东湖风景区街道东湖绿道湖光序曲驿站二层,,,30.577352,114.377752
,肯德基(中石油武汉盘龙大道店),武汉,黄陂区,盘龙大道45号,,,30.720978,114.259247
,肯德基(光谷天地店),武汉,洪山区,关山大道519号以东光谷天地1F,,,30.478406,114.410538
,肯德基(武昌万象城餐厅),武汉,武昌区,临江大道武汉武昌万象城商场B1102号商铺,,,30.584059,114.325534
,肯德基(解放公园K咖啡小馆),武汉,江岸区,解放公园内(齐云轩商亭后部),,,30.608906,114.29885
,肯德基(四新南店),武汉,汉阳区,华发未来荟五号楼一楼,,,30.51275,114.216782
,肯德基(民族大学店),武汉,洪山区,同学广场KFC-,,,30.489964,114.396643
,肯德基(经开永旺店),武汉,汉阳区,汉阳区经济技术开发区永旺梦乐城武汉经开项目一层B105号商铺,,,30.502496,114.204366
,肯德基(东西湖万达店),武汉,东西湖区,金银湖万达广场(金银湖公园地铁站E口步行160米),,,30.637537,114.178229
,肯德基(钟家村店),武汉,汉阳区,汉阳大道139号钟家村餐厅汉商1层,,,30.548764,114.266427
,肯德基(青年路店),武汉,江汉区,餐厅电话(青年路地铁站A口步行320米),,,30.588532,114.26333
,肯德基(虎泉街店),武汉,洪山区,卓刀泉路五环天地一楼肯德基,,,30.506058,114.380036
,肯德基(梅教街店),武汉,黄陂区,武湖农场汉口北大道以南梅教街以西湖北农业装备物流交易中心科研楼K栋K单元1层,,,30.714933,114.409589
,肯德基(家盛时代店),武汉,武昌区,中北路120号家盛时代家居一楼,,,30.56283,114.350234
,肯德基(武汉宜家店),武汉,硚口区,张毕湖路2号竹叶海英特宜家荟聚购物中心三楼,,,30.618368,114.168187
,肯德基(滨江万科里店),武汉,汉阳区,琴台大道888号万科翡翠滨江生活广场1层,,,30.572375,114.207725
,肯德基(光谷K11店),武汉,洪山区,东湖新技术开发区关山大道355号光谷新世界中心L1层L114-1号,,,30.492544,114.413547
,肯德基(东西湖中百店),武汉,东西湖区,吴家山田园大道108号中百购物中心一楼,,,30.620197,114.135138
,肯德基(巢立方店),武汉,黄陂区,盘龙大道14号(盘龙城地铁站C口步行180米),,,30.700376,114.259088
,肯德基(塔子湖店),武汉,江岸区,塔子湖望湖路和谐大道,,,30.64364,114.276955
,肯德基(玲珑汇店),武汉,洪山区,建港南街与建设二路交叉口西南200米,,,30.616843,114.381562
,肯德基(巨龙大道店),武汉,黄陂区,巨龙大道39号武汉环球广场F1层,,,30.701112,114.290147
,肯德基(汉阳万达店),武汉,汉阳区,四新大道608号W-1005,,,30.531026,114.199374
,肯德基(汉西三路店),武汉,硚口区,汉西二路59-61号A3栋A,,,30.598318,114.221284
,肯德基(金银湖店),武汉,东西湖区,金银湖十方商业街一楼,,,30.631641,114.204199
,肯德基(胜利丰园店),武汉,洪山区,东原启城三/四期东门北160米,,,30.466694,114.290747
,肯德基(锦绣龙城店),武汉,江夏区,民族大道888号锦绣龙城D区商铺栋1层7室,,,30.466393,114.390377
,肯德基(盘龙奥莱店),武汉,黄陂区,盘龙大道51号百联奥特莱斯广场18号楼一层186号商铺,,,30.731832,114.256325
,肯德基(华科园店),武汉,江夏区,大学园路15号附1号华中科技大学科技园现代服务业示范基地二期3号楼1层,,,30.452203,114.399871
,肯德基(东吴大道店),武汉,东西湖区,吴家山街东吴大道1116号海林广场1层,,,30.623272,114.144063
,肯德基(国创山姆店),武汉,江夏区,高新大道456号国创·季佳荟1层,,,30.487382,114.447179
,肯德基(云创城店),武汉,洪山区,工大路青年楼西门西50米,,,30.515354,114.345456
,肯德基(融创智谷店),武汉,洪山区,文化大道融创智谷B1栋,,,30.454497,114.321445
,肯德基(汉口火车站店),武汉,江汉区,金墩街15附17号汉口站1-2层,,,30.617508,114.257457
,肯德基(光明坊店),武汉,江岸区,华盛路98号农房城市花苑14栋1-2层文化创作室9号/10号/11号一层,,,30.653236,114.286803
,肯德基(南国都会店),武汉,武昌区,雅安街101号泛悦都会一层商铺,,,30.509755,114.314662
,肯德基(佰港城店),武汉,洪山区,南湖文治街30号维佳佰港城1-002A一楼肯德基,,,30.503905,114.32651
,肯德基(华发外滩荟店),武汉,江岸区,青岛路华发外滩荟D-2地块7号楼商业一层,,,30.582107,114.295173
,肯德基(庙山广信店),武汉,江夏区,庙山开发区江夏大道14号广信万汇城商业B区1层,,,30.419537,114.373692
,肯德基(杨桥湖大道店),武汉,江夏区,杨桥湖大道拓创大厦一层肯德基,,,30.419347,114.429708
,肯德基(光谷首创奥莱店),武汉,江夏区,高新二路139号首创奥特莱斯F1层,,,30.47662,114.460315
,肯德基(江夏永旺店),武汉,江夏区,文化大道199号永旺梦乐城(武汉江夏店)1F层,,,30.396615,114.318085
,肯德基(铁桥广场店),武汉,汉阳区,餐厅电话,,,30.562712,114.226079
,肯德基(新荣龙湖KFC餐厅),武汉,江岸区,后湖大道与汉黄路交汇处(武汉新荣天街)负一层,,,30.658367,114.332789
,肯德基(杨春湖畔店),武汉,洪山区,杨春湖路和友谊大道交汇口杨春湖畔境遇商业街,,,30.618716,114.414378
,肯德基(长青广场KFC餐厅),武汉,江岸区,中山大道与黄兴路交汇处长青广场C座临一层商铺餐厅电话,,,30.590516,114.297999
,肯德基(万家湖路KFC),武汉,蔡甸区,经济技术开发区18R2地块沌口馨苑A区底商13号楼block盒子商业项目一层,,,30.457606,114.176822
,肯德基(中南剧场KFC餐厅),武汉,江岸区,京汉大道1001号武汉人艺中南剧场,,,30.596275,114.298575
,肯德基(长江樽餐厅),武汉,江岸区,中山大道1649号长江樽商业街一楼商铺餐厅电话,,,30.600857,114.305306
,肯德基(武汉工程大学店),武汉,江夏区,金融港一路19号青春荟商业街临街商铺一层001-002商铺(武汉工程大学流芳校区西大门对面),,,30.459075,114.431525
,肯德基(流芳天地店),武汉,江夏区,东湖新技术开发区高新五路58号达尚城S1栋商业栋S1-1单元1层,,,30.446403,114.449083
,肯德基(东湖店),武汉,武昌区,黄鹂路88号听涛景区行呤阁旁,,,30.564466,114.376284
,肯德基(江汉大学店),武汉,蔡甸区,江汉大学第七食堂立德苑,,,30.521839,114.159425
,肯德基(金桥永旺KFC店),武汉,江岸区,金桥大道15号永旺梦乐城武汉金桥购物中心一层136号商铺,,,30.629886,114.28393
,肯德基(汉阳方圆荟DT店),武汉,汉阳区,方圆荟奥特莱斯1层1057号商铺(5号门旁),,,30.535122,114.188862
,肯德基甜品站(钟家村店),武汉,汉阳区,汉阳大道134号汉商大厦写字楼1-2层,,,30.548762,114.266477
,肯德基(宜佳广场店),武汉,江夏区,兴新街219号,,,30.34746,114.315688
,肯德基(融侨锦城店),武汉,硚口区,解放大道66号融侨锦城2526栋商铺1层2、3、11、12室,,,30.595038,114.200559
,肯德基(光谷朗诗店),武汉,洪山区,新技术开发区高新二路333号武汉光谷朗诗城六期23号底商1层10号,,,30.478055,114.517754
,肯德基(文化大道店),武汉,江夏区,文化大道3号万汇MALL一层(谭鑫培公园地铁站A口旁),,,30.374054,114.320988
,肯德基(红霞村店),武汉,洪山区,黄家湖西路与黄家湖五街交叉口西40米,,,30.43075,114.262072
,肯德基(武汉华为店),武汉,江夏区,东湖高新技术开发区九峰三路207号A4楼栋一楼,,,30.493667,114.536364
,肯德基(赵家条印象里KFC),武汉,江岸区,轨道交通8号线赵家条站赵家条印象里1F-008号商铺,,,30.616525,114.297375
,肯德基(招商公园1872店),武汉,汉阳区,文选路2号招商公园1872项目A3-2地块花园里商业栋1层28号29号商一层,,,30.53317,114.226324
,肯德基(南湖大道店),武汉,洪山区,东湖新技术开发区南湖大道居然之家(光谷店)1楼,,,30.480312,114.402298
,肯德基(国采中心店),武汉,洪山区,高新大道与光谷六路交汇处国采中心一层,,,30.48993,114.512374
,肯德基甜品站(中山公园店),武汉,江汉区,轨道交通2号线1期中山公园站编号ZS10号,,,30.581668,114.273194
,肯德基(积玉桥站KFC餐厅),武汉,武昌区,和平大道19号1栋7号商铺积玉桥肯德基,,,30.560599,114.307886
,肯德基(田园街店),武汉,东西湖区,田园街与新城十九路交叉口东南200米,,,30.625025,114.079075
,肯德基(横店大道店),武汉,黄陂区,横店大道60号今古城1楼,,,30.800707,114.294931
,肯德基(向阳东路店),武汉,汉阳区,洲头鹦鹉大道530号前进生鲜购物广场一层,,,30.521327,114.25336
,肯德基(万松九里餐厅),武汉,江汉区,青年路276号中海江汉环宇荟B栋1层L115L103A商铺餐厅电话,,,30.590236,114.26387
,肯德基(汉阳摩尔城店),武汉,汉阳区,龙阳大道特6号武汉摩尔城的地下第一层的沃尔玛购物广场,,,30.558904,114.207622
,肯德基(MAX科技园店),武汉,江夏区,庙山办事处普安村MAX科技园项目6号楼一层,,,30.382515,114.33652
,肯德基(光谷大悦城店),武汉,洪山区,高新大道718号武汉大悦城B1层,,,30.487542,114.497795
,肯德基(创意天地店),武汉,洪山区,野芷湖西路16号创意天地一期餐饮主力店一层,,,30.471143,114.324441
,肯德基(财大校园店),武汉,江夏区,南湖大道182号中南财经政法大学南湖校区环湖17栋1楼,,,30.473863,114.378399
,肯德基(国博新城DT店),武汉,汉阳区,鄂渚路15号武汉国博新城和江府,,,30.502239,114.227655
,肯德基(雄楚一号店),武汉,洪山区,雄楚大道888号金地雄楚1号商业区域商1栋肯德基,,,30.498384,114.389585
,肯德基(二师店),武汉,江夏区,东湖新技术开发区高新二路129号湖北第二师范学院西区食堂,,,30.483693,114.445126
,肯德基(常青花园店),武汉,东西湖区,常青花园小区花园中路1-3号商业楼武商量贩1层,,,30.639319,114.238785
,肯德基(光谷新发展店),武汉,洪山区,关山大道473号光谷新发展国际中心F1层,,,30.480581,114.410931
,肯德基(华润二十四城店),武汉,东西湖区,武汉二十四城,,,30.651068,114.157167
,肯德基(世达广场店),武汉,江夏区,武汉大学人民医院东院南门南50米,,,30.438311,114.441217
,肯德基(怡华逸天地餐厅),武汉,东西湖区,吴家山街三秀路以东吴中路以北怡华逸天地1号楼一层,,,30.629072,114.144116
,肯德基(沌口体育中心店),武汉,蔡甸区,车城北路58号,,,30.501268,114.171894
,肯德基(之寓未来店)(暂停营业),武汉,江夏区,新技术开发区未来科技城顶冠峰路光谷国际人才自由港武汉未来科技城青年社区1号楼一层,,,30.496852,114.532036
,肯德基(歌笛湖印象里店),武汉,武昌区,武汉歌笛湖印象里一层01-05/19号商铺,,,30.533936,114.298654
,肯德基(金融港店),武汉,江夏区,东湖新技术开发区光谷大道77号金融港创客星1层(金融港三路路口),,,30.456122,114.421433
,肯德基(华侨城东方里餐厅),武汉,洪山区,纯水岸东湖一期(A-3A-4)东方里一层铺位号S1-B-2b,,,30.589539,114.383798
,肯德基(武丰佳园餐厅),武汉,洪山区,武丰佳园一期门面丰福路段一层,,,30.603825,114.378525
,肯德基(万科城市之光店),武汉,洪山区,白沙洲大道与白沙二路交汇处洪山万科广场ViviLandL1层,,,30.483374,114.274094
,肯德基(光谷青年汇店),武汉,江夏区,光谷大道121号光谷青年汇1层,,,30.439446,114.422245
,肯德基(罗马春天DT店),武汉,江夏区,江夏大道56号罗马春天奥特莱斯1F层,,,30.387817,114.371455
,肯德基(青城阳光店),武汉,青山区,和平大道1580号青城阳光1栋号1层4号商铺,,,30.641933,114.420784
,肯德基(奓山),武汉,蔡甸区,奓山街道新社区1期15栋1层,,,30.447781,114.01636
,肯德基(华农校园店),武汉,洪山区,狮子山街1号华中农业大学学院路博园食堂斜对面,,,30.476466,114.361031
,肯德基(金色港湾店),武汉,蔡甸区,蔡甸区经济技术开发区东风大道金色港湾四期46号中百仓储一层,,,30.519475,114.181334
,肯德基(园博园长江文明馆小站),武汉,硚口区,长江文明馆对面空地,,,30.6237,114.22186
,肯德基(南湖锦城KFC),武汉,洪山区,东湖新技术开发区楚平路77号南湖锦城11号楼一层商铺11-1-5-1,,,30.495161,114.377508
,肯德基(红城广场餐厅),武汉,洪山区,关山街小张村康园教师小区底商红城广场一层106-108号商铺,,,30.512358,114.400321
,肯德基(创新天地KFC餐厅),武汉,洪山区,神墩一路83号,,,30.483786,114.511271
,肯德基(黄陂广场店),武汉,黄陂区,黄陂大道387号黄陂广场E区1楼(黄陂广场地铁站C口步行420米),,,30.880477,114.373714
,肯德基(东合中心店),武汉,蔡甸区,沌口经济开发区17C1地块东合中心二期F栋/单位1层1号,,,30.507556,114.163629
,肯德基(东兴华庭店),武汉,东西湖区,马池中路北东兴华庭5号楼一层,,,30.656372,114.218828
,肯德基(白玉山店)(装修中),武汉,青山区,康美街1-1号,,,30.606925,114.485925
,肯德基(建安街中石化餐厅),武汉,洪山区,长虹桥南湖花园建安街,,,30.504083,114.310415
,肯德基(琨瑜府店),武汉,洪山区,东湖新技术开发区光谷创业街以北关山大道以东琨瑜府第17幢1层19号房,,,30.502755,114.413398
,肯德基(南德新都KFC餐厅),武汉,黄陂区,前川街大南街189号南德城市广场1栋裙楼部分单元1层,,,30.870362,114.380204
,肯德基(青山商场店),武汉,青山区,19街坊(青山商场)一层,,,30.638456,114.403546
,肯德基(中南拂晓城),武汉,黄陂区,横店街川龙大道以东后湖北路以南商住楼(中南拂晓城)一期商业S1栋一层,,,30.76081,114.268816
,肯德基(蔡甸世纪广场DT店),武汉,蔡甸区,中核世纪广场2号门西80米,,,30.563484,114.060457
,肯德基(保利上城荟餐厅),武汉,洪山区,白沙洲大道与武梁路交汇处东南侧保利上城荟3期商业1楼,,,30.497425,114.291375
,肯德基(江夏中百店),武汉,江夏区,兴新街与复江道交汇处昌兴供销有限公司地下一层,,,30.348331,114.313612
,肯德基(车都春台里),武汉,蔡甸区,武汉经济技术开发区147R2地块经开大道8号车都春台里一期S1号商业1层商8号,,,30.410175,114.161175
,肯德基(大华锦绣时代店),武汉,青山区,大华锦绣时代2期(建设二路地铁站B口步行60米),,,30.624991,114.377795
,肯德基(取水楼地铁站K咖啡小馆),武汉,江岸区,武汉市轨道交通7号线取水楼地铁站商业项目,,,30.593188,114.273591
,肯德基(兰亭盛荟店),武汉,汉阳区,江堤中路124号广电兰亭盛荟四期S3商业栋1层16/17/18号商铺,,,30.511985,114.236836
,肯德基(齐安大道店),武汉,新洲区,衡州大道与齐安大道交汇处摩尔城一二层肯德基餐厅,,,30.833964,114.803433
,肯德基(阳光100店),武汉,江夏区,杨桥湖大道2号阳光100大湖第四期53栋A区一楼,,,30.401923,114.411826
,肯德基(T3到达店),武汉,黄陂区,天河机场T3航站楼二楼到达层,,,30.77269,114.217632
,肯德基(江夏欧亚达店),武汉,江夏区,欧亚达云庭,,,30.405202,114.317375
,肯德基(软件园中路餐厅)(暂停营业),武汉,洪山区,软件园中路7号光谷软件园C3栋一楼商铺(兴业图文广告文具隔壁),,,30.476937,114.403086
,肯德基(保利广场KFC),武汉,洪山区,关山大道332号保利时代K18地块A BC单元-1-5层1号保利广场一层1-107号商铺,,,30.490949,114.410539
,肯德基(国博新城车速取餐厅),武汉,汉阳区,鄂渚路与冬书街交汇处国博新城和江府肯德基,,,30.502429,114.22755
,肯德基(花山河地铁站KFC),武汉,洪山区,希琥路武汉轨道交通19号线花山河地铁站上物业一层,,,30.541443,114.512975
,肯德基(湖北中医药大学店),武汉,洪山区,洪山区武汉轨道交通5号线中医药大学站01号商铺物业,,,30.453021,114.268458
,肯德基(阳逻广场店),武汉,新洲区,阳逻街阳光大道389号,,,30.663324,114.568068
,肯德基(武汉纺织大学外经贸学院店),武汉,江夏区,栗庙南路21号,,,30.388481,114.418177
,肯德基(欣隆壹号公馆店),武汉,汉阳区,江城大道358号欣隆壹号公馆4栋1层商1号,,,30.522432,114.220636
,肯德基(T3出发店),武汉,黄陂区,天河机场T3航站楼A区安检内,,,30.774537,114.218048
,肯德基(智电云广场DT店),武汉,蔡甸区,车城南路85号智电云广场,,,30.481662,114.145548
,肯德基(东湖网谷店),武汉,江夏区,五里界街道茅店山中路东湖网谷5号楼一层5-1-1号商铺,,,30.464984,114.403725
,肯德基(武东地铁站餐厅),武汉,青山区,轨道交通19号线武东地铁站A出口,,,30.57837,114.456289
,肯德基(韵湖生活荟店)(暂停营业),武汉,江夏区,东湖新技术开发区华师园路15号省机关汤逊湖职工住宅小区商业中心韵湖生活荟一层,,,30.455873,114.383286
,肯德基(豹澥社区店),武汉,江夏区,高新四路,,,30.461277,114.546022
,肯德基(尚璟瑞府DT店),武汉,黄陂区,航城东路16号尚璟瑞府一期12栋一层,,,30.722767,114.225022
,肯德基(兴城大道店),武汉,汉南区,纱帽街月亮晚西路永丰学府苑商住小区一期10栋1层3号商铺,,,30.316894,114.075789
,肯德基(东湖学院店),武汉,江夏区,文化大道特1号东湖学院西苑食荟肯德基,,,30.425898,114.3142
,肯德基(中国石化蔡甸加油站店),武汉,蔡甸区,蔡甸街新天大道3号中国石化蔡甸加油站,,,30.573396,114.044622
,肯德基(武汉工程科技学院店),武汉,江夏区,熊廷弼路特8号武工院学生事务中心一楼,,,30.347904,114.338191
,肯德基(阳逻保利),武汉,新洲区,阳逻柴泊大道与圆梦路交汇处临柴泊大道一层商铺,,,30.689765,114.579143
,肯德基(武汉杉杉奥莱KFC餐厅),武汉,汉阳区,青枫路与花林路交汇处武汉杉杉奥特莱斯,,,30.49261,114.212488
,肯德基(阳逻万达店),武汉,新洲区,阳逻万达广场1052-1053号商铺,,,30.690729,114.603278
,肯德基(平江大道餐厅),武汉,新洲区,平江大道与香岗路交叉口西北380米,,,30.662452,114.561406
,肯德基(幸福时代店),武汉,新洲区,章树村龙腾大道217号幸福时代一层,,,30.826931,114.800498
,KFC甜品站(武汉金银潭永旺梦乐城店),武汉,东西湖区,金银潭大道1号武汉永旺梦乐城,,,30.650225,114.238725
,KFC冰淇淋新茶饮,武汉,东西湖区,将军路街办事处金银潭大道1号永旺梦乐城(武汉金银潭店),,,30.650163,114.238668
,肯德基(新佳丽店),武汉,江汉区,江汉路257号,,,30.579058,114.292053
,肯德基(新武昌火车站店),武汉,武昌区,中山路642号武昌站B1层,,,30.529116,114.317767
,肯德基(花山DT店),武汉,洪山区,花城大道8号(花山新城地铁站A口步行120米),,,30.554195,114.503442
,肯德基车速取餐厅(文体汇店),武汉,江岸区,石桥村兴业路59号文体汇项目1层,,,30.629068,114.273603
,肯德基车速取餐厅(盘龙壳牌加油站店),武汉,黄陂区,环湖路与畅谷二路交叉口,,,30.726757,114.344664
,肯德基(西安文景店),西安,未央区,凤城五路与文景路十字东南海荣豪佳花园1层,,,34.328341,108.938372
,肯德基(西安凤八店),西安,未央区,文景路和凤城八路十字西南角汉神百货B1-1层,,,34.340657,108.937015
,肯德基(西安西航店),西安,未央区,渭滨路华润万家超对面一层,,,34.352132,108.965889
,肯德基(西安盛龙店),西安,未央区,未央路80号盛龙广场1.2层,,,34.299359,108.946604
,肯德基(大兴店),西安,莲湖区,大兴东路2号龙湖西安大兴星悦荟一层,,,34.285985,108.919948
,肯德基(凤城六路店),西安,未央区,凤城六路和开元路十字西北角麟凤沁苑一层,,,34.333628,108.953361
,肯德基(凤九中登店),西安,未央区,明光路与凤城九路东北角中登广场一二层,,,34.348058,108.930232
,肯德基(太华店),西安,未央区,太华北路369号大明宫万达广场2号门二层,,,34.316495,108.972539
,肯德基(大庆路店),西安,莲湖区,大庆路440号(劳动路地铁站B西南口步行430米),,,34.26882,108.904582
,肯德基(未央店)(暂停营业),西安,未央区,未央区经济开发区未央路赛高商务港一层,,,34.316266,108.946721
,肯德基(凤五恒石店),西安,未央区,凤城五路111号一层f1005铺,,,34.330221,108.924863
,肯德基(西门店),西安,莲湖区,西大街安定广场3号楼(桥梓口地铁站B口步行260米),,,34.259061,108.92645
,肯德基(西安龙首店),西安,莲湖区,荣民龙首广场4号门旁(龙首原地铁站出入口旁),,,34.292531,108.948357
,肯德基(大唐店),西安,莲湖区,劳动南路1号大润发超市一层肯德基餐厅,,,34.24782,108.909349
,肯德基(明光路DT店),西安,未央区,明光路27号(霸城门地铁站B口步行290米),,,34.315165,108.929911
,肯德基(西安南大街店),西安,碑林区,南大街59号富豪大厦二层(钟楼地铁站J口步行270米),,,34.257969,108.947269
,肯德基(含元店),西安,新城区,太华路141号华东茶城1层(含元殿地铁站C1东南口旁),,,34.287639,108.972635
,肯德基(太奥广场店),西安,莲湖区,丰禾路269号丰和坊太奥广场2栋10101室,,,34.283387,108.892008
,肯德基(西安万和城店),西安,新城区,长缨路1号华东万和城1层(胡家庙地铁站出入口旁),,,34.278088,108.995019
,肯德基(友谊店),西安,碑林区,友谊东路82号星艺佳文艺路店一层(文艺路地铁站A口旁),,,34.241602,108.95452
,肯德基(西安兴庆店),西安,碑林区,兴庆路28号华润万家超市1-2层,,,34.248445,108.988566
,肯德基(梨园路店),西安,未央区,梨园路阳光台365东区28号楼一层10107,,,34.293077,108.906996
,肯德基(西安新世界店),西安,莲湖区,宏府广场新世界百货负一层(钟楼地铁站A口步行50米),,,34.262606,108.946489
,肯德基(新西大店),西安,碑林区,太白北路199号益兴综合附属楼1FA03号商铺,,,34.245385,108.923703
,肯德基(东关店),西安,碑林区,东关正街东方星苑1-2层(长乐门地铁站A1口旁),,,34.259674,108.974721
,肯德基(永宁里店),西安,碑林区,南大街路1号永宁里(现商业名称)1层铺位号1F-081F-13,,,34.252678,108.948063
,肯德基(首创禧悦里店),西安,未央区,凤城十二路以北文景路以东首创禧悦里1层,,,34.358667,108.939664
,肯德基(城市立方店),西安,雁塔区,朱雀大街南段12号城市立方,,,34.193835,108.938189
,肯德基(西安火车站店),西安,新城区,环城北路44号西安站候车厅3层,,,34.277132,108.961955
,肯德基(西安汉城店),西安,莲湖区,汉城南路路西侧旭景新港10号一层,,,34.261059,108.871437
,肯德基(万科东郡店),西安,未央区,北辰东路700号西安浐灞印象城F1层,,,34.307479,108.997552
,肯德基(东方亿象城店),西安,新城区,安仁街与长乐西路交叉口东南50米东方亿象城一层肯德基,,,34.268975,108.981345
,肯德基(西安钟鼓楼店),西安,莲湖区,北院门商业街(钟楼地铁站C口步行410米),,,34.260506,108.944051
,肯德基(西安民乐园店),西安,新城区,解放路111号万达百货一层,,,34.268006,108.963783
,肯德基(长乐荟店),西安,碑林区,金花北路35号1号楼一层1F01号,,,34.262035,108.996029
,肯德基(纺二路店),西安,灞桥区,纺正街1993号A区B段1层,,,34.269674,109.063361
,肯德基(朱雀店),西安,雁塔区,小寨西路26号银泰城1层肯德基,,,34.223238,108.94091
,肯德基(华阳城店),西安,灞桥区,长乐东路999号1层(纺织城地铁站C东南口步行90米),,,34.279904,109.071087
,肯德基(馥桂坊店),西安,莲湖区,馥桂坊,,,34.273342,108.863149
,肯德基(西安集中训练教室店),西安,碑林区,南关正街与友谊路十字向西100米(中贸广场1F),,,34.241556,108.945093
,肯德基(万达店),西安,碑林区,雁塔北路8号万达广场1层、2层1-01、2-01万达百货,,,34.243042,108.962976
,肯德基(世茂都店),西安,未央区,凤城十路与凤城北路丁字路口西北角世茂都小区17号楼商业裙楼一层,,,34.352904,108.944073
,肯德基(西影路店),西安,雁塔区,西影路50号华润万家1层(北池头地铁站B口旁),,,34.224044,108.976748
,肯德基(西部大道店),西安,长安区,西部大道与博士路交汇处西南角阳光城1层,,,34.170937,108.867283
,肯德基(MOMOPARK店),西安,雁塔区,小寨西路232号置地时代MOMOPARK购物中心12层,,,34.222397,108.934205
,肯德基(雁塔店),西安,雁塔区,雁塔路2号大唐商业广场A栋10101、10109号,,,34.222124,108.965544
,肯德基(西安北客站二号店),西安,未央区,北客站2F夹层J-37号(34B检票口上方),,,34.377846,108.937264
,肯德基(矿山路),西安,未央区,浐灞生态区矿山路以北北辰东路以东广运潭西路以西地块金辉东方铭著售楼部一层,,,34.301762,109.005742
,肯德基(西安DT51店),西安,雁塔区,唐延路69号西安DT51B1层,,,34.202979,108.890363
,肯德基(太乙城店),西安,碑林区,citymall太乙城,,,34.235257,108.973384
,肯德基(唐延DT店),西安,莲湖区,唐延北路1号莱安逸街1F层,,,34.245214,108.890176
,肯德基(西安咸宁店),西安,新城区,咸宁中路122号乐宁会一层二层,,,34.250785,109.001844
,肯德基(UUMALL店),西安,雁塔区,丈八北路228号一层,,,34.226173,108.871078
,肯德基(华润置地·时光里店),西安,雁塔区,雁翔路华润置地时光里S1商业9幢1单元1层,,,34.202925,109.013925
,肯德基(北沈家桥店),西安,雁塔区,西万路276号,,,34.194073,108.897075
,肯德基(西影店),西安,雁塔区,西影路508号西影TIME西北角一层1-22号铺位,,,34.222684,108.970485
,肯德基(莱安中心店),西安,雁塔区,雁展路1111号R5-10104/10205一二层,,,34.198393,108.950477
,肯德基(高新万达店),西安,雁塔区,西安市高新区木塔寨西路719号万达广场三层,,,34.207858,108.892051
,肯德基(世园会咖啡店),西安,灞桥区,世博大道一号西安世博园得宝门浐灞游客服务中心商业楼一、二、三层,,,34.32124,109.070042
,肯德基(科技五路店),西安,雁塔区,唐延路37号CLASS国际公馆A座一层1-09号商铺,,,34.216721,108.890702
,肯德基(电子西街店),西安,雁塔区,电子西街3号一层(铺位号40101-3),,,34.205816,108.912345
,肯德基(西安长安DT 店),西安,长安区,府东路城南新天地2层,,,34.156956,108.910541
,肯德基(西安工业大学店)(暂停营业),西安,未央区,西安工业大学学生7号公寓对面,,,34.376189,108.985028
,肯德基(尚稷路餐厅),西安,未央区,西安经济技术开发区高铁新城尚稷路5555号54栋10101室一层10102室,,,34.374705,108.887599
,肯德基(浐灞一路店),西安,未央区,浐灞生态区浐灞一路荣德棕榈阳光南门(17号楼1层东南角),,,34.317517,109.004123
,肯德基(长安大学渭水校区店),西安,未央区,尚苑路长安大学渭水园校区内1层,,,34.374032,108.907804
,肯德基(长安中路店),西安,雁塔区,长安中路84号(小寨地铁站A西北口步行70米),,,34.224263,108.946378
,肯德基(西安银泰城店),西安,雁塔区,雁塔南路410号银泰百货 A 馆 B1 层-C03,,,34.205983,108.962863
,肯德基(芙蓉新天地店),西安,雁塔区,曲江新区芙蓉西路以东芙蓉南路以南西安曲江芙蓉新天地第1幢10000室的芙蓉新天地购物中心一层F1053号,,,34.208821,108.974308
,肯德基(东仪店),西安,雁塔区,含光路与电子二路交汇处南大明宫华润万家入口处,,,34.209911,108.930975
,肯德基(西安华为园区店),西安,雁塔区,锦业路127号华为基地,,,34.198694,108.839549
,肯德基(西安T11店),西安,雁塔区,唐延路11号T11商场F座1层,,,34.230146,108.891503
,肯德基(西安唐兴路店),西安,雁塔区,雁塔区高新区团结南路与唐兴路十字西南角睿中心一层,,,34.232305,108.881008
,肯德基(西安科创店),西安,雁塔区,高新路57号(高新一中对面),,,34.227451,108.902618
,肯德基(西稍门开元店),西安,莲湖区,西关正街开元商城西旺店一层,,,34.259013,108.912114
,肯德基(未央湖润家店),西安,未央区,秦汉大道与阳光大道十字东北角润家购物广场一层,,,34.392609,108.982934
,肯德基(丈八四路店),西安,雁塔区,西安市高新区丈八四路10号罗马景福城1号公寓楼一层,,,34.199134,108.868828
,肯德基(唐都里店),西安,新城区,东大街263号唐都里生活广场(大差市地铁站D东北口旁),,,34.260175,108.963475
,肯德基(沣镐西路店),西安,莲湖区,沣镐西路88号新华商业广场1层0708号,,,34.259045,108.88358
,肯德基(阳光荟店),西安,雁塔区,大城志尚食坊,,,34.209075,108.964575
,肯德基(曲江九里店),西安,雁塔区,雁翔路59号,,,34.203564,109.013065
,肯德基(行政中心站店)(暂停营业),西安,未央区,未央区行政中心地铁站2号线口安检口旁边,,,34.340773,108.94688
,肯德基(红星美凯龙店),西安,雁塔区,西沣路,,,34.179152,108.884868
,肯德基(科为城墅店),西安,长安区,航天基地神舟四路188号科为城墅17幢1层1-04号,,,34.16749,108.973545
,肯德基(凤凰大道店),西安,临潼区,凤凰大道11号王府井赛特奥莱(临潼店)1F层B1-158,,,34.364805,109.176453
,肯德基(航天慧谷店),西安,长安区,英郡年华,,,34.164026,108.990273
,肯德基(欧亚大道餐厅),西安,未央区,欧亚大道3399号欧亚国际三期(商业)项目C块地C2-03C2-04号商铺,,,34.329854,109.014041
,肯德基(万科润园店),西安,长安区,学府大街与居安路交叉口东南角万科城润园24号楼社区商业,,,34.147395,108.884583
,肯德基(西安三桥新街店),西安,未央区,三桥新街1076号西咸万象城B1层B109,,,34.289983,108.830903
,肯德基(高陵鹿苑店),西安,高陵区,鹿苑大道与上林路十字西南角龙发时代广场一层,,,34.521753,109.087338
,肯德基(万景·荔知湾店),西安,长安区,子午大道与温国堡街交叉口东南60米,,,34.146199,108.903259
,肯德基(笃信路餐厅),西安,未央区,笃信路与光启路丁字路口东北角苏席里·商业中心1层SP-103SP-104号商铺,,,34.378062,108.98993
,肯德基(天使楼店),西安,雁塔区,高新二路14号创业咖啡街区天使楼,,,34.23653,108.902591
,肯德基(咖啡街区餐厅),西安,雁塔区,高新二路9号科技楼一层10106,,,34.237093,108.902864
,肯德基(云淙巷店),西安,灞桥区,临湾路7号(雁鸣湖地铁站出入口步行60米),,,34.222953,109.051873
,肯德基(华清宫店),西安,临潼区,华清宫津阳门旁(华清池地铁站D口步行350米),,,34.364206,109.213345
,肯德基(四海唐人街店),西安,未央区,四海唐人街商铺一层1-1-001,,,34.319741,108.971135
,肯德基(西稍门店),西安,莲湖区,西稍门十字劳动路平房一号,,,34.25965,108.910522
,肯德基(雁南一路店),西安,雁塔区,红专南路8号长庆坊三期(长庆坊玺岸)一楼,,,34.211976,108.95568
,肯德基(西咸吾悦店),西安,未央区,沣东新城昆明路与天台路十字吾悦广场,,,34.253845,108.824731
,肯德基(仁厚庄餐厅),西安,碑林区,仁厚庄北路以南金花南路以西高山流水新币传说1幢1层,,,34.256124,108.996143
,肯德基(环普产业园店),西安,雁塔区,雁塔区高新区211号天谷八路西安环普科技产业园A2-101,,,34.208558,108.842094
,肯德基(立丰广场店),西安,雁塔区,丈八东路268号立丰城LECITYF1,,,34.196121,108.903992
,肯德基(砂之船店),西安,灞桥区,浐灞生态区世博大道5001号砂之船四层,,,34.344509,109.046687
,肯德基(肯悦咖啡全运村店),西安,灞桥区,杏渭路8号,,,34.389922,109.027063
,肯德基(长庆大街餐厅),西安,高陵区,泾渭二路与长庆大街交叉口西南角一层,,,34.445991,108.991134
,肯德基(绿地缤纷荟店),西安,雁塔区,高新区锦业路与丈八二路十字东北角绿地中心金正广场1层1F,,,34.194263,108.8806
,肯德基(曲江星悦荟店),西安,雁塔区,新开门北路888号龙湖星悦荟,,,34.2169,108.992326
,肯德基(西安明德门店),西安,雁塔区,朱雀大街58号金水大厦一层,,,34.20733,108.938768
,肯德基(洪庆店),西安,灞桥区,田洪正街路家湾村268号米旗紧隔壁(南二),,,34.304305,109.117459
,肯德基(灞瑞一路店),西安,灞桥区,纺渭路2399号腾业国王镇1期,,,34.294128,109.076689
,肯德基(壳牌航天大道DT店),西安,长安区,航天基地航天大道与神州大道十字东北角壳牌加油站,,,34.173586,108.983816
,肯德基(颐合府店),西安,未央区,颐合府,,,34.356305,108.999381
,肯德基(永安渠店),西安,长安区,永安领汇中心,,,34.133336,108.826271
,肯德基(外国语长安校区店)(暂停营业),西安,长安区,银杏大道与柿树路交叉口西北120米,,,34.140409,108.877595
,肯德基(科技二路DT),西安,雁塔区,科技二路以北团结南路以东的启迪B座一层一号铺位,,,34.226151,108.885767
,肯德基(金地褐石公馆店),西安,雁塔区,金地褐石公馆12号楼1层,,,34.186896,108.996046
,肯德基(阳阳国际),西安,雁塔区,雁塔西路132号阳阳国际广场一层G02号,,,34.217752,108.938832
,肯德基(公园南路金业缇香山餐厅),西安,雁塔区,西影路与公园南路交汇处东南角,,,34.23725,109.007833
,肯德基(创汇社区餐厅),西安,长安区,昆池二路以南上林苑二路以西创汇社区18号裙楼一层102号商铺,,,34.177925,108.827325
,肯德基(壹洋堂店),西安,雁塔区,雁塔南路4069号一层壹洋堂教育MallF1-0107,,,34.209087,108.964678
,肯德基(西安骊山店),西安,临潼区,人民南路全都超市一二层,,,34.372275,109.213375
,肯德基(凯德御锦城店),西安,灞桥区,浐河东路凯德广场御锦城1层01-14室,,,34.277726,109.04306
,肯德基(叁伍壹壹店),西安,雁塔区,昆明路2号叁伍壹壹TFEP一层B1-01029-,,,34.249149,108.876993
,肯德基(锦业一路店),西安,雁塔区,雁塔区高新区锦业一路旗远锦樾一层1-,,,34.191702,108.874976
,肯德基(高陵泾渭路餐厅),西安,高陵区,泾渭路嘉园馨苑2号1层108号,,,34.462735,109.003943
,肯德基(西大街旭弘大厦餐厅),西安,莲湖区,西大街126号旭弘大厦一层东南角,,,34.259596,108.94073
,肯德基(西安东大街餐厅),西安,碑林区,东大街383方汇大厦一、二层,,,34.259676,108.948698
,肯德基(西安外事学院店),西安,雁塔区,鱼斗路18号,,,34.230011,108.870475
,肯德基(长百精致荟店),西安,长安区,韦曲街办信合巷1号长百精致荟1层1010号,,,34.156224,108.933274
,肯德基(曲江怡景店),西安,雁塔区,春临三路羊头镇拆迁安置楼商业综合楼一层01号,,,34.184261,108.988793
,肯德基(纺正街餐厅),西安,灞桥区,纺正街纺织城工人文化宫沿街商铺南楼一层S-07/S-08/S-09三间商铺,,,34.261441,109.064924
,肯德基(沈家桥三路店),西安,雁塔区,沈家桥三路西沣馨苑,,,34.174803,108.887167
,肯德基(宜家荟聚餐厅),西安,雁塔区,子午大道6号西安荟聚中心层(LG1C003)号商铺,,,34.172395,108.902858
,肯德基(太白南路餐厅),西安,雁塔区,太白南路紫薇龙腾商业一层,,,34.226191,108.917323
,肯德基(正荣彩虹谷店),西安,雁塔区,正荣彩虹谷,,,34.193902,109.01093
,肯德基(鱼化寨店),西安,雁塔区,地铁3号线鱼化寨站物业区B3、B5、B6、B7商铺,,,34.238143,108.846932
,肯德基(亚鸿时代广场店),西安,雁塔区,西影路101号亚鸿时代广场一层,,,34.23176,108.995343
,肯德基(欧亚学院店),西安,雁塔区,东仪路8号西安欧亚学院,,,34.180172,108.919221
,肯德基(铭城国际餐厅),西安,雁塔区,大寨路西段铭城国际社区(地块三)2号楼商业1-10108号商铺,,,34.24544,108.857025
,肯德基(曲江大悦城餐厅),西安,雁塔区,慈恩路65号,,,34.215922,108.962727
,肯德基(新安路餐厅),西安,雁塔区,新安路海伦国际三期15号楼底商,,,34.231825,109.002975
,肯德基甜品站(家豪商务区店),西安,新城区,太华南路141号家豪商务区F1层,,,34.288401,108.972746
,肯德基(唐城餐车餐厅),西安,未央区,大明宫灯展F区,,,34.311909,108.964016
,肯德基(曲江创意谷店),西安,雁塔区,雁翔路3369号曲江创意谷北街LG-41,,,34.213864,109.012577
,肯德基(韦曲南车速取餐厅),西安,长安区,韦曲街办南长安街壹号DK1A区,,,34.140202,108.945926
,肯德基(保利双水磨店),西安,雁塔区,丈八北路137号保利双水磨社区8号楼1层80103号,,,34.213798,108.87433
,肯德基(西安白庙路餐厅),西安,碑林区,白庙路99号99-1046一层,,,34.238589,108.917118
,肯德基(大唐芙蓉园外卖点餐厅),西安,雁塔区,芙蓉西路99号大唐芙蓉园内,,,34.211855,108.97384
,肯德基(西安雁翔路餐厅),西安,雁塔区,曲江新区雁翔路以西雁曲四路以南孟村小区安置商铺8号楼一层,,,34.219925,109.000475
,肯德基(沣京店),西安,鄠邑区,甘亭镇草堂路3号一层二层,,,34.107664,108.608454
,肯德基(西安北客站二号店),西安,未央区,"元朔路西安北站(2F夹层J-37)34B检票口上方,地铁四号线进站",,,34.374524,108.939629
,肯德基(蓝田蓝新店),西安,蓝田县,蓝新路北段东侧一层,,,34.164906,109.315942
,肯德基(昆明池餐厅),西安,长安区,西咸新区沣东新城斗门新型工业园汇新路北段昆明池七夕公园云汉商业街2号楼一层,,,34.211683,108.770727
,肯德基(西北工业大学长安校区餐厅),西安,长安区,西北工业大学长安校区东侧,,,34.033676,108.771105
,肯德基(千禧阎良店),西安,阎良区,人民东路西段千禧广场,,,34.657447,109.229991
,肯德基(西北轻工店)(暂停营业),西安,新城区,长乐中路西北轻工批发市场1楼(通化门地铁站D东北口步行230米),,,34.269734,108.998602
,肯德基(开元大剧院店)(暂停营业),西安,未央区,凤城九路与开元路交叉口西100米,,,34.346978,108.952747
,肯德基车速取餐点(西安万科店),西安,长安区,万科商业街48号辅道,,,34.158035,108.894527
,肯德基车速取餐点(学府首座店),西安,碑林区,学府首座兴庆路停车场,,,34.243795,108.988355
,肯德基车速取餐点(高科小学店),西安,灞桥区,席王路5号,,,34.293682,109.067941
,暖枫肯德基门断桥门窗,西安,高陵区,锦绣国际铝型材市场B区3排36-37号,,,34.501168,109.039478
,西安金贤烨肯德基门·感应门·上折窗(批发基地),西安,临潼区,坡底小学北侧240米,,,34.398282,109.156183
,肯德基(金陵Style店),南京,玄武区,龙蟠路179号(岗子村地铁站出入口旁),,,32.066061,118.814067
,肯德基(正兴店),南京,秦淮区,贡院街119号(夫子庙地铁站2号口步行400米),,,32.02043,118.790279
,肯德基(学府店),南京,玄武区,丹凤街39号金润发购物中心1层,,,32.054214,118.786503
,肯德基(红山店),南京,栖霞区,和燕路252号(红山动物园地铁站2号口步行320米),,,32.095798,118.799566
,肯德基(山西路店),南京,鼓楼区,中山北路107号1-2层(山西路百货大楼),,,32.067315,118.774031
,肯德基(中山南路店),南京,秦淮区,汉中路1号东方商城LG层(新街口地铁站4号口旁),,,32.041056,118.783307
,肯德基(新世纪店),南京,秦淮区,太平南路1号(大行宫地铁站出入口步行110米),,,32.039847,118.794908
,肯德基(润发店),南京,秦淮区,龙蟠中路260号,,,32.032917,118.803614
,肯德基(南京站店),南京,玄武区,龙蟠路264号南京站2.5F层,,,32.087694,118.798654
,肯德基(汉中店),南京,秦淮区,汉中路209号(汉中门地铁站4号口步行70米),,,32.042675,118.767775
,肯德基(西安门店),南京,玄武区,中山东路301号B1层028号(西安门地铁站2号口旁),,,32.040709,118.805231
,肯德基(广州店),南京,鼓楼区,广州路104号,,,32.050388,118.778164
,肯德基(南京未来城店),南京,玄武区,珠江路498号未来城B座一层,,,32.047511,118.800261
,肯德基(五星年华店),南京,秦淮区,汉中路141-145号一层(上海路地铁站1号口旁),,,32.041879,118.776843
,肯德基(中央门3店),南京,玄武区,龙蟠路264号火车站一楼软席候车室,,,32.086403,118.797038
,肯德基(虹桥店),南京,鼓楼区,中山北路281-10号新城市·虹桥中心2幢A区1层,,,32.077307,118.762184
,肯德基(安德门店),南京,雨花台区,地铁一号线安德门地铁站一层2号出口,,,31.992239,118.761953
,肯德基(湖南路店),南京,鼓楼区,湖南路18号1楼负1楼,,,32.06942,118.777914
,肯德基(南京商厦店)(暂停营业),南京,玄武区,龙蟠路2号南京商厦1层(小市地铁站1号口步行450米),,,32.091336,118.784438
,肯德基(新世界百货店),南京,玄武区,珠江路88号新世界百货F1层,,,32.049529,118.788505
,肯德基(玉桥店),南京,鼓楼区,建宁路8号,,,32.091956,118.780461
,肯德基(头陀岭店),南京,玄武区,山顶公园,,,32.070139,118.843761
,肯德基(集庆门大街店),南京,建邺区,江东中路106号10室及11室一层,,,32.029729,118.738343
,肯德基(南京金轮店),南京,鼓楼区,汉中路8号金轮新天地B1楼美食广场内,,,32.042477,118.78019
,肯德基(南京D9街区店),南京,玄武区,将军巷9号D9街区(大行宫地铁站5号口步行390米),,,32.045625,118.794525
,肯德基(大观店),南京,鼓楼区,建宁路300号大观·天地F1层,,,32.092007,118.743272
,肯德基(光华店),南京,秦淮区,大光路与御道街交叉口东南40米,,,32.023136,118.816628
,肯德基(南京环宇城店),南京,鼓楼区,凤熙路8号南京鼓楼中海环宇城一层L124商铺,,,32.044187,118.753405
,肯德基(中山门店),南京,玄武区,中山门大街9号苜蓿园地铁站,,,32.04088,118.834772
,肯德基(南京万象四季荟店),南京,栖霞区,燕城大道10-51号52号一层,,,32.121978,118.835662
,肯德基(珠江路地铁店),南京,鼓楼区,中山路221号负一层101至106室115至119室,,,32.050772,118.783637
,肯德基(南京研发总部园店),南京,建邺区,奥体大街68号南京新城科技园国际研发总部园1栋一层1-1室,,,31.994863,118.740627
,肯德基(金源百货店),南京,栖霞区,栖霞大道28号万寿金源1层(近迈化路),,,32.119056,118.838885
,肯德基(河西龙湖天街店),南京,建邺区,云龙山路89号龙湖南京河西天街B1层,,,31.988034,118.737428
,肯德基(南京观江路店),南京,浦口区,柳洲东路205号1层,,,32.142735,118.754395
,肯德基(南京百家汇店),南京,玄武区,玄武大道699-18号R01幢一层,,,32.091341,118.883096
,肯德基(华侨城店),南京,浦口区,泰山街道大桥北路1号华侨广场F1层,,,32.128437,118.728881
,肯德基(尧佳路店),南京,栖霞区,尧佳路179号(尧化新村地铁站3号口步行50米),,,32.115758,118.875977
,肯德基(丰盛店),南京,雨花台区,软件大道119号03幢5室1层,,,31.976477,118.762997
,肯德基(铁心桥店),南京,雨花台区,铁心桥大街26号(铁心桥地铁站3号口步行210米),,,31.962804,118.762085
,肯德基(中山陵步行街店),南京,玄武区,中山陵步行街8-12,,,32.055229,118.852171
,肯德基(紫金店),南京,玄武区,铁匠营地块的君临紫金商业项目07幢一层0102号,,,32.037469,118.850804
,肯德基(华电店),南京,栖霞区,迈皋桥街道高家村42号3幢1-2层,,,32.102307,118.810303
,肯德基(马群店),南京,栖霞区,中山门大街699号马群地铁站1号出口外,,,32.050222,118.894485
,肯德基(证大店),南京,雨花台区,民智路8号,,,31.965691,118.804179
,肯德基(紫悦广场店),南京,雨花台区,宜悦城(天隆寺地铁站2号口步行190米),,,31.979775,118.761935
,肯德基(江宁金盛路店),南京,江宁区,东山街道金盛路299号天地新城综合楼一层,,,31.969148,118.827419
,肯德基(南京华府路店),南京,浦口区,吉庆路与华府路交叉口西60米,,,32.092034,118.699155
,肯德基(南京墨香路店),南京,栖霞区,营苑北路1号12幢7+8+9+10室一层,,,32.1046,118.83368
,肯德基(河西万达店),南京,建邺区,江东中路98号万达广场1层132、2层231,,,32.033491,118.734612
,肯德基(应天店),南京,建邺区,应天大街866号欧尚超市1楼,,,32.020826,118.743771
,肯德基(澳林购物广场店),南京,浦口区,浦珠路126号,,,32.11237,118.698704
,肯德基(学则路店),南京,栖霞区,学衡路1号九霄梦天地1-2层(学则路地铁站2号口旁),,,32.091908,118.917042
,肯德基(仙鹤门店),南京,玄武区,鹤鸣路8号一层(仙鹤门地铁站1号口步行430米),,,32.08661,118.902773
,肯德基(珍珠店),南京,玄武区,珠江路389号(浮桥地铁站2号口步行130米),,,32.049259,118.795298
,肯德基(南京高尔夫花园店),南京,江宁区,[],,,31.938289,118.804036
,肯德基(天润店),南京,浦口区,柳洲东路1号苏宁环球百货市场F1层T101,,,32.143511,118.723933
,肯德基(太平南路店),南京,秦淮区,太平南路304-330号,,,32.032384,118.791822
,肯德基(河西绿轴店),南京,建邺区,绿轴餐厅025-(奥体东地铁站5号口步行110米),,,32.003661,118.730289
,肯德基(双龙DT店),南京,雨花台区,卡子门大街98号麦德龙超市对面,,,31.979225,118.803299
,肯德基(南京高铁1店),南京,雨花台区,玉兰路98号南京南站F1层(南京南站地铁站1号口旁),,,31.970015,118.79659
,肯德基(仁恒店),南京,建邺区,楠溪江东街78号,,,31.993096,118.732059
,肯德基(南京西城夜未央店)(暂停营业),南京,建邺区,嘉陵江东街18号新城科技园南区西城夜未央游戏谷1栋一层,,,31.980714,118.734045
,肯德基(南京南站2店),南京,雨花台区,高铁二店站内B1-3检票口楼上,,,31.969809,118.798225
,肯德基(南京佳源广场店),南京,玄武区,顾家营路59-13号佳源广场1层85号1002B1003,,,32.040875,118.880275
,肯德基(南京九龙湖店),南京,江宁区,清水亭西路2号一层(九龙湖地铁站3号口旁),,,31.916225,118.820275
,肯德基(江宁店),南京,江宁区,江宁经济开发区秦淮路11号(河定桥地铁站1号口旁),,,31.951933,118.819479
,肯德基(南京华悦荟店),南京,浦口区,柳洲南路3号大华锦绣华城乐美颂花园卖场综合楼一层,,,32.119294,118.720214
,肯德基(金象城店),南京,浦口区,金象城购物中心2F,,,32.127873,118.737752
,肯德基(南京兰溪谷店),南京,浦口区,侨谊路2号9幢101室107室108室一层,,,32.184093,118.707283
,肯德基(常发广场店),南京,玄武区,红山路88号常发广场1楼,,,32.085058,118.810305
,肯德基(瑞金店),南京,秦淮区,瑞金路48号,,,32.031574,118.813911
,肯德基(南京天安数码城店),南京,秦淮区,永丰大道36号E3栋一层,,,32.010702,118.869479
,肯德基(南京花园路苏果店),南京,玄武区,花园路苏果超市1层,,,32.075676,118.826931
,肯德基(虹悦城店),南京,雨花台区,应天大街619号德盈广场负一层,,,32.009525,118.764193
,肯德基(天悦城店),南京,浦口区,百润路9号天悦城生活广场F1层,,,32.151601,118.733728
,肯德基(南京上坊店),南京,江宁区,东山街道文靖东路333号1幢104室一层,,,31.968899,118.876376
,肯德基(水晶店)(暂停营业),南京,秦淮区,大光路142号际华广场,,,32.026353,118.803652
,肯德基(金陵大公馆店),南京,鼓楼区,黑龙江路33号102室,,,32.087953,118.772064
,肯德基(江北龙湖天街店),南京,浦口区,江北新区文景路99号龙湖南京江北天街购物中心B1F铺位(B1-21)地铁3号线星火路站,,,32.157847,118.699042
,肯德基(江宁龙湖店),南京,江宁区,潭园西路199号龙湖南京龙湾天街B1层,,,31.938252,118.844296
,肯德基(南京河西金地广场店),南京,建邺区,河西金地广场B1(吴侯街地铁站2号口旁),,,31.976172,118.692056
,肯德基,南京,栖霞区,文成东路与天秤路交叉口西南220米,,,32.128625,118.933975
,肯德基,南京,江宁区,行知大道与宝善路交叉口东南240米,,,31.895075,118.905225
,肯德基(艾尚天地店),南京,玄武区,中山路100号艾尚天地101室,,,32.046992,118.784582
,肯德基(南京金融城店),南京,建邺区,西区商业A7楼,,,31.985061,118.714441
,肯德基(宏运大道店),南京,江宁区,宏运大道4597号一层,,,31.966747,118.857836
,肯德基(南京瞻园店),南京,秦淮区,瞻园路9号,,,32.019481,118.786568
,肯德基(大桥家乐福店),南京,鼓楼区,大桥南路7号,,,32.08863,118.754184
,肯德基(龙江润发店),南京,鼓楼区,草场门大街95号,,,32.0577,118.741767
,肯德基(南湖熙乐汇店),南京,建邺区,南湖东路67号一层,,,32.027005,118.758463
,肯德基(云锦路店),南京,建邺区,水西门大街云锦路地铁站1号出口处,,,32.035208,118.74838
,肯德基(胜太店),南京,江宁区,将军大道9号一层(近胜太西路),,,31.94303,118.78595
,肯德基(园创路DT店),南京,浦口区,园创路与华创路交叉口(研创园),,,32.040436,118.648226
,肯德基(南京工业大学站店),南京,浦口区,浦口大道10号线工业大学地铁站3号口,,,32.066238,118.648134
,肯德基(天元店),南京,江宁区,天元路388号江宁大学城商业广场A区1栋一层,,,31.939523,118.877802
,肯德基(仙林文苑店),南京,栖霞区,文苑路108号大成名店公园F1层,,,32.102075,118.921854
,肯德基(天迈店),南京,建邺区,南京市地铁二线油坊桥站天迈广场肯德基餐厅,,,31.966251,118.720761
,肯德基(新华店),南京,六合区,新华路520号,,,32.231732,118.763353
,肯德基(曙光天地店),南京,秦淮区,来燕路1号曙光天地1层沿街,,,32.01718,118.788775
,肯德基(凤凰店),南京,鼓楼区,凤凰东街150号,,,32.046458,118.750722
,肯德基(北联永泰广场店),南京,浦口区,学府路2号,,,32.174768,118.714567
,肯德基(天泰店),南京,江宁区,秣陵街道将军大道62号,,,31.913025,118.790425
,肯德基(南京竹山路店),南京,江宁区,天元东路15号宜悦里G66项目一层F1016号铺位,,,31.933301,118.846946
,肯德基(热河店),南京,鼓楼区,热河路2号025-,,,32.087849,118.742953
,肯德基(南广学院店),南京,江宁区,弘景大道3666号一层101号,,,31.888052,118.893641
,肯德基(紫金南苑店),南京,玄武区,紫金东路2号,,,32.01973,118.84579
,肯德基(南京南站3店),南京,雨花台区,玉兰路98号南京地铁1号线南京南站-1-南京南-04号商铺,,,31.968772,118.79821
,肯德基(南京新街口天安餐厅),南京,秦淮区,中山南路118号103室,,,32.038809,118.782889
,肯德基(云密城店),南京,雨花台区,宁双路19号12幢一层101铺位,,,31.967469,118.750155
,肯德基(河西苏宁环球店),南京,鼓楼区,清江路99号苏宁环球商贸城南区F1层,,,32.043698,118.730142
,肯德基(孝陵卫店),南京,玄武区,中山门大街地铁2号线孝陵卫站1号出口,,,32.03579,118.858315
,肯德基(夫子庙地铁站店),南京,秦淮区,招商花园里夫子庙步行街店西南门旁,,,32.023791,118.791305
,肯德基(东南大学江宁校区店),南京,江宁区,东南大学路2号东南大学江宁九龙湖校区桃园北食堂一层,,,31.890429,118.825391
,肯德基(河西雨润中央店),南京,建邺区,江东中路237号河西中央商场一楼,,,32.006859,118.731618
,肯德基(雨花西路店),南京,雨花台区,雨花西路121号一层,,,31.999616,118.768877
,肯德基(南京江宁万达店),南京,江宁区,竹山路68号万达广场号商铺,,,31.952272,118.842974
,肯德基(华博大厦店),南京,雨花台区,花神大道1号元空间,,,31.992501,118.775074
,肯德基(武定门地铁站店),南京,秦淮区,马道街-143号院东南门东180米,,,32.01292,118.793819
,肯德基(经贸苏果店),南京,秦淮区,石门坎104号现代服务大厦1层,,,32.019075,118.82642
,肯德基(南京信息工程大学店)(暂停营业),南京,浦口区,龙山北路与盘城新街交叉口西460米,,,32.201964,118.715695
,肯德基(南京铁发店),南京,雨花台区,玉兰路98号京沪高铁南京南站三楼出发层夹层,,,31.967499,118.799804
,肯德基(江心洲仁恒店),南京,建邺区,江心洲街道志坚街仁恒置地广场一楼,,,32.029887,118.703977
,肯德基(绿洲店),南京,雨花台区,雄风路336号梅山商业广场1层,,,31.90118,118.635328
,肯德基(岱山店),南京,雨花台区,岱山北路15号荟邻生活广场1层1F-101号商铺,,,31.94444,118.692624
,肯德基(天景山店),南京,江宁区,湖东路29号一层(1-181-17-2)号,,,31.942111,118.87457
,肯德基(大厂桃湖公园店),南京,六合区,湖滨路2号桃湖公园商业街4栋一层(4-103铺位),,,32.199551,118.738823
,肯德基(南京正德学院店),南京,江宁区,将军大道18号08幢一层,,,31.942687,118.781723
,肯德基(南京金宝店),南京,江宁区,金箔路468号中国女人街1层,,,31.949811,118.854804
,肯德基(南京工业职业技术大学店),南京,栖霞区,羊山北路1号,,,32.119346,118.937336
,肯德基(仙林金鹰店),南京,栖霞区,学海路1号1层4-102商铺,,,32.102602,118.926241
,肯德基(南京江北虹悦城店),南京,浦口区,龙华路1号江北虹悦城商业购物中心地下一层铺位号(B1F-38),,,32.067688,118.640174
,肯德基(花港幸福街店),南京,栖霞区,花岗保障房片区五组团花港路11号11-17号商铺一层,,,32.032968,118.903277
,肯德基(尧化门峯汇店),南京,栖霞区,金尧路19-2号(尧化门地铁站2号口步行340米),,,32.12627,118.887534
,肯德基(华为小站店),南京,雨花台区,华为云楼N13栋1层,,,31.985998,118.76638
,肯德基(南京城北万象汇店),南京,栖霞区,栖霞大道108号南京城北万象汇铺位号(B1001A),,,32.121109,118.833588
,肯德基(龙华路店),南京,浦口区,龙华路地铁站2号口旁,,,32.064403,118.634481
,肯德基(华采天地店),南京,建邺区,双闸街道江东中路258号华采天地三层3F-32号铺位,,,31.997043,118.721627
,肯德基(金利店),南京,六合区,江北新区大厂街道新华路138号鑫乐广场一楼,,,32.221911,118.746451
,肯德基(大厂体育馆店),南京,六合区,平顶山路587号扬子体育馆一层,,,32.246477,118.759011
,肯德基(谷里苏果店),南京,江宁区,谷里街道邻里大道61号,,,31.865892,118.70506
,肯德基(东城汇店),南京,栖霞区,文苑路与学思路交叉口仙林东城汇,,,32.097552,118.90824
,肯德基(玄武湖外卖点餐厅),南京,玄武区,玄武湖景区环洲(西南角),,,32.071216,118.790724
,肯德基(保利堂悦店),南京,秦淮区,红花街道汇景北路保利若比邻F1层,,,31.980692,118.805177
,肯德基(江苏园博园店),南京,江宁区,汤山街道圣湖路8号江苏园博园(西南角),,,32.069995,118.999411
,肯德基(印象汇店),南京,浦口区,大桥北路58号印象汇F1层,,,32.141294,118.722104
,肯德基(南京铁心数创中心店),南京,雨花台区,江泉路23号春江新城韩府坊,,,31.963153,118.749474
,肯德基(新港创新中心店),南京,栖霞区,南京经济技术开发区兴智路6号1幢一层,,,32.138019,118.87849
,肯德基(建邺吾悦广场店),南京,建邺区,江东中路与江东门北街交汇处新城吾悦广场(B1033+1035-1036)号商铺,,,32.037044,118.736224
,肯德基(铁发东KFC),南京,雨花台区,高铁南京南站南广场二楼夹层(南售票大厅楼上),,,31.966224,118.797761
,肯德基(南京新居荟DT餐厅),南京,六合区,四周路15号,,,32.225512,118.727538
,肯德基(苏宁慧谷店),南京,鼓楼区,集庆门大街268号108室,,,32.031544,118.72318
,肯德基(南京金基餐厅),南京,秦淮区,大明路和基广场55-17号,,,32.007488,118.811825
,肯德基(南京师范大学店),南京,栖霞区,学林路2号,,,32.11589,118.908988
,肯德基(湖滨天地店),南京,江宁区,苏源大道19号5幢,,,31.912819,118.811706
,肯德基甜品站(汉中店),南京,秦淮区,汉中路209-4号(汉中门地铁站4号口步行60米),,,32.042689,118.767799
,肯德基(佰利兹餐厅),南京,秦淮区,白下路273号,,,32.027225,118.797925
,肯德基(牛首山店)(暂停营业),南京,江宁区,宁丹大道18号一层,,,31.908177,118.75765
,肯德基(长兴店),南京,江宁区,江宁镇长兴大街515号,,,31.857326,118.605559
,肯德基(南京药科大学站店),南京,江宁区,龙眠大道766号(中国药科大学地铁站2号口步行50米),,,31.89716,118.914491
,肯德基(蒋王庙餐厅),南京,玄武区,蒋王庙街21号钟山山庄16幢,,,32.081378,118.831818
,肯德基(万科.都荟天地城店),南京,江宁区,万科都荟城C2栋101-104室,,,31.962988,118.797069
,肯德基(南京审计大学金审学院店),南京,栖霞区,仙隐南路与仙林大道交叉口东南300米,,,32.086203,118.914564
,肯德基(南京莫愁湖站餐厅),南京,建邺区,汉中门大街35号莫愁湖公园北大门东侧两层仿古商业用房,,,32.038086,118.759456
,肯德基(黄金海岸店),南京,江宁区,金箔路999号KFC,,,31.950625,118.836375
,肯德基(南京湖熟街道店),南京,江宁区,湖熟街道灵顺北路与前元街交叉处约30米,,,31.864746,118.978929
,肯德基(南京中和村和里商业街店),南京,建邺区,定康街41-41-1F0203商铺,,,31.967117,118.691216
,肯德基(江浦幸福里店),南京,浦口区,园胜路2号滨江馨园4-17幢101室一层,,,32.039697,118.628345
,肯德基(金马青创广场店),南京,栖霞区,石狮路3号INS Mall·浪里F1层,,,32.069418,118.909655
,肯德基(东山店),南京,江宁区,东山镇土山路2号(华意泰富广场南),,,31.954316,118.843705
,肯德基(江浦大润发店),南京,浦口区,新浦路126号大润发,,,32.059738,118.643898
,肯德基(东南邻里茂店),南京,建邺区,太清路与清润路交叉口(东南邻里茂),,,31.96745,118.706858
,肯德基(龙湖六合天街店),南京,六合区,六合区中心一层铺位号1F-01六合区古棠大道东侧桥西路以南滁河路西侧文尚路以北六合龙湖天街(A地块)购物,,,32.329201,118.843714
,肯德基(老门东店),南京,秦淮区,剪子巷54号,,,32.011174,118.787267
,肯德基(弘阳广场店),南京,浦口区,弘阳广场B2馆游乐场旁,,,32.138397,118.725883
,肯德基(龙湖南京雨山天街店),南京,浦口区,龙湖南京雨山天街2号楼,,,32.046125,118.614775
,肯德基(南京芝兰路店),南京,江宁区,龙眠大道888号万物致成大厦1号楼裙楼1层1003室,,,31.901567,118.90913
,肯德基(龙津店),南京,六合区,龙津路8号金宁广场中区一层,,,32.341215,118.842481
,肯德基(六合欢乐港店),南京,六合区,龙津路52号B1层(铺位号B1039B1052),,,32.335825,118.836625
,肯德基(江宁1912店),南京,江宁区,双龙大道1680号百家湖1912,,,31.930128,118.81881
,肯德基(丁家庄悦拾光店),南京,栖霞区,凤霞路10号一层(丁家庄地铁站3号口步行390米),,,32.112589,118.852468
,肯德基(殷巷苏果店),南京,江宁区,诚信大道988号苏果超市1层,,,31.908882,118.832029
,肯德基(百利广场店),南京,江宁区,来凤路9号百利广场,,,31.778835,118.854962
,肯德基(南京五塘广场餐厅),南京,鼓楼区,五塘广场地铁站3号口旁,,,32.110903,118.776938
,肯德基(仙林湖万达茂店),南京,栖霞区,万达茂2层,,,32.120895,118.987005
,肯德基(秣陵秣欣路店),南京,江宁区,新市镇上秦淮新苑二期泽丰苑41号楼一层宣亭路5-,,,31.843123,118.841388
,肯德基(南京万汇城餐厅),南京,浦口区,浦口大道8号,,,32.063242,118.657708
,肯德基(燕子矶花园城店),南京,栖霞区,招商花园城,,,32.123394,118.833781
,肯德基(南京旅游职业学院店),南京,江宁区,月华西路1号南京旅游职业学院学生宿舍E幢,,,31.926808,118.888794
,肯德基(晓庄彩虹广场店),南京,栖霞区,和燕路408号彩虹广场F1层,,,32.117886,118.81982
,肯德基(南京月安生活广场店),南京,建邺区,月安街24-8号(月安菜场旁),,,32.02036,118.731905
,肯德基(南京荣境天地店),南京,栖霞区,广志路荣境品苑16-9号16-10号16-51号16-52号一层,,,32.124163,118.974452
,肯德基(凤水路店),南京,江宁区,龙眠大道586号海丰小视科技中心一层(1-101),,,31.923395,118.897578
,肯德基(美利广场店),南京,六合区,葛关路818号美利广场1F层,,,32.242265,118.74998
,肯德基(怡康街餐厅),南京,建邺区,怡康新寓15幢一层(部分),,,32.011259,118.753912
,肯德基(南京喜年花生唐餐厅),南京,鼓楼区,北祥路58号花生唐电话,,,32.09701,118.779439
,肯德基(南京理工大学校内餐厅),南京,玄武区,孝陵卫街200号南京理工大学243栋风味美食广场1层,,,32.026451,118.853257
,肯德基(北湾营街店),南京,栖霞区,北湾营街与马高路交叉口西40米,,,32.046722,118.914027
,肯德基(麒麟BHG店),南京,江宁区,麒麟街道新大街悦民路128号东方红郡商业广场,,,32.047804,118.926882
,肯德基(南京东南青年汇店),南京,栖霞区,文澜路2号仙林东南青年汇项目一层,,,32.095613,118.921439
,肯德基(文鼎广场店),南京,江宁区,格致路99号文鼎广场F1层,,,31.912791,118.900114
,肯德基(南京财经大学店),南京,栖霞区,南京财经大学仙林校区西苑学舍4号楼,,,32.103759,118.917865
,肯德基(南京铂丽大厦餐厅),南京,鼓楼区,江东路鸿泰大厦(铂丽大厦)项目一层108-109,,,32.061189,118.740158
,肯德基(南工大东苑店),南京,浦口区,南京工业大学江浦校区东苑学生生活服务中心103室,,,32.077129,118.641244
,肯德基(南京湖熟街道店),南京,江宁区,湖熟街道灵顺北路与前元街交叉处街角第一家,,,31.864527,118.981124
,肯德基(白马生活广场店),南京,浦口区,白马路88号白马生活广场,,,32.076728,118.631588
,肯德基(南京红枫科技园店),南京,栖霞区,南京经济开发区红枫科技园智芯路2号D地块D10号商业楼一层D10-105号商铺,,,32.150677,119.011204
,肯德基(砂之船店),南京,江宁区,秣陵街道秣周东路砂之船奥莱城4楼B座,,,31.867182,118.827975
,肯德基(江苏经贸学院店),南京,江宁区,龙眠大道120号,,,31.931175,118.887725
,肯德基(南京审计大学润园店)(暂停营业),南京,浦口区,雨山西路86号南京审计大学润园食堂一层,,,32.066675,118.608275
,肯德基(南京金茂悦餐厅),南京,江宁区,南京市江宁区瑞宁路186号101-1 室,,,31.960813,118.888282
,肯德基(紫云智慧广场店),南京,秦淮区,卡子门大街19号紫云智慧广场F1层,,,31.992326,118.796456
,肯德基(明基医院店),南京,建邺区,河西大街71号,,,31.987869,118.728999
,肯德基(通济街店),南京,溧水区,通济街8号,,,31.654821,119.030443
,肯德基(南京江北砂之船店),南京,浦口区,城南河路93号江北国际文化创业街区砂之船奥特莱斯2层,,,32.041785,118.65303
,肯德基(大里聚福城餐厅),南京,江宁区,大里聚福城华庭北园润发路与万福路交汇处,,,31.997112,118.877226
,肯德基(明发永辉店)(暂停营业),南京,浦口区,滨江大道1号明发永辉超市一二层,,,32.131001,118.742767
,肯德基(南京浦口科创广场店),南京,浦口区,浦滨路320号一层,,,31.993766,118.601658
,肯德基(扬子江金融街外卖点KFC),南京,浦口区,滨江大道396号江北新区扬子江新金融街区13号楼1层,,,32.061425,118.682575
,肯德基(保利樾广场店),南京,江宁区,经贸学院路8号一层109-114号铺位,,,31.933384,118.889563
,肯德基(南京港口大厦餐厅),南京,鼓楼区,公共路18号港口大厦101室,,,32.090632,118.73821
,肯德基(水佐岗餐厅),南京,鼓楼区,老菜市8号,,,32.068932,118.76695
,肯德基(六合天合广场店),南京,六合区,浦六路6号天合广场一楼肯德基,,,32.319733,118.818916
,肯德基(石湫学府新天地店),南京,溧水区,学府新天地西南门北60米(石湫地铁站2号口步行70米),,,31.639482,118.907784
,肯德基(同曦万尚店),南京,江宁区,江宁开发区双龙大道以东同曦万尚城,,,31.942921,118.822165
,肯德基(海乐城店),南京,溧水区,永阳镇中大街81号溧水国际中心一层(铺位号1F-36),,,31.657428,119.026066
,肯德基(万辰店),南京,溧水区,永阳镇宝塔路9号万辰国际苏果购物中心内一楼,,,31.658603,119.024959
,肯德基(华润雨花万象天地店),南京,雨花台区,向秀路1号南京雨花万象天地,,,31.960125,118.731975
,肯德基(雨桥·幸福城店),南京,雨花台区,俊才路2号雨桥·幸福城F1层,,,31.943725,118.741375
,肯德基(南京工程学院店)(暂停营业),南京,江宁区,弘景大道1号南京工程学院江宁校区东区综合服务楼一层,,,31.922427,118.88689
,肯德基(南京金九汇店),南京,江宁区,湖山路288号金九汇大厦一层2幢112-113-122号,,,31.950379,118.86819
,肯德基(八里美好生活广场店),南京,浦口区,八里社区生活中心,,,32.069698,118.607714
,肯德基(金宝DT店),南京,江宁区,东新南路金宝大市场,,,31.949624,118.85484
,肯德基(林公堤餐厅),南京,浦口区,江浦街道上河街2号林公堤民国商业街1栋1层,,,32.054254,118.628252
,肯德基(六合时代店),南京,六合区,华欧大道8号龙湖时代广场一层,,,32.327661,118.812259
,肯德基(美龄宫外卖点餐厅),南京,玄武区,中山陵9号美龄宫对面驿站,,,32.045458,118.846557
,肯德基(江岛新天地外卖点餐厅),南京,建邺区,环岛东路99号,,,32.026896,118.706234
,肯德基(南京雨润大街站餐厅),南京,建邺区,雨润大街41号(和府奥园),,,31.983568,118.721989
,肯德基(茉里邻里中心店),南京,雨花台区,新湖大道8号金地自在城第五街区三幢期茉里邻里中心一层1F101铺位,,,31.905216,118.661014
,肯德基(陶吴店),南京,江宁区,横溪街道桃盛路77号陶吴社区综合服务中心一层104-105室,,,31.775497,118.781146
,肯德基(雨花吾悦店),南京,雨花台区,古雄大道211号吾悦广场南京雨花店F2层,,,31.91249,118.654196
,肯德基(乐活城店),南京,溧水区,溧水经济开发区团山西路创维乐活城一层,,,31.687045,119.016247
,肯德基(南京五华路餐厅),南京,浦口区,江浦街道2019G91地块商业用房五华路66号虎桥广场一层,,,32.03024,118.599159
,肯德基(八卦洲服务区西区店),南京,栖霞区,八卦洲服务区西区1楼,,,32.172453,118.832317
,肯德基(弘阳家居博览中心店),南京,雨花台区,龙藏大道12号弘阳家居博览中心D1-1F101A铺位,,,31.941312,118.668762
,肯德基(南京农业大学滨江校区),南京,浦口区,江北新区顶山街道滨江大道666号南京农业大学滨江校区诚苑餐厅1楼西北角101,,,32.003722,118.636078
,肯德基(东郊小镇店),南京,江宁区,麒麟街道麒东路777号东郊小镇邻里中心5幢一层101室,,,32.052811,118.951714
,肯德基(汤山奥莱店),南京,江宁区,圣汤大道99号10号楼3栋106和107商铺,,,32.029996,119.051834
,肯德基(桥林丝兰湖芯城汇店),南京,浦口区,桥林丝兰湖百合路69号一层,,,31.967852,118.549679
,肯德基(南京工业大学浦江学院店),南京,溧水区,石湫街道励学路9号,,,31.635833,118.900998
,肯德基(南京创智星光汇DT),南京,江宁区,将军大道创智人才公寓5号楼,,,31.884544,118.795359
,肯德基(德融科创中心餐厅),南京,江宁区,兴民南路87号,,,31.928375,118.852354
,肯德基(禄口机场新站楼店),南京,江宁区,禄口国际机场T2航站楼禁区外出发3层上夹层,,,31.730182,118.876332
,肯德基(铜井苏果店),南京,江宁区,江宁街道宁芜大道5725号一层,,,31.789604,118.553404
,肯德基(溧水大润发店),南京,溧水区,天生桥大道与致远路交汇处大润发超市1层,,,31.637936,119.039816
,肯德基(南京创智星光汇DT),南京,江宁区,吉印大道与将军大道交叉口南160米,,,31.884558,118.795355
,肯德基(砂之船2店商场1楼),南京,江宁区,秣陵街道秣周东路12号,,,31.86809,118.827668
,肯德基(栖霞区医院龙潭分院店),南京,栖霞区,龙岸路2号,,,32.182424,119.073463
,肯德基(南京凤汇壹品餐厅),南京,雨花台区,凤锦路22号凤汇壹品·璟园,,,31.927512,118.636334
,肯德基(南京汤泉路巨诚餐厅),南京,江宁区,汤山街道汤泉东路77号,,,32.055807,119.063556
,肯德基(南京禄口国际机场店),南京,江宁区,南京禄口国际机场T1航站楼出发隔离区内,,,31.733342,118.871231
,肯德基(禄口永欣餐厅),南京,江宁区,禄口街道永欣大道26号1幢101室,,,31.766787,118.863138
,肯德基(柳州东路站店),南京,浦口区,"江山路与柳州路交叉口西北角,地铁3号线2号口",,,32.141023,118.746364
,肯德基(黄栗墅服务区南),南京,江宁区,汤山街道G42沪蓉高速公路黄栗墅服务区南区15号商铺,,,32.058665,119.030779
,肯德基(六合紫晶店),南京,六合区,紫霞街10-8号紫晶广场苏果超市1层,,,32.340042,118.842963
,肯德基(横梁兴镇路),南京,六合区,横梁兴镇路186号,,,32.325116,118.93303
,KFC,南京,雨花台区,古雄大道211号吾悦广场(南京雨花店)F2层,,,31.912411,118.654056
,肯德基(天益汽车商贸园店),南京,溧水区,交通东路83号,,,31.664827,119.05642
,肯德基(溧水万达店),南京,溧水区,高平大街55号万达广场一层铺位号(1001+1002A),,,31.625375,119.047323
,肯德基(六合服务区西区店),南京,六合区,长深高速公路的六合服务区西区一层,,,32.47717,118.734733
,肯德基(东庐山店),南京,溧水区,长深高速东庐山服务区内,,,31.611518,119.148054
,肯德基(小丹阳餐厅),南京,江宁区,宁阳街丹阳幼儿园东南侧约100米,,,31.631123,118.722431
,肯德基(高淳宝龙店),南京,高淳区,轻轨西侧宝龙广场一楼肯德基,,,31.340368,118.872978
,肯德基(二师学院小站店),南京,溧水区,石湫镇新河西路6号江苏第二师范学院石湫校区中心湖水边小品,,,31.624597,118.904338
,肯德基(高淳宝塔路店),南京,高淳区,宝塔路61号八佰伴1层,,,31.323925,118.876375
,肯德基(六合服务区东区店),南京,六合区,境内长深高速公路的六合服务区东区一层,,,32.477929,118.737308
,肯德基(蟹丰生活广场店),南京,高淳区,淳溪街道石臼湖北路与北漪路交汇处蟹丰生活广场一层,,,31.35151,118.885087
,肯德基(高淳宏达店),南京,高淳区,通贤街28-3号宏达大厦1-2层百货大厦对面,,,31.322047,118.868007
,肯德基(高淳淳溪餐厅),南京,高淳区,天河路37号一层,,,31.32263,118.86521
,八卦洲服务区肯德基,南京,栖霞区,八卦洲服务区与G36宁洛高速入口交叉口西北220米,,,32.174973,118.833337
,肯德基(宝塔文化街店),南京,高淳区,宝塔文化商业街246号025-,,,31.32319,118.891847
,KFC,南京,溧水区,创维·乐活城1层,,,31.687045,119.016247
,KFC甜品站(龙湖南京江北天街店),南京,浦口区,文景路和星火路交叉口龙湖天街5层中庭,,,32.15775,118.698438
,黄栗墅服务区肯德基,南京,江宁区,黄栗墅服务区北侧,,,32.056728,119.03077
,肯德基(龙江新城市店),南京,鼓楼区,南京新城市广场负1层,,,32.054962,118.74102
,肯德基肯悦咖啡(南瑞路),南京,鼓楼区,南瑞路6号1层1F-08,,,32.078627,118.773252
,肯德基车速取餐厅(南京凤水路DT店),南京,江宁区,海丰小视科技中心,,,31.923424,118.897689
,肯德基车速取餐点(南京三松仁里店),南京,浦口区,高新路1号.(东大成贤学院地铁站4号口步行60米),,,32.156771,118.707721
,KFC甜品站(江南贡院店),南京,秦淮区,贡院街119号(夫子庙地铁站6号口步行390米),,,32.020296,118.790144
,肯德基甜品站(天元店),南京,江宁区,天元东路388号义乌商品城A区,,,31.939402,118.877855
,肯德基车速取餐点(六合服务区西区店),南京,六合区,金山路1号六合服务区(长深高速深圳方向),,,32.477252,118.734887
,肯德基(民权店),重庆,渝中区,解放碑步行街15号,,,29.556864,106.576908
,肯德基(大礼堂店),重庆,渝中区,大溪沟街道人民路133号(大礼堂地铁站4号口步行210米),,,29.562816,106.553987
,肯德基(东和店),重庆,两江新区,北城天街33号5幢1-2层,,,29.580067,106.542206
,肯德基(万达广场店),重庆,南岸区,江南大道8号万达广场LG层(南坪地铁站3号口步行270米),,,29.526392,106.568228
,肯德基(元旦店),重庆,南岸区,南坪惠工路13号元旦百货1楼,,,29.525785,106.564235
,肯德基(解放碑WFC店),重庆,渝中区,民族路188号的环球金融中心LG层铺位号B06/B04A,,,29.558969,106.578148
,肯德基(上海城店),重庆,南岸区,南坪西路38号嘉发南岸上海城购物中心F1层,,,29.528807,106.56132
,肯德基(嘉陵中心店),重庆,渝中区,瑞天路10号嘉陵中心B馆L1层106,,,29.549487,106.517035
,肯德基(袁家岗店),重庆,九龙坡区,袁家岗奥体路1号(袁家岗地铁站1号口步行250米),,,29.528954,106.511165
,肯德基(约克郡店),重庆,两江新区,两江新区湖彩路118号光环购物公园LG层,,,29.650541,106.530176
,肯德基(融信店),重庆,沙坪坝区,渝碚路50号(沙坪坝地铁站出入口步行240米),,,29.557854,106.461526
,肯德基(万象城店),重庆,九龙坡区,杨家坪谢家湾万象城LG-1层万象城肯德基餐厅,,,29.515647,106.518887
,肯德基(永辉总部城),重庆,两江新区,盘溪七支路11号1层1号商铺,,,29.589871,106.480525
,肯德基(红星店),重庆,两江新区,金开大道1003号爱情海购物公园负一层,,,29.640816,106.548255
,肯德基(金开大道店),重庆,两江新区,金开大道68号协信星光天地一层肯德基,,,29.628142,106.532907
,肯德基(盘龙广场店),重庆,九龙坡区,盘龙奥园广场1层1025-a号商铺,,,29.503168,106.491085
,肯德基(红锦大道店),重庆,两江新区,龙溪街道红锦大道89号新光天地B1层142号,,,29.594509,106.521333
,肯德基(易诚店),重庆,沙坪坝区,凤天路29号肯德基易诚餐厅(重庆图书馆地铁站4B口旁),,,29.533855,106.456829
,肯德基(西城天街店),重庆,九龙坡区,市杨家坪珠江路48号西城天街购物广场,,,29.51014,106.517042
,肯德基(红石路店),重庆,两江新区,红石路37号重庆悦荟购物中心UG层1号门旁,,,29.570269,106.495763
,肯德基(龙湖时代天街D馆店),重庆,渝中区,大坪正街38号龙湖重庆时代天街D馆西L1层,,,29.534543,106.512389
,肯德基(汇安路店),重庆,巴南区,汇滨一路172号,,,29.469316,106.506961
,肯德基(金渝路店),重庆,两江新区,汇流路1号苏宁易购美联广场一层L1-02号商铺,,,29.632325,106.568734
,肯德基(石桥铺店),重庆,九龙坡区,石桥铺科园一路大西洋国际大厦二楼(石桥铺地铁站4B口旁),,,29.532221,106.484877
,肯德基(沙坪坝万达店),重庆,沙坪坝区,经纬大道1108号万达广场B1038号商铺,,,29.542233,106.473316
,肯德基(杨家坪重百店),重庆,九龙坡区,杨家坪正街20号重百杨家坪商厦F1层,,,29.510753,106.514925
,肯德基(金沙天街店),重庆,沙坪坝区,北站东路188号附3号龙湖金沙天街B馆-2F-12-12,,,29.554014,106.463248
,肯德基(九龙广场店),重庆,九龙坡区,西郊路2号附12号九龙广场九龙坡购物广场一楼,,,29.500593,106.511954
,肯德基(罗宾森广场店),重庆,渝中区,中山一路109号附2号-附8号1F-11-12号,,,29.555426,106.562701
,肯德基(凯德广场·九章店),重庆,两江新区,余溪北路3号凯德广场·九章01层07室,,,29.598367,106.491276
,肯德基(重庆来福士店),重庆,渝中区,接圣街8号重庆来福士广场L1层,,,29.565306,106.586474
,肯德基(金源时代店),重庆,两江新区,北滨一路368号金源时代购物广场1层,,,29.556867,106.524892
,肯德基(重庆中央公园吾悦广场店),重庆,两江新区,秋成大道162号(中央公园西地铁站1号口步行80米),,,29.722953,106.57401
,肯德基(长嘉汇店),重庆,南岸区,长嘉汇弹子石老街1号楼,,,29.578908,106.587486
,肯德基(3号线广场店),重庆,两江新区,山茶路70号附52号商铺号1F2425的商铺,,,29.599232,106.550085
,肯德基(天鹿大道店),重庆,巴南区,南泉街道福鹿大道1999号,,,29.460048,106.623153
,肯德基(礼嘉天街店),重庆,两江新区,礼慈路14-15号龙湖重庆礼嘉天街B馆1F层,,,29.670658,106.490431
,肯德基(华龙大道店),重庆,九龙坡区,华龙大道208号中冶仁和时光里项目4-6号商铺,,,29.45915,106.445441
,肯德基(三洞桥·PARK店),重庆,两江新区,北滨二路588号2-L1-1-2,,,29.576926,106.575973
,肯德基(国瑞店),重庆,大渡口区,大渡口松青路1029号国瑞城一层,,,29.476795,106.480085
,肯德基(重庆欢乐谷),重庆,两江新区,重庆欢乐谷,,,29.666425,106.514322
,肯德基(大渡口万达店),重庆,大渡口区,建桥大道108号重庆大渡口万达广场(建桥地铁站1号口步行390米),,,29.45106,106.47774
,肯德基(兴科大道店),重庆,两江新区,宝圣湖街道兴科大道322号兰亭新都汇一层2-1-1A,,,29.688305,106.602512
,肯德基(幸福广场店),重庆,两江新区,黄山大道中段6号LG层11号,,,29.617499,106.50426
,肯德基(磁器口店),重庆,沙坪坝区,磁器口餐厅(沙滨路109号附12号至附17号商铺),,,29.580687,106.454484
,肯德基(观月路店),重庆,两江新区,两路街道空港大道711号附5-6号,,,29.773763,106.651689
,肯德基(大学城店),重庆,沙坪坝区,景苑路8号附15号(四川美术学院彩云梯斜对面),,,29.603548,106.301339
,肯德基(融创茂店),重庆,沙坪坝区,西林大道84号融创茂F1层,,,29.625996,106.360339
,肯德基(龙湖高新天街店),重庆,沙坪坝区,陈家桥街道西双大道30号龙湖高新天街的铺位号为A馆-1F-46,,,29.610639,106.36473
,肯德基(龙盛XIN悦荟),重庆,两江新区,和煦路55号,,,29.622913,106.753962
,肯德基(桃源天地店),重庆,两江新区,桃源大道66号附2号1层,,,29.737802,106.629522
,肯德基(雄风店),重庆,北碚区,嘉陵风情步行街33号1-1号1层,,,29.801419,106.401823
,肯德基(沙坪坝融汇广场店),重庆,沙坪坝区,融汇广场,,,29.549885,106.440621
,肯德基(中国石油南岸南坪加油站店),重庆,南岸区,黄桷渡272号中国石油南岸南坪加油站,,,29.535809,106.562561
,肯德基(泽科弹子石店),重庆,南岸区,弹子石环道群慧路泽科弹子石中心,,,29.583608,106.592147
,肯德基(江津吾悦店),重庆,江津区,祥福大道与福城大道交叉口,,,29.416715,106.287304
,肯德基(红宇大道店),重庆,璧山区,俊豪中央大街,,,29.580747,106.227068
,肯德基(茶园悦地餐厅),重庆,南岸区,通江大道186号(L1层002A4),,,29.489425,106.643275
,肯德基(中央公园光环花园城店),重庆,两江新区,双龙湖街道空港新城两路组团-光环花园城,,,29.722753,106.590169
,肯德基(龙湖龙兴天街),重庆,两江新区,南开两江中学旁,,,29.690185,106.79571
,肯德基(沙坪坝融创文旅城店),重庆,沙坪坝区,西林大道84号融创茂F1层,,,29.625018,106.360905
,肯德基(蔡家中央大街店),重庆,两江新区,蔡通路499号附23号附24号附25号,,,29.73647,106.48849
,肯德基(中石油南坪车速取餐厅),重庆,南岸区,黄桷渡272号,,,29.535689,106.562525
,肯德基(巴南华熙店),重庆,巴南区,平江东路3号F1层-07-01,,,29.379954,106.508044
,肯德基(两江砂之船餐厅),重庆,两江新区,北部新区经开园北区汇川路1号(奥特莱斯路)A栋第一层ZA-L1-07-1ZA-L1-07-2 TH-L1-02号店铺,,,29.629775,106.566225
,肯德基(龙湖星汇天街餐厅),重庆,九龙坡区,石杨路18号龙湖石桥铺一层铺位号为A馆-1F-47,,,29.528223,106.482622
,肯德基(华宇广场餐厅),重庆,沙坪坝区,华宇广场15号3号1-1至6号1-7号,,,29.556614,106.4626
,肯德基(爱加星悦荟店),重庆,两江新区,金渝大道91号龙湖爱加两江星悦荟LG层,,,29.643706,106.5647
,肯德基(李家沱店),重庆,巴南区,李家沱马王坪正街都和广场1层,,,29.465387,106.541975
,肯德基(沙坪坝佛罗伦萨店),重庆,沙坪坝区,土主镇和阳路8号佛罗伦萨小镇商铺号H26,,,29.651525,106.373813
,肯德基(云领天街餐厅),重庆,九龙坡区,龙湖重庆云领天街A馆-1F-3635b,,,29.504301,106.463552
,肯德基(江州大道店),重庆,江津区,鼎山街道江州大道600号港龙购物中心LG层,,,29.281388,106.270293
,肯德基(合川海润店),重庆,合川区,交通街东侧(原体育场)大润发超市一层,,,29.995595,106.265872
,肯德基(通惠大道店),重庆,綦江区,通惠大道綦江爱琴海购物公园,,,29.037521,106.673096
,肯德基(綦江店),重庆,綦江区,九龙大道47号凯旋名城裙楼一二层,,,29.037504,106.649796
,肯德基(江津万达店),重庆,江津区,清栖路559号江津万达广场F1层,,,29.314546,106.263109
,肯德基(时代天街店),重庆,渝中区,"时代天街A馆UG层42G,42H",,,29.53796,106.511001
,肯德基(南川万达店),重庆,南川区,南城区西城街道办事处渝南大道16号,,,29.160916,107.091637
,肯德基(永川华茂店),重庆,永川区,昌州大道东段777号永川华茂中心,,,29.363067,105.929396
,肯德基(永川万达店),重庆,永川区,星光大道789号万达广场1B022号商铺,,,29.336018,105.929687
,肯德基(国能天街),重庆,綦江区,万盛经开技术开发区松林路123号,,,28.956823,106.932703
,肯德基(铜梁万达店),重庆,铜梁区,东城街道办事处中兴东路788号,,,29.836255,106.07818
,肯德基(北碚万达店),重庆,北碚区,冯时行路300号万达广场(重庆北碚店)1A层,,,29.797558,106.391382
,肯德基(西南大学餐厅),重庆,北碚区,天生路2号西南大学第四运动场斜对面,,,29.830444,106.431855
,肯德基(北碚吾悦 店),重庆,北碚区,梨园村60号北碚新城吾悦广场1002-1003号商铺,,,29.823155,106.433217
,肯德基(长寿桃花新城店),重庆,长寿区,桃源东路4号时代广场2层,,,29.859462,107.08686
,肯德基(黎香湖服务区店),重庆,南川区,渝湘复线高速黎香湖服务区(武隆方向),,,29.312808,106.974523
,肯德基(宝龙广场店),重庆,涪陵区,百花路88号,,,29.710038,107.365221
,肯德基(长寿金科美邻汇餐厅),重庆,长寿区,桃源西三路342号1-141-151-161-17长寿金科美邻汇F栋L1层L1-20号铺位,,,29.852263,107.069806
,肯德基(大足印象店),重庆,大足区,龙中路81号大足印象F3层,,,29.698249,105.720608
,肯德基(涪陵万达店),重庆,涪陵区,东滨大道8号涪陵万达广场1F层1025商铺,,,29.700626,107.415336
,肯德基(兴华中路店),重庆,涪陵区,荔枝办事处兴华中路25号,,,29.700609,107.396712
,肯德基(黎香湖服务区北侧店),重庆,南川区,南川区渝湘复线高速黎香湖服务区北侧,,,29.359535,106.974189
,肯德基(黄桷树广场店),重庆,荣昌区,昌元街道广场路115号,,,29.405818,105.594065
,肯德基(久桓大道店),重庆,丰都县,三合街道龙新路19号21号部分,,,29.877634,107.75138
,肯德基(潼南店),重庆,潼南区,梓潼街道办事处广宇路520号嘉年华购物公园17号楼,,,30.161328,105.831871
,肯德基(重庆大足吾悦广场店),重庆,大足区,大足吾悦广场,,,29.670288,105.744063
,肯德基(大足服务区店),重庆,大足区,棠香街道金星村大足服务区,,,29.654156,105.735549
,肯德基(垫江明月大道店),重庆,垫江县,桂溪镇明月二路469号,,,30.3341,107.33509
,肯德基(石柱上河街店),重庆,石柱土家族自治县,南宾街道南宾路2号,,,29.997075,108.120825
,肯德基(黔江店),重庆,黔江区,解放路大十字购物广场佳惠华盛堂1-2层,,,29.52512,108.784823
,肯德基(万州北站店),重庆,万州区,万州北站高架候车层G12,,,30.862789,108.366965
,肯德基(新酉阳店),重庆,酉阳土家族苗族自治县,桃花源大道中路101号汇升广场16号楼一层,,,28.83953,108.767876
,肯德基(万州万达店),重庆,万州区,北滨大道二段998号万达广场万达百货1层,,,30.812361,108.383889
,肯德基(时代金街店),重庆,开州区,时代金街,,,31.168074,108.398628
,肯德基(万州鸿鸥广场店),重庆,万州区,王牌路2099号鸿鸥广场肯德基,,,30.782459,108.392266
,肯德基(奉节店),重庆,奉节县,滨江郦城C区东门东北200米,,,31.015909,109.46719
,肯德基(云阳滨江购物公园店),重庆,云阳县,青龙街道滨江大道333号,,,30.920641,108.719316
,肯德基(长江之星店),重庆,万州区,陈家坝街道南滨大道1777号长江之星二期A区S04号商业楼一层12/13/14/15号商铺及34号商铺部分,,,30.798163,108.403199
,肯德基(彭水两江广场),重庆,彭水苗族土家族自治县,两江新街1号,,,29.298784,108.15853
,肯德基(梁平重百餐厅),重庆,梁平区,梁山街道人民东路1号海韵重百商业广场1层78号肯德基,,,30.673668,107.802602
,肯德基(黔江三磊国汇中心店),重庆,黔江区,武陵大道南段24号正阳星都荟肯德基餐厅,,,29.465865,108.808458
,肯德基(秀山爱琴海店),重庆,秀山土家族苗族自治县,中和街道凤凰社区秀山爱琴海F1031号铺位,,,28.44278,109.011423
,肯德基(城口名豪广场),重庆,城口县,葛城街道广场路80号附168号,,,31.944568,108.662552
,肯德基(巫溪逍遥广场),重庆,巫溪县,柏杨社区丰益路,,,31.397283,109.568762
,肯德基(白帝城·瞿塘峡景区店),重庆,奉节县,白帝镇白帝村1社白帝城·瞿塘峡景区(东南角),,,31.04249,109.575674
,肯德基(巫山神女剧场餐厅),重庆,巫山县,高唐街道广东中路270号1幢附8号,,,31.073084,109.877948
,肯德基(重庆西站站前广场店),重庆,沙坪坝区,凤中路176号,,,29.500941,106.438084
,肯德基(忠县万达餐厅),重庆,忠县,忠州街道环城路45号万达广场的W1010号商铺,,,30.298569,108.020828
,肯德基甜品站(南坪万达店),重庆,南岸区,江南大道8号万达广场(重庆南坪店)LG,,,29.526265,106.568271
,KFC甜品站(龙湖天街店),重庆,渝中区,时代天街大坪正街38号龙湖时代天街A馆L1层,,,29.537294,106.511961
,肯德基车速取餐点(缙麓店),重庆,北碚区,天生新村64号肯德基,,,29.825743,106.436526
,重庆肯德基门型材自动门批发,重庆,巴南区,华南城玻璃门窗市场873-1号,,,29.338629,106.600317
,肯德基(八里台店),天津,南开区,卫津南路新文化广场一层(天塔地铁站B口步行410米),,,39.099709,117.178832
,肯德基(学府店),天津,和平区,新兴街卫津路155号博联大厦一层,,,39.10618,117.179641
,肯德基(南京路店),天津,和平区,元力场东北2门旁(营口道地铁站B1口步行60米),,,39.118391,117.196973
,肯德基(天津天塔道店),天津,南开区,天塔道54号一二层,,,39.09291,117.175109
,肯德基(乐宾店),天津,和平区,南京路滨江道口乐宾百货一层(营口道地铁站B1口步行250米),,,39.11983,117.19507
,肯德基(乐园道店),天津,河西区,乐园道9号彩悦城阳光乐园购物中心首层,,,39.090494,117.216736
,肯德基(天津鞍山道店),天津,和平区,鞍山道与南京路交叉口南50米(鞍山道地铁站B2旁),,,39.119441,117.186162
,肯德基(大津城店),天津,西青区,武台村雅乐道与瑶琳路交口大津城一层,,,39.054701,117.173117
,肯德基(天津奥城店),天津,南开区,宾水西道与凌宾路交口西南侧奥城商业广场2号楼一层,,,39.078526,117.171002
,肯德基(天津成都道店),天津,和平区,成都道197号商业-1号一层商铺,,,39.104329,117.190399
,肯德基(999店),天津,南开区,东马路129号仁恒置地广场仁恒伊势丹项目四期第一层编号1F-10商铺,,,39.140377,117.190827
,肯德基(大学城店),天津,西青区,工一号路文博园12号楼底商,,,39.059135,117.118106
,肯德基(龙湖天津梅江天街店),天津,西青区,梅江天街(江湾二支路地铁站D2口步行120米),,,39.064478,117.207334
,肯德基(凯德国贸店),天津,河西区,南京路凯德国贸购物中心1层(小白楼地铁站C口步行260米),,,39.11301,117.216333
,肯德基(和平华夏未来店),天津,和平区,南马路麦购时代广场1F(东南角地铁站B1口步行290米),,,39.136446,117.186974
,肯德基(紫金店),天津,河西区,紫金山路与黑牛城道交口大润发超市一层,,,39.074755,117.199775
,肯德基(体北店),天津,河西区,宾水道75号,,,39.081521,117.192086
,肯德基(新围堤道店),天津,河西区,南北大街1号嘉贸购物中心·天津湾,,,39.097288,117.239161
,肯德基(南楼店),天津,河西区,大沽南路820号,,,39.094689,117.223509
,肯德基(万新店),天津,河东区,天山路与程林路交口肯德基旁,,,39.130544,117.279416
,肯德基(嘉华店),天津,河东区,华昌道70号一层7号(远洋国际中心地铁站D口步行70米),,,39.137514,117.222592
,肯德基(餐饮楼店),天津,河东区,天津站后广场地下负一层商业区C区001号,,,39.138515,117.210792
,肯德基(天津嘉里汇店),天津,河东区,六纬路238号大王庄地铁站D出口1号,,,39.12678,117.217061
,肯德基(科贸街店),天津,南开区,鞍山西道与南丰路交口时代数码广场一层,,,39.114154,117.163529
,肯德基(迎水道店),天津,西青区,新产业园区华苑产业区迎水道138号,,,39.088236,117.129764
,肯德基(友谊南路店),天津,西青区,友谊南路111号梅江印象城1F层,,,39.028027,117.218764
,肯德基(招远DT店),天津,东丽区,津塘路与招远路交口新世嘉大厦项目1号楼,,,39.090471,117.312329
,肯德基(柳林DT店),天津,河西区,大沽南路与长湖路交口天邦购物乐园1层,,,39.06923,117.280118
,肯德基(咸阳路店),天津,红桥区,咸阳北路水木天成物美超市1层,,,39.163968,117.137528
,肯德基(中北店),天津,西青区,中北镇物美超市一层肯德基(中北大道与万卉路交口),,,39.12608,117.09054
,肯德基(天津西北角店),天津,红桥区,大丰路25-29号天津陆家嘴中心,,,39.146989,117.170903
,肯德基(卫国道店),天津,河东区,卫国道132号(物美超市卫国道店一层1-001),,,39.143161,117.252456
,肯德基(十一经路店),天津,河东区,十一经路与六纬路交叉口东北80米(十一经路地铁站B口旁),,,39.122125,117.224275
,肯德基(珠峰店),天津,河西区,曲江路15号14门一层101-103室,,,39.066964,117.266252
,肯德基(西南角店),天津,南开区,卫安南里小区西1门东80米(西南角地铁站B口旁),,,39.137719,117.171241
,肯德基(金鸡鸣园商业综合体店),天津,河北区,江都路与增产道交叉口金鸡鸣园生活广场路1号楼正外1号商铺,,,39.158345,117.240745
,肯德基(大成广场KFC),天津,红桥区,湘潭道78号一层,,,39.162065,117.151586
,肯德基(曹庄店),天津,西青区,阜盛道1号永旺梦乐城天津中北购物中心一层179号,,,39.144037,117.091445
,肯德基(天津民园餐厅),天津,和平区,河北路与重庆道交口民园广场旁润兴里项目铺位号2号楼101号房产,,,39.112831,117.206289
,肯德基(大悦城商厦店),天津,南开区,南门外大街2号B区B1-43/B1-49b B1-50h号商铺,,,39.136201,117.17983
,肯德基(海光寺店),天津,南开区,南京路302号海光MALL一层沿街,,,39.122351,117.179448
,肯德基(王顶堤店),天津,南开区,王顶堤迎水道59号(红旗南路地铁站E口步行100米),,,39.092415,117.146638
,肯德基(龙居花园店),天津,西青区,津港公路与榆林路交口龙居生活广场一层,,,39.014489,117.245338
,肯德基(新黑牛城店),天津,河西区,黑牛城道125号底商,,,39.076226,117.214442
,肯德基(万科广东路店),天津,河西区,广东路60号1F-21号商铺,,,39.106178,117.213812
,肯德基(永乐桥店),天津,河北区,天纬路与五马路交口东南侧凤凰商贸广场1-1-6号和1-1-7号,,,39.154469,117.188233
,肯德基(天津中海环宇城店),天津,河西区,解放南路689号中海环宇城B1层B155铺位,,,39.042961,117.234777
,肯德基(陈塘科创园店)(暂停营业),天津,河西区,郁江道14号,,,39.073684,117.246491
,肯德基(长江道店),天津,南开区,长江道92号1-2F,,,39.130723,117.14755
,肯德基(天津复康路DT 店),天津,西青区,复康路西段北侧翠庭园1-2-101号底商及中部部分区域一层A1铺位,,,39.099203,117.119039
,肯德基(天津侯台店),天津,西青区,中北镇侯台村侯台休闲购物广场一层铺位号16,,,39.103194,117.100525
,肯德基(天津新天大店),天津,津南区,海河教育园雅观路135号,,,38.994243,117.309962
,肯德基(中铁国际城店),天津,河北区,金钟河大街245号中铁国际城一层,,,39.168775,117.233298
,肯德基(泛洋店),天津,红桥区,丁字沽1号路泛洋大厦一层,,,39.175814,117.169222
,肯德基(利津店),天津,东丽区,利津路商业区C区51号肯德基餐厅,,,39.088084,117.308459
,肯德基(天津惠山道店),天津,东丽区,归航路与惠山道交口处西北侧品香苑配套公建1立美商业广场一层1-1号铺位,,,39.106025,117.308725
,肯德基(珠江装饰城DT店),天津,河西区,解放南路475号珠江友谊国际家居购物中心首层,,,39.068242,117.23358
,肯德基(曙光路店),天津,河北区,爱贤道300号一层B09商铺,,,39.182809,117.214506
,肯德基(奥园店),天津,北辰区,辰昌路与龙泉道交口物美超市一层肯德基门口,,,39.199753,117.120827
,肯德基(丁字沽店),天津,红桥区,本溪路19号(本溪路地铁站C口步行360米),,,39.183666,117.142116
,肯德基(津南大学城店),天津,津南区,雅润路与津沽公路交口雅晟广场2号楼底商1、底商2铺位,,,39.004319,117.375515
,肯德基(爱国北里餐厅),天津,河西区,隆昌路40号一层101号铺位,,,39.098402,117.21969
,肯德基(新第六田园车速取餐厅),天津,河西区,解放南路476号一层1127-1132号,,,39.054925,117.231175
,肯德基(天津远洋未来城店),天津,北辰区,宜白路(宜兴埠地铁站A口步行290米),,,39.197365,117.217829
,肯德基(津工店),天津,河东区,津塘公路79号1层财富豪交通银行和拾柒便利店中间,,,39.110501,117.247497
,肯德基(大岛店),天津,河西区,友谊南路梅江会展中心对面大岛商业广场1层,,,39.043041,117.219419
,肯德基(天拖融创店),天津,南开区,天拖融创商业中南道17号1-2层铺位,,,39.110823,117.147787
,肯德基(津塘餐厅店),天津,河东区,津塘路大本营淘宝城一层,,,39.124639,117.231828
,肯德基(天津地铁乐园道C口餐车),天津,河西区,乐园道地铁6号线C出口3号,,,39.091397,117.211451
,肯德基(津滨店),天津,河东区,津滨大道53号万达广场2F层252A,,,39.123771,117.255629
,肯德基(西青学畔馨园DT店),天津,西青区,大学城工一号路学畔馨园S8-增1的12层,,,39.048516,117.123986
,肯德基(天津王府壹号餐厅),天津,南开区,怀安环路9增1号,,,39.123899,117.157073
,肯德基(友谊新都店),天津,河北区,狮子林大街200号友谊新都商厦1层底商,,,39.14786,117.199751
,肯德基(天津工业大学店),天津,西青区,精武镇宾水道399号天津工业大学东苑回民食堂一楼1号01号,,,39.061882,117.11662
,肯德基(天津全运村店),天津,河西区,渌水道南侧全运村云实园7-40号底商一层肯德基餐厅,,,39.044596,117.256919
,肯德基(天津地铁土城站B口餐车),天津,河西区,土城地铁站地铁1号线B出口2号,,,39.090655,117.229549
,肯德基(天津南开大学店),天津,津南区,同砚路38号南开大学商业街(具体商铺坐落文2-108),,,38.993362,117.341686
,肯德基(金地DT店),天津,津南区,双港津沽公路金地格林小城梧桐苑33号楼,,,39.049635,117.314915
,肯德基(大寺人人乐店),天津,西青区,赛达路与芦北路交口大寺人人乐一层,,,38.990725,117.230029
,肯德基(太阳城店),天津,河东区,丽苑太阳城清霖园一区4号楼(近卫国道卫昆桥),,,39.150364,117.271303
,肯德基(古文化街店),天津,南开区,古文化街19号,,,39.143597,117.193223
,肯德基(天津民航大学店),天津,东丽区,中国民航大学东丽校区北院大学生活动中心一层多功能厅,,,39.112308,117.349726
,肯德基(天津金钟街店),天津,东丽区,金钟街信德道与慧捷路交汇处金钟时代广场C座1层铺位号1F001/1F016,,,39.208713,117.26795
,肯德基(天津师范大学店),天津,西青区,师范大学朝晖道北侧商业街01号一层铺位,,,39.061972,117.121456
,肯德基(恒华大厦餐厅),天津,河西区,大沽南路501号底商,,,39.10411,117.22411
,肯德基(普济河道DT店),天津,北辰区,普济河东道宜兴埠北地铁站(公交站),,,39.202804,117.203918
,肯德基(天津理工大学店),天津,西青区,李七庄街天津理工大学北部生活区23号楼底商,,,39.064486,117.14389
,肯德基(天津红星路DT 店),天津,河东区,红星路69号红星烟火集市铺位号A01号铺位,,,39.146299,117.235865
,肯德基(建投誉山院餐厅),天津,南开区,文水路东侧誉臻园西营门外大街65号-增1号增2号-K1增3号-K2,,,39.139929,117.153505
,肯德基(西湖道KFC),天津,南开区,西湖道78号一层K101,,,39.121321,117.152539
,肯德基(缤纷购物广场店),天津,河东区,天山路195号缤纷购物广场F1层,,,39.139325,117.277025
,肯德基(双桥河店),天津,津南区,双桥河镇聚和园16号楼一层(世纪和福超市),,,38.985437,117.436745
,肯德基(环河北路店),天津,东丽区,环河北路168号SM天津城市广场A栋一层A1015-C,,,39.156209,117.418896
,肯德基(西站高架层店),天津,红桥区,天津西火车站B6-B7检票口,,,39.158085,117.162785
,肯德基(西青万达店),天津,西青区,大寺镇津港公路与兴华道交口西青万达广场1号门处,,,39.020581,117.236962
,肯德基(熙悦购物中心店),天津,南开区,密云路熙悦汇1层,,,39.13784,117.124684
,肯德基(围堤道儿童医院店),天津,河西区,围堤道212号一二层(佟楼地铁站A1口步行50米),,,39.100801,117.197104
,肯德基(津南新华城市广场店),天津,津南区,咸水沽镇建国大街与红旗路交口新华城市广场一层铺位号120号,,,38.991999,117.391572
,肯德基(西站高架2店),天津,红桥区,天津西站F2层A18-19之间,,,39.156255,117.161554
,肯德基(新景商业广场B座店),天津,西青区,新景商业广场B座1-1,,,39.127166,117.103608
,肯德基(双街店),天津,北辰区,双街新村南门西90米(双街地铁站C口步行430米),,,39.263988,117.106249
,肯德基(天津市亲安路DT店),天津,西青区,亲安路1号公建101号铺位,,,39.002168,117.269892
,肯德基(海泰绿色产业基地店),天津,西青区,天津新技术产业园区华苑产业区(环外)海泰发展六道6号海泰绿色产业基地一层F-4-101-2室,,,39.079654,117.097142
,肯德基(新天津小白楼店),天津,和平区,小白楼1902欧式风情街的开封道44-54号,,,39.115678,117.2161
,肯德基(天津地铁吴家窑D口餐车),天津,河西区,吴家窑地铁3号线D出口3号,,,39.097522,117.183742
,肯德基(汇金中心餐厅),天津,和平区,滨江道与大沽北路交口南侧汇金中心1号楼-67号,,,39.128825,117.204425
,肯德基(新世纪广场店),天津,静海区,东方红路北侧朝阳道西侧新世纪小区南侧新世纪广场路一层,,,38.935796,116.97124
,肯德基(西青大悦汇店),天津,西青区,西青大悦汇(B馆1F-03)铺位,,,39.139396,117.088718
,肯德基(创展大厦餐厅),天津,河西区,解放南路283号创展大厦,,,39.113032,117.222602
,肯德基(翡翠大道店),天津,西青区,张家窝镇才智道翡翠大道售楼处内108号商铺,,,39.067659,117.069996
,肯德基(静霸线店),天津,静海区,独流镇新开路15号天立购物中心一层A1铺位,,,39.022046,116.919446
,肯德基(天津地铁营口道站B1口餐车店),天津,和平区,地铁1号线B1出口的4号营口道的地铁餐车,,,39.119811,117.198074
,肯德基(天津香堤广场店),天津,津南区,双港镇梨双路与微山南路交口香堤广场一层103号铺位,,,39.022863,117.281398
,肯德基(欢乐谷店),天津,东丽区,东丽湖度假村迎乐路1号,,,39.186913,117.477359
,肯德基(中海国际公园城店),天津,津南区,幸福路与天嘉湖路交叉口西北60米,,,38.907198,117.359342
,肯德基(天津中塘店),天津,滨海新区,黄房子村文苑广场1层1号铺位的一部分及2号铺位和3号铺位,,,38.869958,117.385154
,肯德基(河西区洞庭路餐厅),天津,河西区,黑牛城道与洞庭路交口东南侧五福里17-47号48号底商,,,39.077782,117.252079
,肯德基(东方红店),天津,静海区,东方红路中段北侧华润万家一层,,,38.932065,116.933428
,肯德基(天津天宇DT店),天津,津南区,双港镇工业园区天宇荣昌创意园1-底商21-3一层铺位,,,39.010145,117.300015
,肯德基(十里观澜餐厅),天津,河北区,天泰路西侧津运大厦1号楼1号商铺,,,39.175097,117.180649
,肯德基(怡安店),天津,静海区,胜利大街悦海时尚广场一层(原怡安购物广场),,,38.934575,116.922375
,肯德基(芥园西道KFC车速取餐厅),天津,西青区,中北镇西姜井新景商业广场B座1-1,,,39.127155,117.103524
,肯德基(集贤店),天津,北辰区,延吉道永辉超市一二层,,,39.232021,117.129276
,肯德基(天津地铁营口道站C1口餐车),天津,和平区,南京路与营口道交口营口道地铁站C1出口1号,,,39.128709,117.212462
,肯德基(津南韩城桥路餐厅),天津,津南区,咸水沽镇海棠众创大街F区金朗园3号楼底商首层102区域,,,38.995915,117.373789
,肯德基(一中心复康路外卖站),天津,南开区,复康路一中心医院F区一层101号负一层B 101号,,,39.103273,117.149451
,肯德基(津南八里台DT店),天津,津南区,八里台镇津港公路旁壳牌金顺加油站北侧,,,38.948367,117.335456
,肯德基(长江道融侨餐厅),天津,南开区,长江道20号,,,39.127157,117.165021
,肯德基(吾悦广场店),天津,津南区,新城吾悦广场1026号商铺(咸水沽西地铁站C口旁),,,38.979557,117.375215
,肯德基(天津东五道店),天津,东丽区,东五道东伍拾捌酒店一层底商位号115-9,,,39.150391,117.40864
,肯德基(西青一中心医院店),天津,西青区,西营门街保山西道2号第一中心医院B2层B10号,,,39.107775,117.130175
,肯德基(天津意风快闪餐厅),天津,河北区,意风区马可波罗广场东南侧(靠近一宫大门处),,,39.134498,117.198669
,肯德基(天物大厦餐厅),天津,北辰区,顺义道67号天物钢铁大厦1号楼2门102室,,,39.202155,117.162126
,肯德基(中海左岸源境店),天津,河西区,枫林路与泗水道交口东南侧梅悦苑88号89号90号,,,39.0527,117.257173
,肯德基(福州道店),天津,滨海新区,福州道916号,,,39.043757,117.660236
,肯德基(渤龙湖),天津,滨海新区,东侧一观湖湾配建,,,39.125347,117.532921
,肯德基(海河金湾商业广场餐厅),天津,河北区,建国道悦海大厦一层101号商铺,,,39.139555,117.199263
,肯德基(雍阳店),天津,武清区,杨村镇君利商厦底商d座中安信业友谊商厦,,,39.371496,117.069162
,肯德基(天津地铁下瓦房C口餐车),天津,河西区,下瓦房地铁1号线C出口2号,,,39.106211,117.225269
,肯德基(格调中心餐厅),天津,南开区,黄河道287号,,,39.137258,117.160071
,肯德基(富海公馆餐厅),天津,河北区,日纬路2号(中山美食街对面),,,39.159137,117.20121
,肯德基(天津淮东路DT店),天津,北辰区,天穆镇淮东路30号101商铺(淮河道地铁站A口步行490米),,,39.220495,117.189568
,肯德基(南开大学二店)(暂停营业),天津,津南区,海河教育园区同砚路38号理科商业街1-103/104,,,38.985556,117.341028
,肯德基(天津红街购物店),天津,静海区,大邱庄镇泰山路红街购物一层KFC,,,38.831752,117.062459
,肯德基(天津地铁广开四马路C口餐车),天津,南开区,广开四马路地铁2号线C出口5号,,,39.135687,117.163148
,肯德基(天津南站),天津,西青区,张家窝镇天津南站候车大厅3-2号商铺,,,39.056892,117.060808
,肯德基(增产道物美餐厅),天津,河北区,王串场增产道28号一层101商铺,,,39.158551,117.231947
,肯德基(雪莲南路餐厅),天津,河东区,雪莲南路与茅山道交口朗丽兹酒店,,,39.099625,117.301725
,肯德基(建邦时代广场店),天津,东丽区,七经路与弘泽大街交叉口南140米,,,39.169889,117.385537
,肯德基甜品站(熙悦购物中心店),天津,南开区,黄河道与密云路交口熙悦汇购物中心,,,39.137929,117.124642
,肯德基(天津地铁中山路站B口餐车店),天津,河北区,昆纬路18号地铁3号线B出口的4号中山路户外地铁餐车,,,39.156429,117.198757
,肯德基(辰悦广场店),天津,北辰区,天穆镇京津路辰悦广场底商1B-13A1B-15号,,,39.211765,117.141071
,肯德基(先锋路汇城餐厅),天津,东丽区,先锋路61号汇城广场项目一层8102号铺位,,,39.084675,117.306525
,肯德基(西青辛口店),天津,西青区,双贤休闲广场一层,,,39.086033,116.974378
,肯德基(诺德中心餐厅),天津,河北区,鸿顺里街律纬路168号诺德中心2号楼配建一配建三-,,,39.167408,117.201955
,肯德基(秀谷店),天津,滨海新区,秀谷商城1A1B2A2B一层,,,39.031843,117.656103
,肯德基(屿东城餐厅),天津,河东区,卫国道193号路劲屿东城商业项目26号楼26-101一层,,,39.148575,117.281277
,肯德基(天津地铁天河城H口餐车),天津,和平区,赤峰道43号,,,39.127173,117.20672
,肯德基(东丽万达广场店),天津,东丽区,先锋东路6号东丽万达广场1F层1071号铺位面积257.62平米,,,39.081552,117.323541
,肯德基(津沽店),天津,津南区,咸水沽镇津沽路57号,,,38.987642,117.389995
,肯德基(天津第六大街DT店),天津,滨海新区,第六大街天润科技园一期配套用房12层,,,39.041649,117.722212
,肯德基(胜利店),天津,滨海新区,胜利街663号一商友谊商厦底商一层,,,38.838246,117.454694
,肯德基(汉沽店),天津,滨海新区,新开南路98号汉沽百货大楼一层,,,39.242753,117.808382
,肯德基(天津知行道DT店),天津,武清区,下朱庄街京津公路西侧龙吉园商业一期44号楼,,,39.318084,117.079505
,肯德基(西青辛口店),天津,西青区,辛口镇双贤休闲广场一层,,,39.086015,116.974377
,肯德基(武清荔隆店),天津,武清区,南财源道南侧荔隆广场一层,,,39.389825,117.061984
,肯德基(葛沽DT店),天津,津南区,葛沽金街1号物美超市旁边,,,38.990888,117.49894
,肯德基(辛庄永旺店),天津,津南区,鑫怡路与津沽公路交口永旺购物中心一层,,,39.029065,117.341225
,肯德基(海泰店),天津,滨海新区,黄海路98号B区101室一层,,,39.040083,117.692972
,肯德基(天津中部新城店),天津,滨海新区,金岸三道373号,,,38.957807,117.703381
,肯德基(滨海店),天津,滨海新区,和平路503号滨海购物广场大洋百货1层,,,39.017697,117.66487
,肯德基(天津亨顺广场店),天津,北辰区,双口镇津永公路北侧立业园1-1234-105-106-1,,,39.23404,117.062606
,肯德基(迎宾店),天津,滨海新区,世纪大道118号迎宾超市1层,,,38.84457,117.454343
,肯德基(旭日路店),天津,滨海新区,1层A01号铺位号和负一层B01号铺位滨海新区大港海景七路以西旭日路以北福瑞商业楼2号楼300号迎宾超市,,,38.852689,117.496017
,肯德基(彩虹店),天津,滨海新区,幸福路与开发道交口西南角幸福广场,,,38.720016,117.490554
,肯德基(天津季景天地店),天津,滨海新区,生态城和旭路以西和畅路以北季景天地商业广场一层,,,39.117069,117.747387
,肯德基(天津武清居然智家店),天津,武清区,前进道1312号,,,39.369739,117.028634
,肯德基(东丽新业广场店),天津,东丽区,二经路1号新业广场东丽店F1层,,,39.078815,117.355866
,肯德基(西青枫雅印象城 店),天津,西青区,枫雅道198号天津枫雅印象城购物中心F1层,,,39.054275,117.028875
,肯德基(天津王稳庄店),天津,西青区,王稳庄示范镇商业区稳泰路65号项目底墒10号地016室商铺一层,,,38.883693,117.257883
,肯德基(武清来源道店),天津,武清区,来源道574号增1号1-01号商铺,,,39.404937,117.012766
,肯德基(机场出发层店),天津,东丽区,机场大道1号天津滨海国际机场2号航站楼出发大厅东侧浮岛,,,39.127365,117.365601
,肯德基(天津团泊奥莱DT店),天津,静海区,团泊大道8号团泊启彩奥莱LG3,,,38.973045,117.08663
,肯德基(房信·海景郦都店),天津,滨海新区,海景二路622-2号,,,38.857609,117.505953
,肯德基(东丽无瑕街店),天津,东丽区,无暇街银河大酒店D座一层1号,,,39.044579,117.501909
,肯德基(生态城万达店),天津,滨海新区,生态城万达广场,,,39.123869,117.760371
,肯德基(天津海晨道DT店),天津,滨海新区,中新生态城滨海旅游区安正路252号1、2层,,,39.103349,117.75174
,肯德基(滨海新区大连东道店),天津,滨海新区,滨海文化中心西门公交站,,,39.018501,117.686412
,肯德基(永莲),天津,滨海新区,黄海路19号底商13号一层二层,,,39.033792,117.688702
,肯德基(张家窝店),天津,西青区,张家窝镇辛老路物美超市一层,,,39.067633,117.033385
,肯德基(京津时尚广场店),天津,武清区,京津公路(城区段)1233号一层102号商铺一层124号商铺,,,39.382872,117.071477
,肯德基(中新科技园研发大厦店),天津,滨海新区,中新天津生态城中天大道1620号中新科技园中新科技园研发大厦,,,39.112997,117.752974
,肯德基(新佛罗伦萨店),天津,武清区,前进道北侧佛罗伦萨小镇圣马可广场1层3号,,,39.375271,117.017342
,肯德基(大张庄特美易购 店),天津,北辰区,大张庄镇永进道南侧辰祥大厦3号楼特美易购楼一层DS-02及DS-03的一部分商铺,,,39.31791,117.21138
,肯德基(天津机场T2安检内店),天津,东丽区,滨海国际机场T2航站楼安检内222登记口旁,,,39.131636,117.363773
,肯德基(天津空港经济区店),天津,东丽区,空港经济区中心大道与东二道交口东北侧瑞航广场7/8-8-9门商铺,,,39.15772,117.394447
,肯德基(天津星光汇店),天津,滨海新区,星光汇商场红绿灯处,,,39.12714,117.757198
,肯德基(水郡花园餐厅),天津,南开区,芥园道水郡花园底商,,,39.14626,117.14464
,肯德基(河南路道达尔DT店),天津,滨海新区,万年桥北路与万顺道交叉口北100米,,,38.997957,117.657324
,肯德基(云锦世家餐厅),天津,西青区,中北镇紫阳道64号一层,,,39.110867,117.074638
,肯德基(芦台店),天津,宁河区,芦台商业道43号,,,39.32734,117.829437
,肯德基车速取餐厅(绿地海域香颂店),天津,静海区,津王路绿地缤纷天地商业广场1层,,,38.892575,117.156675
,肯德基(军粮城店),天津,东丽区,八号桥军粮城示范镇军丽园29号楼底商,,,39.054287,117.446998
,肯德基(河西务店),天津,武清区,京津公路212号,,,39.626649,116.960104
,肯德基(李宁运动中心餐厅店),天津,西青区,杨柳青镇西青道411号1层南区101室,,,39.142461,117.015492
,肯德基(天津红年时代广场KFC),天津,武清区,雍顺道1号,,,39.398787,117.000327
,肯德基(周大福金融中心店),天津,滨海新区,天津k11购物中心1层(市民广场地铁站A2口步行460米),,,39.022536,117.703819
,肯德基(天宝店),天津,宝坻区,环城南路与开元路交口怡购商业广场1层(必胜客旁),,,39.705667,117.298872
,肯德基(天津西部新城万科店),天津,滨海新区,胡家园街和商道672号新湖苑商业广场5号楼101-1,,,39.022607,117.586968
,肯德基(津南服务区南区店),天津,津南区,北闸口镇长深高速津南服务区南区,,,38.937159,117.423833
,肯德基(港东店),天津,滨海新区,世纪大道东305号大港万达广场,,,38.845853,117.489198
,肯德基(天津于家堡店)(暂停营业),天津,滨海新区,新金融大厦东门北110米,,,38.997379,117.680455
,肯德基(河北路店),天津,滨海新区,河北路工农村人人乐底商,,,39.06098,117.660537
,肯德基(生态城爱琴海店),天津,滨海新区,海旭道与安明路交口东南角天津生态城远洋未来广场,,,39.098239,117.770005
,肯德基(滨海万达店),天津,滨海新区,万达广场2号门旁,,,39.016906,117.680659
,肯德基(永旺店),天津,滨海新区,时尚东路29号600区永旺梦乐城天津泰达购物中心1楼,,,39.031251,117.728865
,肯德基(大港大学城店),天津,滨海新区,学府路3号一层K101,,,38.85763,117.470584
,肯德基(港东三道店),天津,滨海新区,海景九路以东港东三道以北商业街西区01铺,,,38.862552,117.489174
,肯德基(天津地铁刘园站A口餐车),天津,北辰区,辰昌路刘园地铁站A出口1号,,,39.208105,117.116178
,肯德基(安和路餐厅),天津,东丽区,环河北路98号A7-104,,,39.160102,117.396558
,肯德基(北闸口店),天津,津南区,北闸口镇北营路与御惠道交口处(鸿儒新园2期1号)8号商铺,,,38.956708,117.401105
,肯德基(港西丰收道DT店),天津,滨海新区,丰收道775号,,,38.6723,117.404955
,肯德基(津南服务区北区店),天津,津南区,北闸口镇长深高速津南服务区北区,,,38.938825,117.422889
,肯德基(保利玫瑰湾餐厅),天津,东丽区,昆仑路与满江道交口溪水河畔花园17-108,,,39.166297,117.265475
,肯德基(静海绿城DT餐厅),天津,静海区,瑞和道绿城清波苑售楼处底商配建4,,,38.952763,116.957167
,肯德基(天津杉杉奥莱餐厅),天津,西青区,杉杉奥特莱斯1层编号A-127店铺,,,39.05074,117.066814
,肯德基(金桥国贸店),天津,静海区,静海镇东方红路南侧胜利大街东侧金桥国贸购物中心一层二层,,,38.932783,116.923212
,肯德基(泉旺路店),天津,武清区,泉旺路武清海达家乐附近,,,39.383221,117.047675
,肯德基(天津创意米兰DT店),天津,武清区,前进道1066号创意米兰生活广场F1层,,,39.365811,117.040759
,肯德基(枫情商业广场店),天津,滨海新区,海轩道枫情商业广场1层,,,39.106673,117.792042
,肯德基(天津大邱庄天街DT 店),天津,静海区,大邱庄镇天街商业广场路铺位101-102号1层,,,38.843287,117.070033
,肯德基(东丽和顺家园KFC),天津,东丽区,南大街和顺家园欣园C区彩虹小镇商业广场16号楼1层77号商铺,,,39.083032,117.482533
,肯德基(东辰广场店),天津,武清区,大王古庄镇京滨工业园东辰广场B座,,,39.552947,116.809586
,肯德基(新港二号路店),天津,滨海新区,新港二号路于家堡购物中心1层,,,39.004687,117.697905
,肯德基(高村新城店),天津,武清区,高村镇学府道南侧嘉悦广场1-10-101,,,39.629819,116.845494
,肯德基(天津滨海吾悦店),天津,滨海新区,海洋高新技术产业园区云山道819号吾悦广场1楼1041,,,39.066353,117.62116
,肯德基(汊沽港津永公路店),天津,武清区,汊沽港津永公路与高王公路交口陶然居底商1号101及102商铺一层,,,39.2517,116.940832
,肯德基(静海佳荣商厦餐厅),天津,静海区,东方红路东段银桥商场西侧佳荣商厦一层,,,38.932874,116.944759
,肯德基(舜新城市广场店),天津,津南区,小站镇舜新城市广场一层,,,38.919223,117.436522
,肯德基(上马台),天津,武清区,上马台镇隆泰家园社区居民委员会,,,39.381398,117.25819
,肯德基(王庆坨服务区店),天津,武清区,王庆坨镇王庆坨服务区(京沪高速北京方向),,,39.216294,116.922757
,肯德基(王庆坨服务区店),天津,武清区,王庆坨镇王庆坨服务区(京沪高速上海方向),,,39.216878,116.920192
,肯德基(中石化下朱庄站DT店),天津,武清区,中国石化下朱庄加油站西北门旁,,,39.334132,117.104067
,肯德基(欣嘉园餐厅),天津,滨海新区,北塘街道欣嘉园商业广场1号楼F1-B03-F1-B02,,,39.124895,117.636621
,肯德基(天津云山道店),天津,滨海新区,滨海高新区塘沽海洋科技园厦门路以东云山道以北的金元宝海洋生活广场B座1520号1522号1534号,,,39.066272,117.649378
,肯德基门(园中苑温泉公寓店),天津,武清区,郝堡路与安光道交叉口西420米,,,39.211403,116.969439
,KFC(装修中),天津,河东区,天山路97号缤纷购物广场一层05号,,,39.139473,117.276974
,肯德基(天津东辰广场店),天津,武清区,大王古庄镇京滨大道南侧东辰广场一层23号增2号,,,39.552941,116.809562
,肯德基(宁河吾悦广场店),天津,宁河区,光明路东侧绿荫东路南侧新城吾悦广场(1046-2/1047)号商铺,,,39.338563,117.817597
,肯德基(王庆坨服务区东区),天津,武清区,王庆坨高速服务区东区(北京方向),,,39.180739,116.904488
,肯德基(天津大道DT店),天津,滨海新区,中心商务区东沽和丽苑(津沽南路),,,38.976924,117.698649
,肯德基(民航宁河校区小站店),天津,宁河区,中国民航大学宁河校区生活商业街圆形咖啡厅,,,39.258708,117.460049
,肯德基(塘沽湾国丰路),天津,滨海新区,塘沽湾国丰路,,,38.986299,117.615945
,肯德基(天津上海道塘沽大剧院餐厅),天津,滨海新区,中心路7号一层,,,39.019422,117.651754
,肯德基(天津静湖红年餐厅),天津,武清区,下朱庄街道嘉宁道157号V1号商铺,,,39.340429,117.094794
,肯德基(滨海国泰大厦店)(暂停营业),天津,滨海新区,中心商务区国泰大厦2-101号1层,,,38.993323,117.665546
,肯德基(港兴道餐厅),天津,滨海新区,幸福北路与港兴道交口炼达超市同盛店一层k-101,,,38.716146,117.475169
,肯德基(威尼都KFC餐厅),天津,武清区,翠通路东侧意瑞广场12号楼H2-101/201,,,39.376273,117.012093
,肯德基(金地大境车速取餐厅),天津,宝坻区,潮阳大道与开元路交口西南角艺馨佳苑商业1-,,,39.689549,117.294096
,肯德基(幸福DT店),天津,宁河区,芦台街道商业道南段西侧幸福商业广场A区-101,,,39.325567,117.828341
,肯德基(幸福总部大厦店),天津,宁河区,芦台镇商业道南段西侧幸福商业广场A区-101,,,39.325525,117.828375
,肯德基(大丰路车速取餐厅),天津,滨海新区,大丰路熙科柏悦山2号商业楼,,,39.262463,117.82116
,肯德基(北科大天津学院店)(暂停营业),天津,宝坻区,北环东路1号北京科技大学天津学院商业街22号商铺一层及23号商铺,,,39.543633,117.397165
,肯德基(东疆港亲海公园小站店),天津,滨海新区,亲海公园沙韵广场,,,39.032284,117.81802
,肯德基(万科东庐餐厅),天津,滨海新区,航运五道以南航运西路以西万科东庐配建4-14-24-3号,,,39.031152,117.738789
,肯德基(渔阳店),天津,蓟州区,鼓楼广场两侧商贸43号44号一二层,,,40.044695,117.407875
,肯德基(武清万达广场店),天津,武清区,"福源道与泉旺路交叉口武清万达广场内的1001,1002号商铺",,,39.406618,117.055884
,肯德基(劝宝店),天津,宝坻区,城关镇南关大街85号劝宝超1层,,,39.715536,117.306044
,肯德基(天津抚仙湖路DT店),天津,滨海新区,"天津经济技术开发区滨海中关村科技园抚仙湖路68号1,2层",,,39.106728,117.715894
,肯德基(亚平宁广场车速取餐厅),天津,武清区,前进道1312号1-31号亚平宁广场一层V101号商铺,,,39.369675,117.028591
,肯德基(劝宝购物广场店),天津,宝坻区,东环路劝宝购物广场一层及二层101及201号,,,39.716223,117.328324
,肯德基(州河湾广场店),天津,蓟州区,中昌南大道2号一层,,,40.015635,117.416692
,肯德基(兴华大街店),天津,蓟州区,渔阳镇兴华购物街1号一二三层,,,40.04402,117.423519
,肯德基(天一绿海购物中心店),天津,蓟州区,东环路北端东侧揽秀园55-101一层,,,40.056414,117.445326
,肯德基(蓟州万达广场店),天津,蓟州区,渔阳镇溪水路6号万达广场1层1050铺位,,,40.023784,117.377179
,肯德基(光大商务中心店),天津,蓟州区,一层蓟县光大商务中心兴华大街102号蓟州区兴华大街中段北侧-104号房屋,,,40.04595,117.436973
,肯德基(天津传媒学院店),天津,蓟州区,许家台镇盘山大道68号,,,40.045783,117.268917
,肯德基车速取餐厅(三大街中石油店),天津,滨海新区,第三大街中石油超级充电站昆仑好客,,,39.03094,117.702956
,KFC甜品站(幸福总部大厦店),天津,宁河区,幸福总部大厦西门东50米,,,39.325572,117.828406
,肯德基(第六田园DT店),天津,河西区,解放南路478号,,,39.054916,117.231285
,肯德基(和平印象城店),天津,和平区,和平路119号万达广场1层(金街地铁站D口步行120米),,,39.13183,117.192349
,肯德基(中山门餐厅店),天津,河东区,中心东道101-306号,,,39.105515,117.26569
,肯德基(万卉路DT店),天津,西青区,中聚商业中心万卉路62号,,,39.116398,117.090518
,肯德基车速取餐点(爱国北里店),天津,河西区,隆昌路与利民道交叉口南40米,,,39.098402,117.219671
,肯德基(未来汇购物广场店),天津,滨海新区,胡家园远洋中心路与远洋道交口,,,39.030834,117.596988
,肯德基(天津仁爱团泊湖温泉店),天津,静海区,地水路与津王路交口西100米,,,38.90401,117.158668
,肯德基车速取餐点(西湖道店),天津,南开区,西湖道78号101号,,,39.12136,117.152071
,肯德基车速取餐厅(亲安路DT店),天津,西青区,亲安路1号,,,39.002197,117.269915
,肯德基车速取餐点(天津鞍山西道店),天津,南开区,鞍山西道(212-230)双号01号一层肯德基,,,39.114713,117.175856
,肯德基车速取餐点(奥园店),天津,北辰区,辰昌路1901号瑞景商业中心,,,39.199971,117.120933
,肯德基车速取餐点(王串场店),天津,河北区,王串场五号路20号,,,39.15526,117.227839
,KFC甜品站(南开天津大悦城店),天津,南开区,南门外大街2天津大悦城南开店B1层,,,39.135575,117.179975
,肯德基车速取餐点(新洋店),天津,滨海新区,河北路27号(塘沽地铁站B口步行190米),,,39.028206,117.661276
,肯德基门批发厂家,天津,武清区,杨六公路南200米,,,39.408635,117.095108
,腾达肯德基门制作批发,天津,滨海新区,上古林轻纺大道(五龙酒店东一公里处)路北,,,38.832596,117.496578
,肯德基(接驾桥店),苏州,姑苏区,人民路1640号(北寺塔地铁站1号西南口步行320米),,,31.316878,120.620565
,肯德基(太阳广场店),苏州,姑苏区,石路88号一层二层(石路地铁站12号口旁),,,31.312713,120.600789
,肯德基(三香店),苏州,姑苏区,三香路333号胥城大厦(三香广场地铁站1号口旁),,,31.298314,120.598528
,肯德基(广济南路店),苏州,姑苏区,广济南路19号大润发一层,,,31.305392,120.600462
,肯德基(何山店),苏州,虎丘区,滨河路1823号何山大润发1层,,,31.307534,120.563982
,肯德基(塔园店),苏州,虎丘区,塔园路99号,,,31.286967,120.55941
,肯德基(学府店),苏州,虎丘区,高新区(科锐路东学新路南学府路北)汇金商业广场11幢,,,31.253562,120.574805
,肯德基(盘门百润发店),苏州,姑苏区,解放东路13号大润发(苏福店)1F层,,,31.282235,120.611941
,肯德基(港龙店),苏州,虎丘区,虎丘区高新区长江路556号港龙城市商业广场,,,31.31313,120.546803
,肯德基(新区龙湖MINI店),苏州,虎丘区,金山东路79号狮山天街生活广场五期B-1F-01号,,,31.296026,120.556886
,肯德基(胥江龙湖店),苏州,姑苏区,劳动路777号首开龙湖苏州胥江天街北馆B1层A-B1-15/16,,,31.29082,120.59672
,肯德基(新主城店),苏州,虎丘区,横山路南滨河路337号星韵宝龙广场1楼,,,31.277184,120.574426
,肯德基(新苏站店),苏州,姑苏区,苏站路27号苏州站北广场北出站口东侧B1层出租车上车点方向0512-,,,31.330433,120.611827
,肯德基(相城店),苏州,相城区,相城经济开发区华元路99号,,,31.37497,120.638142
,肯德基(城市生活广场店),苏州,姑苏区,平泷路251号苏州城市生活广场一层102号103号,,,31.343711,120.610856
,肯德基(贵宾店),苏州,姑苏区,干将东路888号(乐桥地铁站6号口步行200米),,,31.307416,120.624239
,肯德基(观前新店),苏州,姑苏区,观前街111号(察院场地铁站2东南口步行440米),,,31.311059,120.626323
,肯德基(江星店),苏州,姑苏区,城北东路1188号江星广场华润万家店,,,31.33996,120.596246
,肯德基(新区泉屋店),苏州,虎丘区,长江路211号天都广场1幢泉屋百货一层1N-01号,,,31.283433,120.549272
,肯德基(吴中悠方店),苏州,吴中区,金枫路264号(金枫路地铁站出入口步行80米),,,31.275717,120.527557
,肯德基(吴中龙湖店),苏州,吴中区,东吴南路179号龙湖苏州东吴天街A区B1层A-B1-22/A-B1-23,,,31.254172,120.628546
,肯德基(阳澄湖店),苏州,相城区,阳澄湖中路29号中环百汇广场1-6户,,,31.363936,120.626775
,肯德基(园区泾园店),苏州,虎丘区,吴中区工业园区扬东路277号新屹大厦1幢102室一层,,,31.339575,120.653198
,肯德基(星海街店),苏州,吴中区,星海街199号星海生活广场北区负1层,,,31.31575,120.669872
,肯德基(相城元和店),苏州,相城区,元和街道阳澄湖东路1号(会展中心)一层F128号,,,31.36479,120.639755
,肯德基(苏州中心店),苏州,吴中区,苏州工业园区苏州中心4楼肯德基,,,31.318206,120.678508
,肯德基(木渎店),苏州,吴中区,木渎镇中山西路16-12号,,,31.255884,120.512083
,肯德基(南环汇邻店),苏州,姑苏区,南环东路758号汇邻广场F1层,,,31.282679,120.637373
,肯德基(华润万家店),苏州,相城区,阳澄湖西路与文灵路交叉口西100米,,,31.361599,120.60171
,肯德基(桐泾北路店),苏州,姑苏区,桐泾北路218号来客茂商业广场1楼,,,31.312429,120.589385
,肯德基(浒关店),苏州,虎丘区,虎丘区高新区文昌路301号浒关大润发超内一楼,,,31.368674,120.508086
,肯德基(金枫店),苏州,吴中区,金枫南路1号华润超市(金枫路地铁站2A口旁),,,31.275773,120.530254
,肯德基(相城玛特店),苏州,相城区,元和街道华元路918号101室一层,,,31.373328,120.6277
,肯德基(体育中心餐厅),苏州,姑苏区,三香路1511号,,,31.295631,120.58247
,肯德基(相城元联邻里店),苏州,相城区,元和街道安元路201号元联邻里广场,,,31.389775,120.605598
,肯德基(枫津广场店),苏州,虎丘区,枫津大街6号月泊湾中逸广场102号103号,,,31.312331,120.563106
,肯德基(水坊邻里店),苏州,吴中区,吴中区工业园区星州街水坊路北一层,,,31.300595,120.680932
,肯德基(杨枝塘店),苏州,虎丘区,葑谊路266号东环路与杨枝塘路交叉口家乐福一楼,,,31.289861,120.655782
,肯德基(繁花店),苏州,相城区,人民路4555号繁花中心一层,,,31.360019,120.60767
,肯德基(吴中鲁能店),苏州,吴中区,鲁能美成坊39幢101室102-A,,,31.23091,120.621062
,肯德基(天平校区苏州科技大学店),苏州,吴中区,塔园路与长塔路交叉口西北440米,,,31.266349,120.558945
,肯德基(苏州星光耀店),苏州,姑苏区,虎池路1583号1楼肯德基店,,,31.353339,120.547071
,肯德基(金鸡湖大润发店),苏州,吴中区,中新大道西181号大润发超市1层,,,31.305531,120.658166
,肯德基(苏州大悦城店),苏州,相城区,元和街道御窖路1999号大悦春风里购物中心L1-57号,,,31.4022,120.607824
,肯德基(大运城大润发店),苏州,吴中区,木渎镇中山东路88号大运城商业广场3幢1-230、1-231室内大润发超市一层,,,31.256813,120.533677
,肯德基(邻里店),苏州,吴中区,阳澄湖邻里中心1层,,,31.321614,120.667135
,肯德基(新区永旺店),苏州,虎丘区,城际路19号永旺梦乐城新区购物中心一层商铺177号,,,31.369583,120.531713
,肯德基(石湖金陵广场店),苏州,吴中区,吴中经济开发区越溪街道南溪江路88号,,,31.215767,120.602834
,肯德基(金河国际店),苏州,虎丘区,虎丘区高新区狮山路35号1幢107室-1号,,,31.293252,120.568737
,肯德基(绿宝广场店),苏州,虎丘区,长江路绿宝广场(何山地铁站出入口步行260米),,,31.301213,120.549092
,肯德基(相城环球港店),苏州,相城区,相城区经济开发区相城大道1609号月星环球港商业广场一层L111-L112号,,,31.374877,120.63568
,肯德基(源丰广场店),苏州,吴中区,城南街道迎春南路168号源丰广场1幢101室,,,31.249687,120.644101
,肯德基(姑苏景德路餐厅),苏州,姑苏区,景德路和养育巷交叉路口婚庆创业产业园,,,31.310054,120.615146
,肯德基(东吴北路店),苏州,吴中区,东吴北路111号朗庭乐享汇一层,,,31.272048,120.626938
,肯德基(吴风大润发店),苏州,吴中区,东吴南路90号吴风生活广场大润发超市一层101号,,,31.238875,120.631375
,肯德基(森林世界北极熊店),苏州,虎丘区,虎丘区高新区象山路南白鹤山路西苏州乐园森林世界北极熊补给站,,,31.323926,120.47866
,肯德基(凤凰店),苏州,姑苏区,凤凰街132号(望星桥苏大地铁站4号口步行270米),,,31.301991,120.632557
,肯德基(长申店),苏州,吴中区,吴中区经济开发区郭巷郭新东路95号一层F1A04号,,,31.248904,120.687668
,肯德基(园区九龙店),苏州,吴中区,工业园区万盛街118号九龙医院12幢地下一层B105、B118号,,,31.330765,120.72772
,肯德基(文溪店)(暂停营业),苏州,吴中区,越溪庄马路9号1层1-21-3铺位,,,31.201598,120.590334
,肯德基(西环路汽车穿梭店),苏州,姑苏区,络香路2号星辉1976产业园3号楼1007、1008、1009、1010室,,,31.297662,120.57878
,肯德基(苏州科技大学石湖校区店),苏州,虎丘区,环山路15号,,,31.247305,120.569955
,肯德基(高铁新城圆融店),苏州,相城区,高铁新城南天成路111号,,,31.421773,120.637379
,肯德基(通安华金店),苏州,虎丘区,虎丘区高新区通安镇华金路88号中诺誉园1幢107室1-2层,,,31.381385,120.473668
,肯德基(苏州高新金鹰商业广场店),苏州,虎丘区,长江路397号(狮子山地铁站4B口旁),,,31.293527,120.550103
,肯德基(吴中万达店),苏州,吴中区,石湖西路188号吴中万达广场2号门1楼,,,31.253364,120.608653
,肯德基(苏站精选店),苏州,姑苏区,苏站路27号苏州站2F层候车室2A检票口,,,31.32993,120.610179
,肯德基(观前一号),苏州,姑苏区,三香路1151号,,,31.295765,120.582228
,肯德基(相城漕湖店),苏州,相城区,漕湖邻里中心1层,,,31.466113,120.62455
,肯德基(龙湖苏州相城天街店),苏州,相城区,相城区相城龙湖天街负一层南区B25,,,31.369292,120.636675
,肯德基(园区永旺店),苏州,吴中区,工业园区钟南街238号永旺梦乐城园区购物中心一层商铺134号,,,31.324027,120.757909
,肯德基(松陵百润发店),苏州,吴江区,笠泽路155号大润发超市内恒森国际广场1层,,,31.149395,120.646846
,肯德基(园区文荟店),苏州,虎丘区,文荟广场文荟商业街A座B2室,,,31.269546,120.749299
,肯德基(园区星塘街店),苏州,虎丘区,工业园区淞江路18号欧尚商业中心星塘店1层,,,31.298221,120.746444
,肯德基(拙政园店),苏州,姑苏区,东北街168号A组4室5室,,,31.323465,120.631142
,肯德基(园区斜塘店)(暂停营业),苏州,虎丘区,吴中区工业园区莲葑路18号联丰商业广场4幢102世纪联华卖场内,,,31.29728,120.737292
,肯德基(宝带大润发店),苏州,姑苏区,宝带西路1155号2幢超市1065-F1-01号,,,31.264665,120.600379
,肯德基(普惠商业广场店),苏州,虎丘区,工业园区普惠路1089号(星湖财富广场)2幢107-108室一二层和2幢106的二层商铺,,,31.244818,120.736209
,肯德基(长江湾店),苏州,虎丘区,长江路815号长江湾商业广场1幢102室,,,31.34167,120.53835
,肯德基(苏州乐园外野店),苏州,虎丘区,象山路99号森林城家庭游乐区1层117号,,,31.326417,120.475957
,肯德基(东环路店),苏州,虎丘区,东环路1500号大润发超内,,,31.318798,120.648658
,肯德基(西环路车速取餐厅),苏州,姑苏区,络香路2号星辉1976产业园3号楼,,,31.297783,120.578765
,肯德基(富邻广场店),苏州,姑苏区,城北西路1988号富邻广场一层,,,31.362863,120.545824
,肯德基(渭塘店),苏州,相城区,渭塘镇渭星街288号2幢104室一层二层105室,,,31.466041,120.657331
,肯德基(园区林泉店),苏州,虎丘区,工业园区独墅湖高教区林泉街621号文星广场1层,,,31.276043,120.741395
,肯德基(木渎金山店),苏州,吴中区,木渎镇金山路37号(天虹旁),,,31.260746,120.518267
,肯德基(双湖邻里店),苏州,虎丘区,苏州工业园区企鸿路18号双湖邻里中心1F,,,31.282714,120.671656
,肯德基(白马店),苏州,虎丘区,虎丘区高新区马涧路288号马涧商业广场2幢101-105室,,,31.316239,120.501678
,肯德基(吴中永旺店),苏州,吴中区,经济开发区越溪街道苏震桃路188号永旺梦乐城吴中购物中心一层商铺198、199号,,,31.193195,120.612575
,肯德基(凤凰广场店),苏州,吴中区,苏州大道西158号凤凰广场1F层,,,31.315185,120.66705
,肯德基(苏州北站店),苏州,相城区,铁路苏州北站站外商业街区SZB-B1-02铺位,,,31.421236,120.644477
,肯德基(尹山湖爱琴海店),苏州,吴中区,清禾路888号尹山湖歌林公园B1层1层,,,31.245103,120.703074
,肯德基(吴江吾悦店),苏州,吴江区,松陵镇开平路2188号吾悦商业广场A幢187号1F-021-2-2号商铺,,,31.137289,120.616912
,肯德基(水秀天地店),苏州,吴江区,吴韵路,,,31.136923,120.595077
,肯德基(光子科技园店),苏州,虎丘区,高新区科技城嘉陵江路198号11幢一层铺位号104,,,31.359115,120.430949
,肯德基(时代广场),苏州,吴中区,苏州工业园区时代广场N5区天幕西街21幢106+201,,,31.321223,120.711807
,肯德基(金鸡湖邻里店),苏州,吴中区,西华林街88号邻瑞广场1F层F129,,,31.296961,120.718517
,肯德基(蒯祥里店),苏州,吴中区,香山街道钟马路2号1F-05、1F-06,,,31.225942,120.423446
,肯德基(吴中凤凰广场店),苏州,吴中区,凤凰广场(宝带路地铁站3东南口旁),,,31.265808,120.629049
,肯德基(浦庄大道店),苏州,吴中区,临湖镇锦福路268号临湖镇集中式社区商业中心一层铺位号1002,,,31.161646,120.49894
,肯德基(园区东沙湖店),苏州,吴中区,东沙湖路100号东沙湖邻里中心1-2层,,,31.333198,120.757347
,肯德基(科技城金茂店),苏州,虎丘区,虎丘区高新区漓江路8号科技城金茂府商业一层L101号,,,31.346302,120.41106
,肯德基(园区时尚店),苏州,吴中区,工业园区后戴街9号舞台国际时尚品牌城6号楼1层,,,31.342142,120.821325
,肯德基(苏悦汇店),苏州,吴中区,兴昂路苏悦汇商业广场7号楼一楼,,,31.220605,120.616247
,肯德基(华润金悦湾店),苏州,吴中区,吴中区经济开发区郭巷街道独墅湖西金悦花园32栋101室-1,,,31.270385,120.680638
,肯德基(相城活力岛店),苏州,相城区,聚茂街198号水韵花都家园42号楼一层L113L114商铺,,,31.373888,120.601004
,肯德基(浒关保卫路店),苏州,虎丘区,浒墅关镇4号,,,31.374925,120.515475
,肯德基(吴江花园里店),苏州,吴江区,兴中路花园里商业广场,,,31.218937,120.638665
,肯德基(园区天虹餐厅),苏州,吴中区,苏州工业园区苏雅路388号新天翔商业广场2幢101室一层铺位号L20011,,,31.315989,120.665588
,肯德基(园区胜浦店),苏州,吴中区,胜浦镇兴浦街金胜路口金雅苑8号1层,,,31.302807,120.827241
,肯德基(同里店),苏州,吴江区,同里风景区游客集散中心1层,,,31.152916,120.717943
,肯德基(园区玲珑店),苏州,吴中区,玲珑街58号玲珑邻里中心F2层,,,31.329802,120.701362
,肯德基(相城大华调剂市场店),苏州,相城区,元和街道润元路366号苏州梦多多小镇一层L1016L1017号,,,31.353622,120.622808
,肯德基(木渎姑苏邻里店),苏州,吴中区,木渎缜姑苏邻里中心一层,,,31.246969,120.527772
,肯德基(平江万达店),苏州,姑苏区,旺宅路2号平江万达(平泷路东地铁站3号口旁),,,31.34364,120.613809
,肯德基(狮山金融中心餐厅),苏州,虎丘区,滨河路竹园路北狮山金融创新中心地块二1号楼一层1号-107-204室,,,31.283664,120.57347
,肯德基(木渎惠润店),苏州,吴中区,惠润金峰邻里中心东门旁,,,31.238363,120.509759
,肯德基(镇湖店),苏州,虎丘区,镇湖镇西华路2号锦湖生活广场一层商铺01-08a,,,31.330235,120.34756
,肯德基(马运路中石化车速取店),苏州,虎丘区,马运路258号,,,31.319269,120.548893
,肯德基(阳澄湖湘阳店),苏州,相城区,湘城镇湘阳路1号一层,,,31.496166,120.734236
,肯德基(苏州相城天虹购物中心店),苏州,相城区,相城大道1168号天虹购物中心苏州相城店L1层,,,31.367625,120.638475
,肯德基(甪直店),苏州,吴中区,甪直镇晓市路26号,,,31.268747,120.86883
,肯德基(吴江惠邻店),苏州,吴江区,计成路15号惠邻中心1F层A30,,,31.130867,120.598155
,肯德基(相城利邻荟店),苏州,相城区,富元路1069号澄阳利邻荟一层L127号,,,31.401542,120.640614
,肯德基(吴江明珠城店),苏州,吴江区,江陵西路1688号新湖广场1层,,,31.178325,120.636273
,肯德基(相城吾悦店),苏州,相城区,相城大道3188号相城吾悦商业广场一层1027-1号,,,31.413889,120.633522
,肯德基(苏州湾中心广场店),苏州,吴中区,吴中经济开发区龙翔路东侧东太湖路北侧苏州湾中心广场一楼铺位号1011A-1011B,,,31.183998,120.588068
,肯德基(时尚水岸店),苏州,虎丘区,高新区科技城武夷山路69号时尚水岸商业广场4幢一层,,,31.342768,120.416272
,肯德基(吴江运东店),苏州,吴江区,运东大道1088号(三兴路口),,,31.167011,120.663164
,肯德基(青剑湖龙湖店),苏州,吴中区,亭谊街38号龙湖苏州星湖天街A座B1层A-B1-22,,,31.373708,120.724085
,肯德基(昆山新生活荟店),苏州,昆山市,前进路2200号新江南生活荟F1层,,,31.383241,120.895592
,肯德基(吴江万象汇店),苏州,吴江区,开平路2299号吴江万象汇商业中心三层L349号商铺,,,31.135769,120.618545
,肯德基(狮山总部园餐厅),苏州,虎丘区,汾湖路99号狮山总部经济中心8幢一层102-1室,,,31.269811,120.545359
,肯德基(木渎花样城店),苏州,吴中区,木渎镇中山东路98号花样城1号楼,,,31.257201,120.538219
,肯德基(朗诗蔚蓝店),苏州,相城区,南天成路17号一层F128号,,,31.413046,120.653548
,肯德基(昆山万象汇店),苏州,昆山市,前进西路1278号,,,31.381302,120.926199
,肯德基(相城太平邻里店),苏州,相城区,兴太路35号邻里中心,,,31.430313,120.701501
,肯德基(吴江扬中路店),苏州,吴江区,吴江区经济技术开发区联杨路599号易买盛超市一层1-01-01/02/03号,,,31.126093,120.657257
,肯德基(现代传媒广场店),苏州,吴中区,吴中区工业园区苏州大道东265号苏州现代传媒广场一楼铺位号L107,,,31.324228,120.734343
,肯德基(望亭禹州店),苏州,相城区,望亭镇光明街南鹤溪路东号一层二层,,,31.423277,120.449577
,肯德基(吴江北厍店),苏州,吴江区,育才路692号,,,31.053563,120.784264
,肯德基(园区唯亭店),苏州,吴中区,唯亭镇金陵西路288号,,,31.360293,120.793508
,肯德基(周庄店),苏州,昆山市,周庄镇全福路118号,,,31.115529,120.847378
,肯德基(银都广场店),苏州,昆山市,张浦银都商业广场,,,31.282069,120.933722
,肯德基(吴中渡村店),苏州,吴中区,临湖镇悦达商业广场2幢101室一层A08,,,31.125943,120.465517
,肯德基(源丰广场车速取餐厅),苏州,吴中区,苏州吴中经济开发区城南街道宝韵生活广场1幢101室,,,31.249673,120.644111
,肯德基(黄桥复悦荟餐厅),苏州,相城区,黄桥永青路260号苏州复悦荟商业中心一层1F-1004号,,,31.377836,120.57902
,肯德基(昆山张浦店),苏州,昆山市,张浦新吴街148号,,,31.283718,120.940729
,肯德基(何山路中石油车速取餐厅),苏州,虎丘区,何山路350号中石油加油站,,,31.305388,120.530901
,肯德基(黄埭店),苏州,相城区,黄埭镇康阳路西136号,,,31.43717,120.546582
,肯德基(路劲星斓荟店),苏州,吴中区,南榭雨街55号星斓荟商业广场一层铺位号B-119号,,,31.307607,120.765897
,肯德基(东渚店),苏州,虎丘区,虎丘区高新区东渚镇美田里路9号1幢101室欧德福超市一楼01号,,,31.327992,120.399634
,肯德基(吴江永康店),苏州,吴江区,松陵镇永康路68号,,,31.161375,120.647622
,肯德基(朝阳西路店),苏州,昆山市,玉山镇跃进路168号A-1-13号,,,31.37352,120.959709
,肯德基(吴淞江新邻荟车速取店)(暂停营业),苏州,吴中区,郭巷淞苇路1084号3号楼一楼M102号,,,31.211025,120.716525
,肯德基(湖东邻里店),苏州,吴中区,吴中区园区星湖街178号湖东邻里中心南楼N101号房一层KFC餐厅,,,31.313199,120.728072
,肯德基(菁英公寓店),苏州,虎丘区,虎丘区高新区秦岭路226号9号楼一层铺位号1F-03,,,31.376358,120.420973
,肯德基(光福店),苏州,吴中区,光福镇福锦路35号东崦湖商贸中心7号楼一层7号101,,,31.286488,120.398494
,肯德基(昆山天虹店),苏州,昆山市,中华园路1555号5号商业楼天虹商场F1层,,,31.35801,120.952311
,肯德基(昆山永盛店),苏州,昆山市,北门路1118号永盛广场,,,31.41689,120.95049
,肯德基(苏南花卉市场餐厅),苏州,姑苏区,友新路1108号苏南花卉市场,,,31.271425,120.603175
,肯德基(吴中先锋时代餐厅),苏州,吴中区,长桥街道先锋时代商务广场1幢101室一层M101号,,,31.247168,120.613998
,肯德基(黄埭中翔店),苏州,相城区,黄埭镇方桥路28号1幢一层,,,31.420313,120.560849
,肯德基(甪直维乐城店),苏州,吴中区,甪直镇陶浜路399号南山维乐邻里生活广场一层铺位号101,,,31.278442,120.842286
,肯德基(新华店),苏州,太仓市,新华西路5号,,,31.446242,121.107273
,肯德基(吴江黎里店),苏州,吴江区,黎里镇浒泾街浒泾路29号、铺位01号1层,,,30.990167,120.708243
,肯德基(新浒商业城店),苏州,虎丘区,新浒商业城1幢105室,,,31.380957,120.52827
,肯德基(古城北路店),苏州,昆山市,湖亭西路与古城北路交叉口南20米,,,31.450716,120.873686
,肯德基(马运路中石化车速取餐厅),苏州,虎丘区,马运路258号,,,31.31927,120.548881
,肯德基(常熟支塘店),苏州,常熟市,支塘镇支川路118号2幢常客隆超市一层,,,31.605764,120.962496
,肯德基(常熟尚湖店),苏州,常熟市,星荟云庭,,,31.658607,120.635284
,肯德基(常熟百润发店),苏州,常熟市,新颜东路1号大润发常熟店1层,,,31.643811,120.765926
,肯德基(昆山崇邦店),苏州,昆山市,人民南路1168号昆城广场F1层,,,31.36435,120.954641
,肯德基(昆山北门路店),苏州,昆山市,北门路267号,,,31.400515,120.952241
,肯德基,苏州,昆山市,漕青路与商银路交叉口东南220米,,,31.284784,121.138236
,肯德基(童乐汇店),苏州,太仓市,城厢镇娄江南路20号一层115室,,,31.451188,121.148251
,肯德基(昆山经开万达店),苏州,昆山市,衡山路58号经开万达一层1001号0512-,,,31.354626,120.973699
,肯德基(常熟欧尚店),苏州,常熟市,虞山镇黄河路255号大润发常熟店1层,,,31.675631,120.744281
,肯德基(淀山湖店),苏州,昆山市,淀山湖镇淀兴路741号淀山湖招商服务大楼一层,,,31.181338,121.031376
,肯德基(震泽店),苏州,吴江区,震泽镇镇南路1000号江南缘项目C区,,,30.913475,120.511125
,肯德基(昆山花桥店),苏州,昆山市,花安路171号(兆丰路地铁站1号口步行310米),,,31.289351,121.147311
,肯德基(太仓沙溪苏杭店),苏州,太仓市,沙溪镇沙南西路2号101室-1号,,,31.560281,121.068266
,肯德基(昆山南站店),苏州,昆山市,创业路南昆山南站1层,,,31.353184,120.95136
,肯德基(昆山欧尚店),苏州,昆山市,玉山镇白马泾路46号欧尚卖场1层,,,31.379447,120.94176
,肯德基(昆山南站南广场店),苏州,昆山市,黄山路与创业路交叉口西南200米,,,31.35211,120.951435
,肯德基(爷爷自在茶园区体育公园店),苏州,吴中区,中新大道东999号,,,31.307207,120.747353
,肯德基(太湖游客中心店),苏州,吴中区,太湖国家旅游度假区孙武路2013号一层004号,,,31.224845,120.451248
,肯德基(淀山湖文体中心店),苏州,昆山市,淀山湖镇南苑路277号,,,31.175071,121.016056
,肯德基(福园邻里店),苏州,昆山市,环庆路2155号福园邻里一层L1-1L1-2号,,,31.431899,120.931353
,肯德基(常熟滨江国盛店),苏州,常熟市,常熟市经济开发区永嘉路12号江畔星辰商业广场1楼111号,,,31.738909,120.933762
,肯德基(常熟海虞店),苏州,常熟市,海虞北路27号常客隆超一层,,,31.666544,120.754635
,肯德基(常熟虞景文华店),苏州,常熟市,北门大街虞景文华广场内34-35号,,,31.652714,120.739601
,肯德基(盛泽西环路店),苏州,吴江区,盛泽镇市场路大润发1层,,,30.899852,120.623496
,肯德基(常熟白卯店),苏州,常熟市,204国道与新市北路交叉口东140米,,,31.592634,120.903336
,肯德基(常熟滨江店),苏州,常熟市,常熟市经济技术开发区江南大道95号邻里中心一层,,,31.737432,120.924531
,肯德基(园区数字经济产业园餐厅),苏州,虎丘区,苏州工业园区集贤街89号4幢101室一层117单元,,,31.253135,120.730781
,肯德基(城市奥莱广场店),苏州,相城区,渭塘镇澄阳路2888号渭塘东方时代商业广场5幢101室102-1室一层,,,31.466868,120.669401
,肯德基(昆山周市店),苏州,昆山市,周市镇金瑭路65号宇业天逸商业广场12号楼1层5号7号,,,31.453004,120.973
,肯德基(全家康车速取),苏州,昆山市,北门路1997号,,,31.425975,120.950475
,肯德基(吴江天虹餐厅),苏州,吴江区,中山南路1818号吴江财智商业中心C区天虹购物中心1层1019号1020号,,,31.144787,120.644027
,肯德基(吴淞江新邻荟车速取餐厅),苏州,吴中区,郭巷淞苇路1084号3号楼一楼M102号,,,31.211293,120.716582
,肯德基(太仓华发店),苏州,太仓市,太仓华发广场,,,31.43289,121.128978
,肯德基(阳澄湖邻里中心店),苏州,吴中区,苏州工业园区青澄路7号阳澄湖邻里中心,,,31.370929,120.751092
,肯德基(吴中太湖中心餐厅),苏州,吴中区,苏州太湖国家旅游度假区香山路16号540幢太湖中心MALL一层L1-22L1-23-02号,,,31.222561,120.417219
,肯德基(常熟珠江店),苏州,常熟市,珠江东路与泰山北路十字路口由南往北方向,,,31.666082,120.77557
,肯德基(沙溪店),苏州,太仓市,沙溪镇白云路145-150号,,,31.565374,121.066514
,肯德基(太仓绿地店),苏州,太仓市,科教新城人民新路绿地乐,,,31.432112,121.121585
,肯德基(海虞新天地店),苏州,常熟市,号铺位海虞镇人民路218号海虞新天地一层,,,31.744477,120.800389
,肯德基(首创创潮荟店),苏州,昆山市,经济技术开发区景王东路1111号1号楼F1-122号商铺,,,31.369031,121.06214
,肯德基(苏州文缘餐厅),苏州,虎丘区,苏州工业园区清宁路28号文缘人才公寓7C幢105室,,,31.278231,120.738935
,肯德基(漕湖永昌邻里餐厅),苏州,相城区,漕湖大道与五星路交叉口,,,31.449846,120.61379
,肯德基(昆山吾悦店),苏州,昆山市,长江南路99号吾悦一楼,,,31.332637,120.966836
,肯德基(常熟世纪店),苏州,常熟市,白雪路18号世纪联华卖场内,,,31.629696,120.747215
,肯德基(联杨邻里店),苏州,吴江区,庞杨路1939号联杨邻里中心KFC餐厅,,,31.12167,120.630259
,肯德基(昆山千灯店),苏州,昆山市,千灯镇尚书路8号大润发1层,,,31.263705,121.013525
,肯德基(长安店),苏州,张家港市,步行街221号,,,31.863271,120.540525
,肯德基(昆山万达店),苏州,昆山市,青阳北路238号万达广场昆山青阳店F1层,,,31.414387,120.992537
,肯德基(太仓润南店),苏州,太仓市,太平南路18号大润发1层,,,31.445116,121.120321
,肯德基(常熟古里店),苏州,常熟市,古里镇金湖路9号复兴大厦1幢101,,,31.63534,120.823122
,肯德基(阳澄湖服务区店),苏州,吴中区,沪宁高速阳澄湖服务区肯德基北区,,,31.369612,120.768154
,肯德基(张家港大成广场店),苏州,张家港市,长安南路200号大成广场F1层,,,31.859271,120.534552
,肯德基(昆山新朝阳生活荟店),苏州,昆山市,玉山镇跃进路168号A-1-13号,,,31.373009,120.961029
,肯德基(张家港百润发店),苏州,张家港市,沙洲中路288号,,,31.864243,120.53303
,肯德基(中建·春景雅苑店),苏州,昆山市,昆山开发区钱塘江路石予小学西南侧约40米中建·泓里Mall,,,31.372806,121.069528
,肯德基(昆山新粮贸店),苏州,昆山市,玉山镇震川西路122号阳光城,,,31.377668,120.957743
,肯德基(昆山梦多多店),苏州,昆山市,玉山镇前进西路298-1300-1号昆山梦多多小镇一层铺位编号L120号,,,31.382273,120.954026
,肯德基(太仓点金店),苏州,太仓市,城厢镇南郊书院路101号镜湖点金商务广场3幢一层109-1号,,,31.422097,121.129132
,肯德基(木渎红枫广场车速取餐厅),苏州,吴中区,木渎镇金山路777号3幢一楼101号,,,31.288805,120.519477
,肯德基(姑苏云谷车速取餐厅),苏州,姑苏区,朱家湾街8号2幢一楼111号,,,31.347763,120.554987
,肯德基(常熟印象城店),苏州,常熟市,海虞南路88号(青墩塘路2号)常熟印象城一层01-22号,,,31.648913,120.760595
,肯德基(常熟常汇店),苏州,常熟市,常汇生活广场1层海虞北路88号,,,31.6855,120.755664
,肯德基(常熟琴湖溪里店),苏州,常熟市,琴川街道琴湖路58号琴湖溪里一层1033-1034号,,,31.63548,120.758303
,肯德基(常熟中南锦城店),苏州,常熟市,深圳路70-1号中能石化加油站内,,,31.692885,120.736193
,肯德基(常熟永旺店),苏州,常熟市,常熟市高新技术产业开发区东南大道168号永旺梦乐城常熟购物中心二层商铺253-3号,,,31.601425,120.777875
,肯德基(震泽新乐城店),苏州,吴江区,震泽镇塔影路36号新乐时尚生活广场一层101号二层202-01号,,,30.90348,120.514933
,肯德基(昆山陆家镇店),苏州,昆山市,陆家镇友谊路118号华润万家超市一楼,,,31.317183,121.039237
,肯德基(常熟嘉安邻里店),苏州,常熟市,虞山镇勤丰18号琴川嘉安广场11幢101一层A-103,,,31.679747,120.776903
,肯德基(吴江汾湖店),苏州,吴江区,汾湖镇杭州路北侧368号华润超市一层,,,31.031147,120.855447
,肯德基(花桥宜客莱店),苏州,昆山市,花桥镇西环路23号一层11号二层,,,31.306948,121.076846
,肯德基(相城东桥餐厅),苏州,相城区,黄埭镇东新西街36号东新商业广场一层107-108号,,,31.433731,120.509687
,肯德基(常熟印象里店),苏州,常熟市,虞山街道翡翠路33号01-01/02号,,,31.623695,120.701463
,肯德基(张家港凤凰店),苏州,张家港市,望湖路5号凤凰生活广场F1层,,,31.767786,120.635076
,肯德基(园区文荟邻里餐厅),苏州,虎丘区,文荟苑路31号文荟邻里中心一层F114室,,,31.25196,120.757859
,肯德基(太仓新区东亭路店),苏州,太仓市,娄江路与县府街交叉口西南侧太仓新区上海路北东亭路东地块万达广场2层,,,31.460124,121.139197
,肯德基(春晖路店),苏州,昆山市,周市镇春晖路758号望族商城一层,,,31.397876,120.981935
,肯德基(前进九八六车速取店),苏州,昆山市,前进东路986号(顺帆北路地铁站4西北口步行280米),,,31.384291,121.003781
,肯德基(常熟梅李店),苏州,常熟市,梅李镇通江路11号银河苑1区5幢123-124号一层二层,,,31.708438,120.873935
,肯德基(尹东车速取店)(暂停营业),苏州,吴中区,郭巷街道潦泾路188号尹东水乡邻里一楼10号,,,31.234608,120.716083
,肯德基(陆巷湾车速取店)(暂停营业),苏州,吴中区,甪直镇长虹北路155号万家邻里陆巷湾菜市场C004-C005号,,,31.265557,120.834635
,肯德基(太仓港区店),苏州,太仓市,龙江路东侧映雪路北侧太仓邻里中心,,,31.615773,121.211269
,肯德基(昆山森林公园店),苏州,昆山市,玉山镇马鞍山路818号-1号昆山森林公园,,,31.389465,120.908934
,肯德基(平望店),苏州,吴江区,平望镇通运路44号,,,30.977405,120.642554
,肯德基(花桥绿地滨江汇店),苏州,昆山市,金中路与西环路交叉口西南80米,,,31.287293,121.077084
,肯德基(金茂览秀城店),苏州,张家港市,振兴路北侧职中路东侧张家港金茂览秀城B1层B1019号,,,31.883721,120.569181
,肯德基(常熟星光天地店),苏州,常熟市,闽江东路9号常客隆星光天地商业广场一层1-15A,,,31.666156,120.775737
,肯德基(浮桥店),苏州,太仓市,港区中兴街188幢一层F1-022F1-001号,,,31.598431,121.211625
,肯德基(常熟董浜店),苏州,常熟市,新佳大楼一楼717.719商铺,,,31.644777,120.932316
,肯德基(常熟珠江店),苏州,常熟市,珠江东路98号欧尚超市一层,,,31.664597,120.767167
,肯德基(东山店),苏州,吴中区,东山镇莫厘路58号一层1-01号铺位,,,31.081372,120.406388
,肯德基(昆山陆家乐购店),苏州,昆山市,陆家镇陆家浜北路东侧启发广场华润万家超市一层,,,31.320245,121.045594
,肯德基(吴江华东商业城车速取餐厅),苏州,吴江区,江陵东路8号华东汽车城A馆一层07-08号,,,31.184334,120.673418
,肯德基(唯亭星悦里餐厅),苏州,吴中区,苏州工业园区畅苑环路80号一层01-04a号01-04b号,,,31.364061,120.779116
,肯德基(大新乐橙店),苏州,张家港市,大新镇乐橙广场0512-,,,31.955964,120.555635
,肯德基(张家港万达店),苏州,张家港市,杨舍镇人民东路20号万达广场一层1062号B1层B1016号,,,31.871812,120.575308
,肯德基(金港店),苏州,张家港市,金港镇长江中路中央广场内,,,31.955053,120.408867
,肯德基(苏州太湖医院餐厅),苏州,吴中区,天鹅荡路与连柱山路交叉口西北180米苏州市立医院总院负一层,,,31.190872,120.574762
,肯德基(园区纳米城餐厅),苏州,虎丘区,苏州工业园区金鸡湖大道99号中北区26幢103号,,,31.288788,120.773659
,肯德基(常熟沙家浜店),苏州,常熟市,沙家浜镇阳澄北路3号1层1号2号,,,31.56359,120.779247
,肯德基(巴城立臻),苏州,昆山市,巴城镇金凤凰路188号10幢101室102室(仅供厂区内),,,31.512884,120.933982
,肯德基(昆山世茂润发店),苏州,昆山市,昆山市前进东路南侧夏驾河东侧昆山世茂广场一层,,,31.383149,121.054259
,肯德基(双凤店),苏州,太仓市,双凤镇凤北路商业中心二期4幢07室08室09室10室,,,31.521625,121.033744
,肯德基(常熟美好汇店),苏州,常熟市,冬青路88号美好汇生活广场一层126号127号128号,,,31.649006,120.783696
,肯德基(昆山洞庭湖路店),苏州,昆山市,洞庭湖路288号中航城华润万家一层,,,31.38317,121.02912
,肯德基(太仓五洋店),苏州,太仓市,城厢镇上海东路77号2幢101室,,,31.450875,121.125575
,肯德基(金港润发店),苏州,张家港市,金港镇黄泗浦西路1号大润发超市内肯德基餐厅,,,31.947051,120.425693
,肯德基(张家港金丰店),苏州,张家港市,金港镇镇山路59号(金丰商业广场)一层,,,31.926801,120.438109
,肯德基(张家港妙桥店),苏州,张家港市,塘桥镇妙桥中路323号妙桥肯德基,,,31.80742,120.697442
,肯德基(张家港塘桥店),苏州,张家港市,塘桥镇南京路与西环路交汇处大润发卖场1层,,,31.817809,120.629093
,肯德基(昆山蒲公英产业园车速取餐厅),苏州,昆山市,周市镇横长泾路555号6号商业楼一层,,,31.422888,121.008704
,肯德基(张家港高铁站店),苏州,张家港市,昇恒路与景韩路交叉口东南80米,,,31.817925,120.673386
,肯德基(昆山宝成车速取店),苏州,昆山市,周市镇长江北路290号宝成国际大厦109室-05号,,,31.414976,120.977375
,肯德基(盛泽凤凰荟店),苏州,吴江区,盛泽镇武威路588号碧桂园凤凰荟购物中心一层1-016,,,30.89868,120.608524
,肯德基(吴江七都店),苏州,吴江区,七都镇妆桥路131号一层,,,30.953699,120.392044
,肯德基(昆山开发区餐厅),苏州,昆山市,前进中路237号,,,31.3829,120.97549
,肯德基(梅李大润发店),苏州,常熟市,梅李镇将军路128号梅李大润发一层1001号,,,31.716523,120.869018
,肯德基(苏州园区儿童医院餐厅),苏州,吴中区,苏州工业园区钟南街92号苏州大学附属儿童医院东楼住院部一楼,,,31.310379,120.758638
,肯德基(盛泽天虹购物中心店),苏州,吴江区,舜湖西路775号盛泽天虹购物中心F1层,,,30.902896,120.639405
,肯德基(太仓丽景店),苏州,太仓市,郑和中路400号丽景广场1幢101室,,,31.460171,121.116459
,肯德基(张家港人民路店),苏州,张家港市,杨舍镇人民东路北侧,,,31.86977,120.576888
,肯德基(前进九八六车速取餐厅),苏州,昆山市,昆山市开发区前进东路986号一层,,,31.384278,121.003647
,肯德基(千灯玉荣店),苏州,昆山市,黄浦江路8号,,,31.256868,121.016717
,肯德基(常熟莫城车速取餐厅),苏州,常熟市,莫城街道莫城大道426号胜蓝大厦一层1-01号,,,31.602275,120.728625
,肯德基(常熟丰茂里餐厅),苏州,常熟市,东南街道黄浦江路289号常熟丰茂里商业项目1楼L101号,,,31.583804,120.779549
,肯德基(盛泽舜新店),苏州,吴江区,舜新中路27号大润发卖场1层,,,30.904842,120.658284
,肯德基(金港中骏店),苏州,张家港市,金港镇中港南路99号张家港中骏世界城商场M159-160号,,,31.936321,120.425447
,肯德基(陆巷湾车速取餐厅),苏州,吴中区,甪直镇长虹北路155号万家邻里陆巷湾菜市场C004-C005号,,,31.265638,120.834423
,肯德基(花桥万科店),苏州,昆山市,花桥镇金融大道355号万科魅力花园70号楼17室14室,,,31.277425,121.075748
,肯德基(昆山花桥中石油店),苏州,昆山市,花桥镇花安路1468号,,,31.301705,121.119265
,肯德基(太仓南洋爷爷自在茶店),苏州,太仓市,人民南路96号南洋广场B区F1层,,,31.444788,121.109438
,肯德基(国泰中路车速取店),苏州,张家港市,杨舍镇泗杨路698号一层E6号,,,31.880424,120.521317
,肯德基(太仓陆渡店),苏州,太仓市,陆渡街道金湾路17号1层120号铺位,,,31.470728,121.183532
,肯德基(常熟常青店),苏州,常熟市,莫城街道招商南路65号常青女装城,,,31.624113,120.740372
,肯德基(昆山正仪车速取餐厅),苏州,昆山市,巴城镇正仪林场路88号阳澄春晓苑12号楼1F-04号,,,31.370816,120.865894
,肯德基(常熟凤凰城车速取店),苏州,常熟市,琴川街道新世纪大道77号美丽华凤凰商业中心一层104-105号,,,31.667512,120.770937
,肯德基(太仓璜泾店),苏州,太仓市,璜泾镇园林路8号一层101室,,,31.650499,121.10641
,肯德基(全家康车速取餐厅),苏州,昆山市,北门路1997号,,,31.425821,120.950324
,肯德基(金庭车速取餐厅),苏州,吴中区,金庭镇金庭路5号商业A幢101室,,,31.135938,120.320484
,肯德基(东张车速取),苏州,常熟市,碧溪街道东张中心路125号东张邻里一层L108铺位,,,31.708066,121.025634
,肯德基(吴江铜罗车速取餐厅),苏州,吴江区,府前路与迎春路交叉口351-353号,,,30.844188,120.532773
,肯德基(花桥中骏餐厅),苏州,昆山市,花桥镇俞巷路19号中骏世界城商场负一层B121及B122,,,31.300071,121.105879
,肯德基(常熟大义车速取餐厅),苏州,常熟市,虞山镇大义红旗路58号新合作常客隆一层1号,,,31.705777,120.693552
,肯德基(张家港吾悦店),苏州,张家港市,金港大道388号吾悦商业广场1层124号125号,,,31.838327,120.543975
,肯德基(昆山金鹰国际购物中心星程酒店店),苏州,昆山市,前进中路与黄河北路交叉口西南40米,,,31.382844,120.975521
,肯德基(汾湖芦莘餐厅),苏州,吴江区,黎里镇芦墟芦莘大道217号一层,,,31.019861,120.846243
,肯德基(昆山花桥游站店),苏州,昆山市,花桥镇绿地大道258号游站商业中心1号楼6-8室,,,31.287653,121.126237
,肯德基(盛泽市场店),苏州,吴江区,盛泽镇东方丝绸市场十字河西1层1区157号,,,30.89924,120.645337
,肯德基(昆山九方城爷爷自在茶店),苏州,昆山市,玉山镇萧林路666九方成购物中心,,,31.404792,120.955931
,肯德基(张家港湖滨广场店),苏州,张家港市,湖滨广场翡翠东方旁,,,31.84975,120.577585
,肯德基(张家港曼巴特店),苏州,张家港市,杨舍镇河西路88号曼巴特购物广场1幢-M101内负一层,,,31.861251,120.545749
,肯德基(昆山鑫欣荟科创店),苏州,昆山市,玉山镇萧林中路2022号鑫欣荟科创中心A楼A1-01-05A2-15号,,,31.405559,120.928514
,肯德基(昆能充车速取餐厅)(暂停营业),苏州,昆山市,柏庐南路788号昆山能源汽车充电站地面停车场,,,31.339271,120.954873
,肯德基(巴城鳗鲤湖车速取餐厅),苏州,昆山市,巴城镇古城北路4080号38号楼38-1号,,,31.450437,120.873941
,肯德基(张家港美邻广场店),苏州,张家港市,杨舍镇城北路176号美邻广场,,,31.866874,120.566699
,肯德基(东张车道餐厅),苏州,常熟市,东张中心路125号东张邻里一层,,,31.708088,121.025622
,肯德基(太仓浏河店),苏州,太仓市,郑和东路35号(浏河汽车客运站),,,31.511623,121.271004
,肯德基(永联村车速取餐厅),苏州,张家港市,南丰镇永联村永钢大道南侧妙丰公路西侧永联小镇东街1号东侧一楼及二楼,,,31.844654,120.715005
,肯德基(昆山花家湾餐厅),苏州,昆山市,花桥镇花溪路268号花家湾滨水文化商业街区1栋1-103号,,,31.302357,121.090123
,肯德基(张家港乐余店),苏州,张家港市,乐余镇乐余老街东侧乐悦广场11幢M105一二层,,,31.926477,120.706367
,肯德基(昆山樾河路车速取餐厅),苏州,昆山市,樾河南路863号苏杭幸福里,,,31.3752,121.002248
,肯德基(锦丰五月花店),苏州,张家港市,锦丰镇五月花购物广场锦店路99号幢M101M102M103,,,31.960796,120.637909
,肯德基(常熟凤凰城车速取餐厅),苏州,常熟市,琴川街道新世纪大道77号美丽华凤凰商业中心一层104-105号,,,31.667389,120.770948
,肯德基(金港美好广场车速取店),苏州,张家港市,金港街道金港路201号君港美好生活广场3幢一层铺位号M109M110M111 M113,,,31.936181,120.441425
,肯德基(张家港国泰中路车速取餐厅),苏州,张家港市,杨舍镇泗杨路698号一层E6号,,,31.880339,120.521829
,肯德基甜品站(常熟永旺店),苏州,常熟市,东南大道168号永旺梦乐城2F层,,,31.601371,120.777774
,肯德基(盛泽金银车速取餐厅),苏州,吴江区,盛泽镇舜新中路西侧金银岛商业广场173号,,,30.906665,120.658645
,肯德基(创富大厦店),苏州,张家港市,"南苑东路720号幢M101铺位号L01室,肯德基餐厅门口西侧5米",,,31.851967,120.560623
,肯德基(金港美好广场车速取餐厅),苏州,张家港市,金港街道金港路201号君港美好生活广场3幢一层铺位号M109M110M111 M113,,,31.936029,120.441594
,肯德基(张家港德积餐厅),苏州,张家港市,吉麦隆超市一层,,,31.995825,120.498686
,肯德基车速取餐厅(常熟常汇店),苏州,常熟市,海虞北路88号,,,31.685575,120.755625
,肯德基(新区龙湖MINI店),苏州,虎丘区,塔园路181号龙湖苏州狮山天街L5层,,,31.294895,120.556807
,肯德基(人民路朗诗车速取店),苏州,姑苏区,人民路50号52号54号56号,,,31.281396,120.626319
,肯德基(姑苏云谷店),苏州,姑苏区,朱家湾街8号2座b栋云谷荟商业1-111,,,31.347763,120.554987
,肯德基(方洲店),苏州,吴中区,津梁街与方洲路交叉口东北40米,,,31.31412,120.741191
,肯德基(欧德福优选超市店),苏州,吴中区,欧德福购物中心西门东北60米,,,31.288872,120.519856
,肯德基(胥口帝豪店),苏州,吴中区,胥口镇孙武路北侧香泾路东侧帝豪家缘商业一层,,,31.235485,120.479679
,肯德基(中国石油苏州何山加油站店),苏州,虎丘区,何山路与塔子汇街交叉口西北40米,,,31.305359,120.531245
,肯德基(唯亭君地店),苏州,吴中区,君地曼哈顿广场,,,31.360931,120.712079
,肯德基(张家港华昌路DT店),苏州,张家港市,华山路与华昌路交叉口处,,,31.928533,120.587785
,肯德基车速取餐厅(芦荡缤纷荟餐厅)(暂停营业),苏州,吴江区,芦荡路1288号芦荡缤纷绘1层,,,31.115775,120.647925
,肯德基(春晓·邻聚里店),苏州,昆山市,林场路88号春晓·邻聚里F1层,,,31.370681,120.865882
,肯德基(常熟辛庄车速取餐厅),苏州,常熟市,辛庄镇新阳大道57号101一层01号,,,31.535672,120.690837
,肯德基(常熟万达店),苏州,常熟市,珠海路8号万达广场一层1037号,,,31.682734,120.732449
,肯德基(太仓汽车站店),苏州,太仓市,太平北路太仓汽车客运站,,,31.473755,121.098005
,肯德基(金银岛商业广场店),苏州,吴江区,盛泽镇金银岛商业广场173号,,,30.906653,120.658635
,肯德基(永联村汽车穿梭店),苏州,张家港市,南丰镇永联村永钢大道南侧、妙丰公路西侧永联小镇东街1号东侧一楼及二楼,,,31.844592,120.714906
,肯德基车速取餐厅(昆山云享城店),苏州,昆山市,长江北路128号,,,31.401123,120.977562
,肯德基车速取餐厅(张家港购物公园店),苏州,张家港市,张家港市购物公园店,,,31.869485,120.518225
,肯德基沿街取餐点(苏州越溪SM广场店),苏州,吴中区,吴中大道1109号苏州吴中SM城市广场购物中心北区F1层,,,31.217159,120.593531
,肯德基车速取餐点(跨塘店),苏州,吴中区,锦丰泰盛生活广场1层(汽车出入口),,,31.344195,120.69647
,肯德基车速取餐点(园区纳米城),苏州,虎丘区,纳米城26号楼纳米城环路肯德基门口,,,31.288361,120.776443
,肯德基车速取餐点(吴江万宝大润发店),苏州,吴江区,中山南路1088号1层S1001,,,31.131688,120.644997
,肯德基(曼巴特甜品站店),苏州,张家港市,河西路88号曼巴特购物广场B1层,,,31.861243,120.54488
,肯德基(泰龙店),郑州,中原区,碧沙岗北街12号(碧沙岗地铁站B口步行70米),,,34.754628,113.625962
,肯德基(陇海路店),郑州,二七区,嵩山南路19号家世界购物广场一层,,,34.736,113.628551
,肯德基(中原万达店),郑州,中原区,中原中路171号万达百货1层1002、2层2001、2067,,,34.746732,113.600494
,肯德基(棉纺路店),郑州,中原区,棉纺路六厂东街14号附9号锦艺城B区,,,34.761751,113.610536
,肯德基(报业大厦店),郑州,中原区,博体路1号(常庄地铁站D口步行210米),,,34.739592,113.561717
,肯德基(西元店),郑州,中原区,建设西路与秦岭路交汇处西北侧西元国际广场一层,,,34.757639,113.600418
,肯德基(航海路店),郑州,管城回族区,[],,,34.720259,113.700808
,肯德基(公园茂店),郑州,中原区,郑州高新技术产业开发区高新技术产业开发区雪松路西迎春街北52号朗悦公园道1号,,,34.819744,113.555959
,肯德基(方圆创世店),郑州,管城回族区,紫荆山路与陇海路交叉口东北角方圆国际广场大润发一层肯德基,,,34.740275,113.682741
,肯德基(YOYOPARK店),郑州,金水区,国基路87号信万广场F1层,,,34.819419,113.64684
,肯德基(大学南路店),郑州,二七区,绿水路53号1号楼附1号和201号的商业服务用房1层,,,34.682736,113.643039
,肯德基(郑州站店),郑州,二七区,二马路82号郑州站F2层,,,34.746838,113.660614
,肯德基(众意店),郑州,金水区,郑东新区众意路丹尼斯七天地一二层,,,34.777882,113.722376
,肯德基(熙地港店),郑州,金水区,农业东路与众意西路交叉口熙地港(郑州)购物中心B1层,,,34.784732,113.718184
,肯德基(花园路万达坊店),郑州,金水区,花园路西农科路北建业凯旋广场一二层,,,34.794276,113.680914
,肯德基(汇美店),郑州,管城回族区,银莺路76号汇美茂一层肯德基,,,34.704232,113.699803
,肯德基(高新万达店),郑州,中原区,中原区高新技术开发区科学大道北郁香路西万达广场一二层,,,34.809105,113.581332
,肯德基(万象城店),郑州,二七区,民主路10号万象城B1层B118,,,34.755055,113.662685
,肯德基(商都DT店),郑州,金水区,通泰路7号(通泰路地铁站B口步行180米),,,34.747638,113.734902
,肯德基(郑州华强广场店),郑州,中原区,郑州高新技术产业开发区高新区高新技术开发区电厂路(秦岭路)华强城市广场一层,,,34.791738,113.602811
,肯德基(公园里店),郑州,中原区,郑州高新技术产业开发区国槐街南石楠路东朗悦公园里5号楼一层,,,34.810146,113.551823
,肯德基(北金店),郑州,金水区,北金时尚购物广场西北门旁(陈砦地铁站B口步行480米),,,34.809269,113.665444
,肯德基(富田太阳城店),郑州,管城回族区,航海东路2号60号楼商业项目一层,,,34.721433,113.713253
,肯德基(鑫苑鑫都汇店),郑州,二七区,庆丰街17号院12号楼鑫苑鑫都汇商业1层101号,,,34.73599,113.650761
,肯德基(凤凰城店),郑州,金水区,郑汴路和商贸路交汇处西南角升龙凤凰城A区1-2层,,,34.746454,113.715363
,肯德基(万科龙堂店),郑州,管城回族区,航海路中州大道东北角美景龙堂欢乐广场1层,,,34.721708,113.718856
,肯德基(中铁泰和里),郑州,二七区,中铁路南太和路东D6地块商业裙房1楼,,,34.738489,113.6589
,肯德基(印象汇店),郑州,金水区,中州大道1188号置地广场购物中心负一层,,,34.748031,113.724725
,肯德基(高新万科店),郑州,中原区,郑州高新技术产业开发区高新技术产业开发区科学大道红叶路89号万科城公寓二期E座万科广场一层,,,34.806677,113.525159
,肯德基(普罗旺世店),郑州,金水区,国基路168号普罗旺世地中海广场健身中心一层,,,34.82358,113.635502
,肯德基(文昌路店),郑州,新郑市,龙湖镇文昌路与泰山路交叉口向南100米路西龙湖商业广场1层,,,34.598932,113.687374
,肯德基(二七万达店),郑州,二七区,科学大道与郁香路交叉口万达广场一、二层,,,34.716734,113.642849
,肯德基(正商智慧城店),郑州,新郑市,学文路北侧,,,34.645395,113.702166
,肯德基(滨河国际中心店),郑州,管城回族区,第十五大街267号D楼1层111号,,,34.686236,113.79819
,肯德基(河南工业大学店),郑州,中原区,长椿路216-140号,,,34.831344,113.542946
,肯德基(郑开大道店),郑州,中牟县,郑开大道上东城北侧约80米,,,34.774015,113.853568
,肯德基(五一公园地铁站早餐车店),郑州,中原区,建设西路与桐柏北路五一公园地铁站F口,,,34.756606,113.613298
,肯德基(太格茂店),郑州,金水区,郑东新区平安大道北博学路东融创文化大厦1层,,,34.792988,113.801267
,肯德基(永威木色店),郑州,金水区,郑东新区商务外环与东五街以及通泰路交叉口永威木色购物公园负一层负二层,,,34.76732,113.731003
,肯德基(国贸中心店),郑州,金水区,关虎屯地铁站C口步行320米,,,34.7847,113.681217
,肯德基(国投锦里店)(暂停营业),郑州,中原区,宏河路南伏牛路东(项目建设名称郑州市青年人才公寓沁河苑1号院)锦里一层,,,34.724569,113.607829
,肯德基(郑州大学店)(暂停营业),郑州,中原区,春华路郑州大学,,,34.811132,113.53051
,肯德基(金水升龙店),郑州,金水区,燕庄南街升龙广场F区F1063一层,,,34.761115,113.708325
,肯德基(万科美景店),郑州,惠济区,文化北路与英才街交汇处美景万科广场一层,,,34.858849,113.645532
,肯德基(金成国际广场店),郑州,金水区,经三路66号金成国际广场一层北侧,,,34.794073,113.692161
,肯德基(永和龙子湖店),郑州,金水区,安大道修业街永和龙子湖中央广场二层四层,,,34.791375,113.806056
,肯德基(中陆广场店),郑州,二七区,京广南路与南三环交叉口居然之家(中陆店)F1,,,34.702738,113.658685
,肯德基(郑州航院店),郑州,金水区,龙苑西路15号郑州航空工业管理学院龙子湖校区商业街1楼,,,34.785561,113.788847
,肯德基(汇艺银河里店),郑州,管城回族区,商鼎路77号河南文化产业大厦一层,,,34.753897,113.770782
,肯德基(惠济万达店),郑州,惠济区,开元路68号万达广场(惠济店)F1-1052,,,34.868349,113.638246
,肯德基(正道花园店),郑州,金水区,花园路8号1层,,,34.769024,113.682476
,肯德基(秋澄街),郑州,金水区,郑东新区龙湖中环南路与秋澄街交叉口(原龙翔七街)便民服务中心一层,,,34.795661,113.764388
,肯德基(荥阳国泰店),郑州,荥阳市,国泰路福民路正上豪布斯卡一层,,,34.784143,113.424526
,肯德基(大里坊餐厅),郑州,中原区,郑州高新技术产业开发区春藤路国槐街交叉口东南角大里坊商业一层,,,34.809992,113.546668
,肯德基(宏光百花里店),郑州,金水区,中州大道西民航路北宏光百花里商业街5号楼1层102-103-104号铺位,,,34.766959,113.717269
,肯德基(大学路永辉餐厅),郑州,二七区,大学北路30号院1层附1号,,,34.745426,113.644423
,肯德基(上街济源路),郑州,上街区,济源路与金华路交汇处西南角,,,34.806675,113.315325
,肯德基(瀚宇天悦城店),郑州,金水区,三全路与中方园路交汇处西南角瀚宇天悦城商业1号楼一层,,,34.829162,113.655413
,肯德基(中石油航海路虚拟号店),郑州,二七区,航海西路6-1号(后河芦地铁站C1口步行380米),,,34.721009,113.623493
,肯德基(上街店),郑州,上街区,中心路32号,,,34.805919,113.29618
,肯德基(万锦城店),郑州,管城回族区,航海东路与经开第五大街交叉口西北角万锦商业中心一层,,,34.721519,113.753222
,肯德基(碧沙岗地铁B口早餐配送点),郑州,中原区,碧沙岗地铁站A&B口,,,34.75504,113.624373
,肯德基(宝瑞路店),郑州,金水区,宝瑞路与马头岗街交叉口西南角河南省信息安全产业示范园2号楼1层,,,34.842783,113.741821
,肯德基(龙湖锦艺店),郑州,新郑市,双湖大道152号龙湖锦艺城购物中心F1层,,,34.614094,113.725466
,肯德基(中石油航海路车速取餐厅),郑州,二七区,航海路郑密路西100米路北,,,34.720999,113.623491
,肯德基(天泽城店),郑州,中牟县,圣街学苑路交叉口东北角天泽城商场一层,,,34.716134,113.961382
,肯德基(郑东云尚店),郑州,管城回族区,康平路西商都路南郑东商业中心A区负一层,,,34.745539,113.760743
,肯德基(瀚海海尚店),郑州,金水区,东风路丰庆路西北角瀚海海尚一层,,,34.800381,113.647387
,肯德基(璞丽中心店),郑州,金水区,黄河路1号瀚海·璞丽中心F1层,,,34.775243,113.69528
,肯德基(荥阳吾悦店),郑州,荥阳市,郑上路与荥泽大道交叉口西北侧荥阳新城吾悦广场LG012号商铺,,,34.775135,113.428652
,肯德基(金国商厦餐厅),郑州,金水区,文化路56号1-2层A1A2号金国商厦1层,,,34.78732,113.666924
,肯德基(高新优悦城)(暂停营业),郑州,中原区,郑州高新技术产业开发区莲花街与碧荷路交汇处东北角优悦城一层,,,34.828369,113.527275
,肯德基(嵩南印象城餐厅),郑州,二七区,嵩山南路柳江路嵩南印象城,,,34.672993,113.629057
,肯德基(机场1店),郑州,新郑市,航空港区迎宾大道1号郑州新郑国际机场F2,,,34.526591,113.854911
,肯德基(科学大道中石油DT),郑州,中原区,郑州高新技术产业开发区高新区科学大道创新大道交叉口中石油加油站内,,,34.807934,113.489792
,肯德基(白沙八房井),郑州,中牟县,白沙镇敬业路八房井购物中心一层西门,,,34.736325,113.897285
,肯德基(绿地双子塔店),郑州,管城回族区,东风南路绿地双子塔间,,,34.759034,113.768344
,肯德基(中牟新悦城店),郑州,中牟县,商都大道与福顺街交叉口南200米路东新悦城商场一层,,,34.721596,113.937841
,肯德基(首创奥莱店),郑州,荥阳市,贾峪镇奥莱大道首创奥特莱斯,,,34.675148,113.499479
,肯德基(庆都店),郑州,新郑市,人民路庆都首府20号楼一二层,,,34.395188,113.749178
,肯德基(只有河南·戏剧幻城店),郑州,中牟县,剪影路以南平安大道北辅道北文创路以东文信路以西只有河南戏之国E-1一层,,,34.798378,113.999777
,肯德基(金融岛商业二区店),郑州,金水区,金融岛中环路21号(金融岛北地铁站A1口步行260米),,,34.814011,113.738291
,肯德基(郑东站内二店),郑州,金水区,郑州高铁东站3层候车厅(郑州东站地铁站J口旁),,,34.759426,113.777535
,肯德基(商都路博学路中石油DT),郑州,管城回族区,商都路博学路交叉口中石油加油站,,,34.741062,113.793228
,肯德基(豪布斯卡店),郑州,巩义市,滨河路西新兴路南5号楼豪布斯卡购物中心一层,,,34.752675,113.013075
,肯德基(二七杉杉奥莱),郑州,二七区,大学南路319号郑州杉杉奥特莱斯购物广场二七店B1层,,,34.64963,113.646837
,肯德基(少林大道店),郑州,登封市,少林大道231号尚城国际二期东北角,,,34.454339,113.034368
,肯德基(新郑新壹城店),郑州,新郑市,创业路新壹城10号楼一楼,,,34.420087,113.742678
,肯德基(新密中强店),郑州,新密市,诚信路东侧晴岚街南侧大鸿路西侧西大街北侧中强城市广场二层,,,34.538151,113.361717
,肯德基(民航路地铁F口早餐配送点),郑州,金水区,金水路民航路地铁站F口,,,34.763209,113.714079
,肯德基(星月店),郑州,巩义市,新兴路45号星月时代广场1F层,,,34.754979,112.984099
,肯德基(财经政法大学店)(暂停营业),郑州,金水区,郑东新区河南财经政法大学东校区餐厅门口,,,34.785027,113.821956
,肯德基(悦汇城店),郑州,中牟县,航空港经济综合实验区航空港经济综合实验区郑港四街东侧郑港五街西侧锦荣悦汇城5号楼1层的房产,,,34.564264,113.86053
,肯德基(登封万佳店),郑州,登封市,中岳大街341号,,,34.457325,113.043686
,肯德基(青年路店),郑州,中牟县,青年路105号中牟一层二层,,,34.724685,114.024647
,肯德基(薛店友谊路),郑州,新郑市,薛店镇友谊路金鼎世纪城北门,,,34.488484,113.802748
,肯德基(会展中心地铁B口早餐配送点),郑州,金水区,商务外环路与商务西八街会展中心地铁站B口,,,34.766727,113.725738
,肯德鸡,郑州,管城回族区,银莺路与魏庄西街交叉口东120米,,,34.703312,113.701725
,肯德基(金巴斗店),郑州,新密市,青屏大街与政通路交汇处金巴斗商场一楼,,,34.540103,113.353351
,肯德基(港区比亚迪),郑州,新郑市,航空港经济综合实验区比亚迪园区一期二号综合楼一二层,,,34.389208,113.952954
,肯德基(电影小镇检票口甜品车),郑州,中牟县,文创路百花街交叉口电影小镇中山门广场,,,34.776952,114.001915
,肯德基(杉杉奥莱店),郑州,中牟县,郑开大道杉杉奥特莱斯购物广场B10800铺位,,,34.781526,114.030803
,肯德基(新郑服务区),郑州,新郑市,航空港区京港澳高速新郑服务区西区,,,34.456351,113.810603
,肯德基(新郑服务区东区店),郑州,新郑市,航空港区京港澳高速新郑服务区西区,,,34.455794,113.814792
,KFC郑州陇海路店,郑州,二七区,陇海中路辅路与陇海快速路入口交叉口南20米,,,34.736086,113.628781
,肯德基(尚座中心餐厅),郑州,金水区,郑东新区金水东路和农业南路交叉口东南角尚座中心购物中心内1层,,,34.764184,113.756958
,肯德基(二七广场地铁D口早餐配送点),郑州,二七区,二七区地铁1号线3号线换乘站二七广场站D出口,,,34.751492,113.667167
,肯德基(大桥石化江山路加油站店),郑州,惠济区,江山路大桥石化加油站,,,34.880267,113.572956
,炸鸡兄弟(韩式康平路店),郑州,管城回族区,郑东商业中心一层,,,34.745118,113.760662
,肯德基车速取餐点(新郑服务区),郑州,新郑市,航空港区新郑服务区肯德基(新郑服务区店),,,34.456357,113.810627
,肯德基(麓谷DT 店),长沙,岳麓区,桐梓坡路229号肯德基餐厅,,,28.22065,112.876944
,肯德基(八方店),长沙,岳麓区,含光路532号24品生活中心F1层,,,28.235442,112.942236
,肯德基(杜鹃路店),长沙,岳麓区,杜鹃路135号,,,28.229994,112.946782
,肯德基(金星中路店),长沙,岳麓区,湘腾城市广场西门旁(白鸽咀地铁站3号口步行90米),,,28.219181,112.935306
,肯德基(长沙银杉路店),长沙,岳麓区,银杉路459号德润园小区商业街5-6-7栋101天恒超市一层,,,28.244335,112.951147
,肯德基(天马店),长沙,岳麓区,麓山南路与阜埠河路交汇处,,,28.168847,112.94392
,肯德基(金星北路DT店),长沙,岳麓区,佑母塘路799号钰龙天下(钰龙佳园)二期(西)住宅楼2栋(整单元)1层门面104,,,28.247584,112.933203
,肯德基(方圆荟),长沙,岳麓区,望城坡西中心T2栋1楼,,,28.208567,112.912891
,肯德基(玉兰路店),长沙,岳麓区,桐梓坡路与玉兰路口长房时代城人人乐超市一层,,,28.219309,112.910024
,肯德基(枫林店),长沙,岳麓区,枫林路2号通程商业广场1楼肯德基餐厅,,,28.194922,112.952272
,肯德基(长沙万象城KFC),长沙,岳麓区,桐梓坡路与桐北巷交叉口往南200米的长沙万象城B1层111号商铺,,,28.218358,112.951016
,肯德基(银盆路店),长沙,岳麓区,岳麓大道57号奥克斯广场一楼KFC餐厅,,,28.223367,112.955121
,肯德基(滨江天街店),长沙,岳麓区,湘岳北路与银双路交汇处保利天禧河马汇一层,,,28.223025,112.958275
,肯德基(解放西路店),长沙,天心区,黄兴南路445号,,,28.191393,112.974711
,肯德基(长沙银星路店),长沙,望城区,银星路一段455号,,,28.278741,112.922535
,肯德基(火星店),长沙,芙蓉区,晚报大道218号精彩生活超市一楼,,,28.208287,113.01671
,肯德基(百联店),长沙,芙蓉区,黄兴中路188号乐和城北入口一层,,,28.200006,112.976895
,肯德基(金源店),长沙,开福区,湘江北路与盛世路辅路交叉口南100米,,,28.252137,112.979884
,肯德基(长沙都会山店),长沙,岳麓区,枫林二路与金星中路交汇处西北角旭辉都会山9号栋一层103-110号商铺,,,28.206352,112.928642
,肯德基(长沙南门口店),长沙,天心区,黄兴南路130号001栋1层,,,28.183783,112.976338
,肯德基(麓山店),长沙,岳麓区,清水路59号麓山中南商业广场麓山KFC,,,28.163173,112.932729
,肯德基(长沙坡子街店),长沙,天心区,云玺潮汇S1层1001-1号,,,28.190934,112.971126
,肯德基(麓谷林语店),长沙,岳麓区,保利林语中心(长丰地铁站2号口步行320米),,,28.221216,112.874083
,肯德基(长沙天麓店),长沙,岳麓区,雷锋大道609号天麓小区二期天麓喜欢里一层10078-10083号商铺,,,28.245229,112.890558
,肯德基(车站南路店),长沙,雨花区,车站南路温尔登超市肯德基店,,,28.171007,113.009403
,肯德基(理工大学店),长沙,天心区,赤岭路219号旭和大厦一二层,,,28.151391,112.978095
,肯德基(左家塘店),长沙,雨花区,城南东路269号(位于和曙光路交汇处东南角),,,28.177511,113.001415
,肯德基(侯家塘店),长沙,雨花区,劳动西路380号一层,,,28.171113,112.987201
,肯德基(梅溪湖精选店),长沙,岳麓区,枫林三路1099号步步高·梅溪新天地B1层,,,28.196524,112.862701
,肯德基(梅溪华府店),长沙,岳麓区,梅溪·华府,,,28.183005,112.877089
,肯德基(劳动路店),长沙,雨花区,韶山中路18号号中机国际大厦裙楼一楼,,,28.169108,112.993721
,肯德基(长沙润和美郡店),长沙,望城区,桑梓路与杨峰路交叉口西120米,,,28.282925,112.899625
,肯德基(长沙登高路店),长沙,岳麓区,湖南大学图书馆西南门西南150米,,,28.179113,112.943101
,肯德基(中央广场店),长沙,芙蓉区,芙蓉中路238号芙蓉广场首层,,,28.195691,112.985394
,肯德基(金星大道店),长沙,望城区,普瑞大道与金星大道交叉口天恒商业广场一层肯德基餐厅,,,28.294465,112.916088
,肯德基(长沙广济桥店),长沙,雨花区,梓园路39号长天大厦一层101铺,,,28.18074,112.992806
,肯德基(新世界店),长沙,芙蓉区,黄兴中路84号平和堂南侧苏宁电器一楼,,,28.193776,112.976689
,肯德基(长沙天健城店),长沙,开福区,天健芙蓉盛世花园三期(天健城)南区S2商业裙楼房一层112-115,,,28.22286,112.984857
,肯德基(长沙欢乐颂),长沙,岳麓区,枫林三路336号LG层,,,28.205373,112.896998
,肯德基(凯德壹中心店),长沙,岳麓区,茶子山东路112号凯德壹中心LG层24/25号房屋,,,28.242769,112.957248
,肯德基(长沙中海熙湾),长沙,岳麓区,近湖二路1号湖墅嘉园商业楼一层,,,28.187284,112.904813
,肯德基(双拥路店),长沙,开福区,双拥街与双拥路交汇处,,,28.23754,113.003762
,肯德基(树木岭店),长沙,雨花区,劳动路以北东二环以东康亨里一层,,,28.156175,113.017525
,肯德基(华晨店),长沙,雨花区,万家丽路与长沙大道交汇处华晨世纪广场1-2层,,,28.167306,113.029154
,肯德基(弘林店),长沙,天心区,芙蓉中路三段266号弘林国际大厦1层,,,28.165627,112.985252
,肯德基(阿波罗广场店),长沙,芙蓉区,车站中路406号长沙站1F层CS035,,,28.196908,113.010547
,肯德基(湘春路店),长沙,开福区,芙蓉中路416号负一层032-033-034商铺,,,28.209125,112.982475
,肯德基(和悦城店),长沙,长沙县,星沙蟠龙时代广场1楼(水渡河地铁站2号口步行260米),,,28.280387,113.064305
,肯德基(赤岗冲店),长沙,雨花区,劳动路117号,,,28.165033,113.001957
,肯德基(金霞DT店),长沙,开福区,芙蓉北路一段153号中石化加油站,,,28.277569,112.979889
,肯德基(沐风路店),长沙,岳麓区,梅溪湖弘德西街二期17栋弘坤花样汇一层,,,28.195414,112.875481
,肯德基(长沙湖南工商大学店)(暂停营业),长沙,岳麓区,天猫校园3楼,,,28.221789,112.916829
,肯德基(长沙火车站店),长沙,芙蓉区,车站中路406号长沙站1F层CS035,,,28.193437,113.012933
,肯德基(黄金大道店),长沙,望城区,月亮岛街道中华岭村润和星城润和彩虹MALL一层,,,28.293228,112.904368
,肯德基(南国新城店),长沙,天心区,书院南路115号一层,,,28.143075,112.972021
,肯德基(湘江壹号店),长沙,开福区,湘江壹号五期(秀峰山地铁站1号口步行300米),,,28.298142,112.966224
,肯德基(东郡店),长沙,芙蓉区,人民东路169号(芙蓉区政府地铁站6号口旁),,,28.184704,113.02943
,肯德基(新城吾悦店),长沙,望城区,银星路与雷锋大道交叉口望城新城吾悦广场1027号商铺,,,28.277126,112.877016
,肯德基(长沙大道店),长沙,雨花区,长沙大道与沙湾路交汇处好润佳超市一楼肯德基,,,28.168576,113.043593
,肯德基(学士路店),长沙,岳麓区,学士路177号福天洋湖时代苑17栋一层,,,28.128063,112.900087
,肯德基(书香路),长沙,天心区,书香路与新韶路的交汇处,,,28.120443,112.971811
,肯德基(长沙国悦府店),长沙,雨花区,新雨路以南石坝路以北旭辉国悦府项目12栋,,,28.165136,113.020796
,肯德基(凌霄店),长沙,芙蓉区,万家丽路与凌霄路交汇处好润佳购物中心一楼,,,28.201266,113.031583
,肯德基(高桥店),长沙,雨花区,东二环一段高桥大市场西578号,,,28.17304,113.017366
,肯德基(星沙店),长沙,长沙县,板仓路156号,,,28.243862,113.078944
,肯德基(漓湘路店),长沙,长沙县,星沙经开区泉塘社区漓湘东路南东六线西昌和购物中心1-2层,,,28.225946,113.111099
,肯德基(长沙滨江金融中心店),长沙,岳麓区,含光路108号龙湖铂金岛T2-A栋1层103-106号,,,28.24081,112.954918
,肯德基(长沙咸嘉新村店),长沙,岳麓区,谷丰南路咸嘉新村嘉明苑45栋一层梅尼超市,,,28.219067,112.928523
,肯德基(长沙医学院店),长沙,望城区,雷锋大道东侧富兴学府名邸一期商业1号栋106-111号,,,28.2975,112.87726
,肯德基(书院南路店),长沙,天心区,新开铺174号河马公园商场一楼,,,28.141547,112.973056
,肯德基(江山帝景店),长沙,岳麓区,学士路99号江山帝景哈佛四期一层134-135,,,28.134739,112.905794
,肯德基(天虹百货店),长沙,天心区,芙蓉南路368号BOBO天下城1层,,,28.134863,112.986574
,肯德基(湘龙路店),长沙,长沙县,星沙镇土桥村高沙村湘龙路以北长沙保利广场一层,,,28.267175,113.051318
,肯德基(长沙开福万达店),长沙,开福区,湘江中路589号万达广场1F层,,,28.199573,112.97064
,肯德基(板仓路店),长沙,长沙县,星沙板仓路中茂城B1层,,,28.228167,113.077217
,肯德基(洋湖水街店),长沙,岳麓区,潭州大道336号A1栋1号二层三层,,,28.125408,112.93655
,肯德基(月亮岛龙湖天街),长沙,望城区,月亮岛与银杉路交界处西南角,,,28.286499,112.929654
,肯德基(G58店),长沙,雨花区,万家丽中路三段206号瑞景大厦1层,,,28.114629,113.038812
,肯德基(林院店),长沙,天心区,韶山南路498号(近林科大),,,28.133291,113.001528
,肯德基(五江天街店),长沙,雨花区,木莲路230号大润发超市一层,,,28.131458,113.029154
,肯德基(长沙东站店),长沙,芙蓉区,张公岭远大一路远通苑一层,,,28.200217,113.058751
,肯德基(尖山湖KFC),长沙,岳麓区,东方红路,,,28.23838,112.865571
,肯德基(圭塘路店),长沙,雨花区,莲湖村井湾子街道万境水岸对面莲湖生活安置项目D栋1层,,,28.124144,113.030351
,肯德基(蝴蝶店),长沙,芙蓉区,五一大道810号(报刊亭旁),,,28.195502,112.980885
,肯德基(木莲店),长沙,雨花区,友阿城市奥莱喜乐地店(大塘地铁站1号口旁),,,28.130568,113.037068
,肯德基(迎新路店),长沙,雨花区,迎新路与五凌路交汇处湘天禧悦会湘天禧街一层,,,28.114873,112.998115
,肯德基(喜欢里店),长沙,芙蓉区,中交中央公园6号地块商业中交广场项目A号1层101号商铺,,,28.191802,113.072694
,肯德基(凤凰海店),长沙,开福区,三角洲平沙路凤凰海一层,,,28.236722,112.981934
,肯德基(新红星店),长沙,雨花区,湘府中路二段517号红星大厦101号一层,,,28.109639,113.015914
,肯德基(长沙高铁出发店),长沙,雨花区,长沙南站候车厅内长沙南3F22h号商铺及火车站候车室B15检票口,,,28.146253,113.062678
,肯德基(福元路店),长沙,开福区,福元路148号河马公园(原名万科金MALL坊)1层,,,28.251279,112.995059
,肯德基(香樟店),长沙,雨花区,香颂国际西南门东南70米,,,28.136518,113.001451
,肯德基(长沙龙华店),长沙,长沙县,长桥路与红树坡路交汇处汇樾小区2栋109-111号,,,28.198638,113.136886
,肯德基(开元路店),长沙,长沙县,星沙开发区开元路45号一层,,,28.246098,113.085237
,肯德基(恒盛店),长沙,天心区,韶山南路120号大润发超市一层,,,28.127662,113.004044
,肯德基(新东风路店),长沙,开福区,东风路9号公园九号博度公寓项目商业裙楼一层,,,28.21249,112.991658
,肯德基(长沙星城天地店),长沙,雨花区,井湾子街道湘府东路398号步步高星城天地项目LG层013、014商铺,,,28.111438,113.01746
,肯德基(长沙迎宾路店),长沙,芙蓉区,八一路445号桐荫里公寓101号101-04号,,,28.19756,112.992297
,肯德基(汇金路店),长沙,天心区,万家丽南路二段989号1层,,,28.0635,113.019077
,肯德基(长沙洪山路店),长沙,开福区,福元西路508号五矿长沙Live购物广场一层L127L128商铺,,,28.251126,113.011661
,肯德基(奥花店),长沙,岳麓区,岳麓西大道660号潇湘奥林匹克花园27号栋109-110号,,,28.229176,112.873362
,肯德基(长沙新黄兴中路店),长沙,天心区,黄兴中路27号王府井百货一楼,,,28.192348,112.975955
,肯德基(溪悦荟店),长沙,雨花区,万家丽高架香樟路口下高架处,,,28.14028,113.03425
,肯德基(梦想城店),长沙,望城区,月亮岛街道银星路和金甲冲路交叉口西北角新华联梦想城35号商业一层,,,28.279975,112.910575
,肯德基(雨花亭店),长沙,雨花区,韶山中路421号凯德广场一楼,,,28.154814,112.995637
,肯德基甜品站(金源店),长沙,开福区,金泰路199号世纪金源时代购物中心1层,,,28.25217,112.979893
,肯德基(长沙世景天虹店),长沙,长沙县,开元东路与东三路交汇处东南角星沙天虹购物中心L1层,,,28.244943,113.097775
,肯德基(松雅湖店),长沙,长沙县,东四路以西望仙路以北新城吾悦广场1018号商铺,,,28.253775,113.102221
,肯德基(小塘路店),长沙,长沙县,泉塘街道小塘路81号紫云阁123栋101号商铺,,,28.223575,113.114325
,肯德基(长盛上东区店)(暂停营业),长沙,芙蓉区,车站北路与火炬路交汇处步步高超市1层,,,28.212457,113.008376
,肯德基(筑梦星园店),长沙,长沙县,湘龙街道特立西路36号筑梦星园一期5栋商业134一层,,,28.255653,113.06276
,肯德基(尚悦广场店),长沙,长沙县,开元路2号尚悦广场L1-126商铺,,,28.244948,113.104124
,肯德基(人民中路餐店),长沙,雨花区,人民中路9号友阿百货一楼东北角,,,28.184414,113.007969
,肯德基(麓谷小镇店),长沙,岳麓区,尖山路709号麓谷小镇17栋一层,,,28.231583,112.88401
,肯德基(沙湾路店),长沙,雨花区,体育新城劳动东路268号吉联MALL1楼,,,28.155951,113.04641
,肯德基(星城店),长沙,望城区,雷锋大道668号环球奥特莱斯商场,,,28.324826,112.859143
,肯德基(枫林西路店),长沙,望城区,雷锋镇枫林三路1839号雷锋农产品批发大市场交易大棚101,,,28.200609,112.841459
,肯德基(长沙月湖店),长沙,开福区,万家丽北路藏珑湖上国际花园3期2栋一层2-129-12-130-12-131-1号商铺,,,28.238074,113.039982
,肯德基(长沙爱尔总部店),长沙,天心区,赤岭路街道芙蓉南路以西白兰路以南爱尔总部大厦2号栋一层,,,28.136675,112.986575
,肯德基(长沙中冶中央店),长沙,岳麓区,嘉运路209号中冶天润菁园23栋24栋地下室商铺110-111-113号,,,28.21683,112.855304
,肯德基(长沙屿店),长沙,雨花区,汇金路877号嘉华智谷产业园Q1A2A3栋一层102-105号,,,28.074489,113.020037
,肯德基(星沙永旺KFC),长沙,长沙县,星沙街道东九线以东开元路以南东十线以西的永旺梦乐城长沙星沙项目一层103号商铺,,,28.244185,113.136325
,肯德基(暮云店),长沙,天心区,南湖大道47号,,,28.024522,112.980787
,肯德基(长沙财富大厦店),长沙,开福区,洪山路289号理想智慧大厦第1栋一层107&108号商铺,,,28.242354,113.036987
,肯德基(长沙宜家荟聚店),长沙,岳麓区,洋湖路253号Livat荟聚F2层,,,28.117806,112.937819
,肯德基(CFC富兴时代店),长沙,开福区,芙蓉中路一段303号CFC富兴时代F1层,,,28.21637,112.988557
,肯德基(长沙云栖路店),长沙,岳麓区,云栖路556号南山十里天池22栋117-119号商铺,,,28.14309,112.902334
,肯德基(长沙富力星光店),长沙,岳麓区,庙湾路与滨柳路交汇处,,,28.125793,112.943991
,肯德基(长沙湖南工商大学店),长沙,芙蓉区,湖南工商大学翠雅食堂旁,,,28.202725,113.018275
,肯德基(长沙明宸府店),长沙,雨花区,时代阳光大道长房明宸府一栋一层208号,,,28.098278,113.046229
,肯德基(百联奥莱店),长沙,长沙县,黄金大道以西天祥路以南长沙临空经济区百联奥特莱斯购物广场(一期)路一层,,,28.197446,113.201724
,肯德基(长沙南站),长沙,雨花区,花侯路长沙南站2F层(长沙火车南站地铁站5号口旁),,,28.147657,113.065908
,肯德基(长沙长房云时代店),长沙,岳麓区,1093&1094号商铺岳麓大道与麓谷大道交汇处东北角长房云时代商业B5栋1层1082&1083,,,28.226573,112.894854
,肯德基(芒果馆店),长沙,开福区,三一大道综合农场湖南国际会展中心东附楼一层,,,28.234381,113.050664
,肯德基(阳光100凤凰街店),长沙,岳麓区,阳光100凤凰街19栋1001号肯德基,,,28.142626,112.94406
,肯德基(时代奥莱店),长沙,宁乡市,欧洲北路168号,,,28.269055,112.690102
,肯德基(文创路餐厅),长沙,开福区,马栏山视频文创产业园葡园路20号2号栋1层101-105-106,,,28.231041,113.030262
,肯德基(长沙向荣路店),长沙,长沙县,黄兴镇黄江路与向荣路交汇处和苑天辰汇邻里·联华超市1层2号,,,28.135303,113.105941
,肯德基(长沙空港DT),长沙,长沙县,黄花镇临空路197号华远金科营销中心旁,,,28.195677,113.209553
,肯德基(长沙湘一店),长沙,开福区,青竹湖路416号湘一书香里一层,,,28.340299,112.96467
,肯德基(沙湾公园店),长沙,雨花区,劳动东路260号京武浪琴山裙楼天虹商场一层,,,28.156869,113.043229
,肯德基(安沙镇店),长沙,长沙县,安沙镇毛塘社区毛塘铺组74号,,,28.320728,113.082037
,肯德基(长沙橄榄城店),长沙,长沙县,星沙东四路29号橄榄城A1号栋1层101-103号商铺,,,28.217369,113.102693
,肯德基(金洲镇店),长沙,宁乡市,长沙市高新1号肯德基,,,28.268333,112.650052
,肯德基(MCC-麻石公园店),长沙,望城区,芙蓉北路290号9号层,,,28.367003,112.908408
,肯德基(魅力之城店),长沙,雨花区,劳动东路1299号城际新苑(万科环球村)三期3.4地块49-51栋S3-1栋商业楼一层,,,28.162442,113.070445
,肯德基(德思勤店),长沙,雨花区,湘府中路18号德思勤四季汇购物中心1层L1-17,,,28.111396,113.013372
,肯德基(捞刀河镇),长沙,开福区,捞刀河街道高岭社区向家湾小区商贸楼E栋1楼(兴联路791-2),,,28.304876,113.00001
,肯德基(豹塘路店),长沙,雨花区,豹塘路298号,,,28.09617,112.99966
,肯德基(长沙珠江花城店),长沙,开福区,福元西路109号长沙珠江悦界商业中心项目铺面1层1030-1030A号,,,28.252225,112.994875
,肯德基(长沙秋月路KFC),长沙,开福区,伍家岭路87号君悦香邸5栋108号商铺,,,28.232232,112.985495
,肯德基(梅溪湖精选餐厅),长沙,岳麓区,东方红南路657号步步高梅溪新天地商场L2层,,,28.1985,112.861928
,肯德基(橘子洲头店),长沙,岳麓区,橘子洲头2号橘子洲头景区内(梅园)(东渡学楼)物业一层,,,28.176379,112.961603
,肯德基(长沙星珑湾DT店),长沙,望城区,望城区经开区马桥河路长房星珑湾,,,28.325782,112.846456
,肯德基(长沙汇金天虹店),长沙,雨花区,长沙汇金天虹购物中心,,,28.086837,113.012769
,肯德基(长沙绿地中心店),长沙,开福区,芙蓉中路绿地中心一层A-109号商铺,,,28.210936,112.987021
,肯德基(芙蓉广场店),长沙,芙蓉区,芙蓉中路一段550晶和A-Mall1层,,,28.195779,112.985406
,肯德基(郭亮路店),长沙,望城区,步行街A-1057号,,,28.35773,112.815702
,肯德基(喜乐汇店),长沙,雨花区,香樟路819号通程喜乐汇1层,,,28.137882,113.03007
,肯德基(砂之船店),长沙,望城区,金星北路三段378号砂之船长沙奥特莱斯LG层,,,28.287678,112.919771
,肯德基(滨江学府店)(暂停营业),长沙,望城区,滨江学府西门旁,,,28.293195,112.92744
,肯德基(长沙才子府店),长沙,望城区,莲湖路与喻家坡路交汇处北角才子汇24栋1层1009号,,,28.339194,112.825854
,肯德基(正大广场店),长沙,宁乡市,市创业大道与楚沩路交汇处,,,28.242399,112.571944
,肯德基(月亮岛公园店)(暂停营业),长沙,望城区,月亮岛入岛广场南部区域L-05肯德基餐厅,,,28.298303,112.935263
,肯德基(芙蓉南站店),长沙,天心区,芙蓉南路四段735号,,,28.033622,112.996464
,肯德基(当代广场店),长沙,长沙县,MOMA当代广场小区18号楼第一层101A号,,,28.244266,113.123656
,肯德基(长沙豹塘路KFC),长沙,雨花区,万芙路和豹塘路交汇处西南角远瞻思楼一期一层商铺,,,28.09618,112.999653
,肯德基(东玺门店),长沙,芙蓉区,荷花路与马王堆路交汇东北角100米处东玺门人人乐1层,,,28.193641,113.026128
,肯德基(长沙中海阅麓山店),长沙,岳麓区,连塘路367号中海文锦名园G2栋101-102一层,,,28.114775,112.926179
,肯德基(海吉星),长沙,长沙县,黄兴镇宋公塘路7号第2幢1单元1层134-135号,,,28.131763,113.146456
,肯德基(汇一城店),长沙,芙蓉区,东岸乡新安村星沙大道与远大路交汇处725号汇一城B栋128-130门面,,,28.206222,113.085298
,肯德基(喜盈门店),长沙,雨花区,万家丽路与木莲路交汇处喜盈门范城1号栋一层,,,28.133454,113.034883
,肯德基(正荣·财富中心购物中心店),长沙,望城区,高塘岭街道唯罗克路与望府路交汇处西南角正荣财富广场一楼,,,28.350102,112.831478
,西湖公园肯德基子店,长沙,岳麓区,咸嘉湖景区,,,28.209775,112.942625
,肯德基(黄花路),长沙,长沙县,黄花镇黄花路231号1楼,,,28.22773,113.184514
,肯德基(万家丽广场店),长沙,芙蓉区,万家丽中路一段85号万家丽家居生活广场A03B03-1一层,,,28.189335,113.033522
,肯德基(万家丽家居生活广场店),长沙,芙蓉区,万家丽中路89号,,,28.191832,113.031695
,肯德基(花侯吾悦店),长沙,雨花区,劳动东路与花侯路交汇处新城吾悦广场1042号商铺,,,28.156949,113.059457
,肯德基(友阿奥莱店),长沙,天心区,芙蓉南路27号一层友阿奥莱购物城,,,28.071665,112.995859
,肯德基(湘桦广场店),长沙,长沙县,榔梨街道梨江大道105号波隆城市花园1栋170湘桦广场一层101/102商,,,28.176133,113.135948
,肯德基(永安镇店),长沙,浏阳市,永安镇永安东路298号,,,28.213982,113.293791
,肯德基(达美寰宇KFC),长沙,岳麓区,连湖九路2号美莱商业中心(含5栋6栋)一层101室,,,28.185075,112.883225
,肯德基(格林春天店),长沙,宁乡市,新康西路与安康路交汇处格林春天一层,,,28.25963,112.532202
,肯德基(宁乡星河店),长沙,宁乡市,春城路与新康路交叉口星河COCO CITY商场L1-081号,,,28.269524,112.545166
,肯德基(高铁南出发二店),长沙,雨花区,南火车站安检内出发大厅长3-33-1号,,,28.146228,113.065076
,肯德基(未来漫城店),长沙,长沙县,星沙镇星沙大道东滨湖路南北环路北未来漫城一层,,,28.258074,113.086449
,肯德基(长沙杉杉奥莱KFC),长沙,长沙县,长沙自贸会展区金展路以东清水塘路以南杜家坪路以西香樟东路以北长沙杉杉奥特莱斯购物广场一层C113-C115,,,28.141877,113.09028
,肯德基(紫华郡店),长沙,长沙县,黄花镇远大三路388号紫华郡三期,,,28.226938,113.163154
,肯德基(红星农批中心),长沙,雨花区,时代阳光大道红星里商业街B栋1层B-L1-005号铺,,,28.097063,113.08125
,肯德基(浏阳新金沙路),长沙,浏阳市,城西社区建设组桔园2号块地金沙路1号创意财富新世界商业广场裙楼一层,,,28.133375,113.627125
,肯德基(春城万象店),长沙,宁乡市,楚沩中路163号春城万象一楼KFC餐厅,,,28.250997,112.548045
,肯德基甜品站(通程商业广场店),长沙,长沙县,通程百货(通程商业广场店),,,28.243815,113.078945
,肯德基(宁邦广场店),长沙,宁乡市,沩江大道1号宁乡万达广场F1层,,,28.247998,112.573555
,肯德基(浏阳太悦城店),长沙,浏阳市,集里街道新屋岭片区利通太悦城2栋149&150号一楼(广场LED屏下),,,28.159266,113.619844
,肯德基甜品站(橘子洲头店),长沙,岳麓区,橘子洲头景区内东渡学楼物业一层,,,28.175106,112.96152
,肯德基(浏阳北正西店),长沙,浏阳市,浏阳河中路88号北正西F1层,,,28.137176,113.632458
,肯德基(浏阳天虹店),长沙,浏阳市,花炮大道以北、白沙路以南君悦城21-23栋109、110、111、112、113室一层,,,28.158768,113.626772
,肯德基(崇尚店),长沙,宁乡市,市玉潭镇花明北路东水晶郦城崇尚百货一楼,,,28.265674,112.556346
,肯德基(长沙明昇壹城店),长沙,雨花区,黎托路与粟塘路交汇处明昇壹城二期A4栋103号和104,,,28.164015,113.056265
,肯德基(长沙黄花国际机场店),长沙,长沙县,黄花镇机场大道空巷城一号路黄花机场T2航站楼负一层,,,28.186457,113.219207
,肯德基(长沙宁乡吾悦广场店),长沙,宁乡市,二环南路1219号吾悦广场L1层L101,,,28.232689,112.555078
,肯德基(浏阳紫星广场店),长沙,浏阳市,经济开发区康宁路金阳紫星广场阳光里项目一层106号商铺,,,28.216659,113.39422
,肯德基(浏阳市大瑶店),长沙,浏阳市,大瑶镇通程商场1层(近新时代广场),,,27.988317,113.723872
,肯德基(浏阳君悦城店),长沙,浏阳市,石霜路与花炮大道交汇处君悦城购物中心一层,,,28.157001,113.626871
,肯德基KCOFFEE(乐田6号摄影棚店),长沙,开福区,乐田智作马栏山视频文创基地一层,,,28.228161,113.026506
,肯德基(农业大学店),长沙,芙蓉区,农大路与人民东路交叉口南180米,,,28.189875,113.084025
,肯德基(长沙小吴门店)(暂停营业),长沙,开福区,中山路与宝南街交叉口东40米,,,28.199112,112.983551
,肯德基(长沙西服务区南区店),长沙,宁乡市,G5517长常北线高速与长沙西服务区交叉口西北420米,,,28.379931,112.656275
,肯德基车速取餐点(都达商业广场店),长沙,岳麓区,望城坡西中心星悦广场1楼肯德基,,,28.20855,112.912778
,肯德基车速取餐点(橡树湾店),长沙,岳麓区,联丰路109号华润橡树湾1期13栋101 一层,,,28.134748,112.917145
,肯德基甜品站(浏阳天虹购物中心店),长沙,浏阳市,浏阳天虹购物中心,,,28.158839,113.626786
,肯德基门厂家-铭创门业,长沙,开福区,捞刀河街道白霞村月塘组,,,28.298016,113.023833
,肯德基(龙湖天街店),沈阳,浑南区,沈中大街与高深东路交汇处沈阳浑南天街B1F层位编号A-B1F-01,,,41.688547,123.46558
,肯德基(创新路店),沈阳,浑南区,创新路288号2号楼1门2门地上一层,,,41.659825,123.424175
,肯德基(软件园店),沈阳,浑南区,沈本一街上深沟村868-9号3门,,,41.693858,123.486102
,肯德基(沈营大街店),沈阳,浑南区,沈营路36号,,,41.727083,123.442503
,肯德基(恒达路店),沈阳,浑南区,欧亚长青生活广场1层(长青南街地铁站F口步行370米),,,41.746648,123.500145
,肯德基(步阳店),沈阳,沈河区,文化东路8号,,,41.76946,123.461417
,肯德基(长白大润发店),沈阳,和平区,南京南街201号大润发1层,,,41.745177,123.402823
,肯德基(K11店),沈阳,和平区,博览路2号甲1号沈阳K11购物艺术中心L3层,,,41.751523,123.436297
,肯德基(迎春店),沈阳,苏家屯区,迎春街141号,,,41.657594,123.344172
,肯德基(全运万达店),沈阳,浑南区,全运路70号万达广场全运路店F1层,,,41.684706,123.458791
,肯德基(泛华店),沈阳,浑南区,浑南新区沈营路7号肯德基泛华餐厅,,,41.736972,123.451356
,肯德基(招商花园店),沈阳,浑南区,营盘北街7号沈阳花园城购物中心F1层,,,41.744011,123.454114
,肯德基(冠芳园店),沈阳,和平区,文化路48甲-19号,,,41.771819,123.430515
,肯德基(江东街店),沈阳,沈河区,文化东路103号(江东街地铁站A口步行150米),,,41.769378,123.487654
,肯德基(东大南湖店),沈阳,和平区,东北大学南湖校区,,,41.763475,123.417325
,肯德基(亿丰店),沈阳,浑南区,金卡路16号亿丰时代广场1层,,,41.737081,123.464452
,肯德基(公元九里店),沈阳,苏家屯区,南京南街1019-46号14门,,,41.668323,123.380358
,肯德基(崇山东路店),沈阳,皇姑区,崇山东路10号乐购1楼(北塔地铁站A口步行120米),,,41.834329,123.457706
,肯德基(城市广场店),沈阳,和平区,南京北街206号1层,,,41.795073,123.408814
,肯德基(惠工店),沈阳,沈河区,哈尔滨路168号华府金融购物中心一层,,,41.812199,123.437198
,肯德基(白塔堡店),沈阳,浑南区,白塔堡沈营大街587号上亿广场一楼,,,41.690392,123.422803
,肯德基(长白万象汇店),沈阳,和平区,长白北路199甲号华润万象汇负一层,,,41.746622,123.39961
,肯德基(华府店),沈阳,沈河区,哈尔滨路118号,,,41.812847,123.433197
,肯德基(嘉润大厦店),沈阳,和平区,嘉润大厦西门旁(太原街地铁站B口步行400米),,,41.793128,123.408527
,肯德基(大西 店),沈阳,沈河区,青年大街55号百联购物商城1楼(近沈阳市委),,,41.792975,123.433369
,肯德基(总统店),沈阳,和平区,和平北大街65号,,,41.793961,123.416454
,肯德基(沈阳站店),沈阳,铁西区,胜利南街2号西广场候车室内,,,41.795158,123.391915
,肯德基(凯利 店),沈阳,沈河区,市府大路286号(市府广场地铁站C2口步行330米),,,41.805515,123.43882
,肯德基(中华路店),沈阳,和平区,中华路9号(沈阳站地铁站D口旁),,,41.793002,123.397914
,肯德基(小什字街店),沈阳,大东区,小东路9-2号沈阳大悦城D馆一层(东中街地铁站C口旁),,,41.802679,123.47075
,肯德基(民族店),沈阳,和平区,太原南街2号万达广场西侧一层底商,,,41.791324,123.397562
,肯德基(沈阳天地店),沈阳,皇姑区,北陵大街17号沈阳天地一楼,,,41.825231,123.430341
,肯德基(乐购店),沈阳,皇姑区,黄河南大街78甲A华润万家一层,,,41.835634,123.41948
,肯德基(中金启城店),沈阳,沈河区,和睦路110号地上一层,,,41.806548,123.524016
,肯德基(长兴店),沈阳,和平区,长兴街2号,,,41.77604,123.412747
,肯德基(盛京大天地店),沈阳,铁西区,沈辽西路27号盛京大天地C35号铺,,,41.778041,123.332355
,肯德基(北顺城店),沈阳,大东区,北顺城路184号(中街地铁站B2口步行460米),,,41.805263,123.460216
,肯德基(马路湾店),沈阳,和平区,光荣街10号,,,41.786688,123.412396
,肯德基(景星店),沈阳,铁西区,兴华南街58-20号万达广场(沈阳沈辽路店)F2层,,,41.781061,123.357287
,肯德基(嘉里城店),沈阳,沈河区,青年大街123号嘉里城B1层B37号铺位,,,41.775706,123.436474
,肯德基(昆山西路店),沈阳,皇姑区,昆山西路2号12门大润发一楼,,,41.823071,123.397922
,肯德基(崇江店),沈阳,皇姑区,长江街137号甲1-3层(长江街地铁站C口步行70米),,,41.830198,123.412435
,肯德基(铁西广场店),沈阳,铁西区,建设东路158号华润·万象汇购物中心F5层,,,41.795928,123.373243
,肯德基(沈阳机场T3店),沈阳,浑南区,机场路199号桃仙国际机场T3航站楼2楼,,,41.631739,123.494983
,肯德基(奥体万达店),沈阳,浑南区,营盘西街17号万达广场1楼,,,41.735359,123.457854
,肯德基(滂江店),沈阳,大东区,小河沿路66号华润万家超市1楼,,,41.794497,123.48424
,肯德基(文化路店),沈阳,沈河区,文化路81号万达广场一楼,,,41.770334,123.435918
,肯德基(大北关街店),沈阳,大东区,大北关街48号家乐福吉祥店1层,,,41.815097,123.46749
,肯德基(星摩尔店),沈阳,铁西区,北二中路6号星摩尔购物中心一楼,,,41.808206,123.377927
,肯德基(三隆店),沈阳,铁西区,沈辽路214号地上一层1-6号,,,41.762799,123.302597
,肯德基(南五店),沈阳,和平区,南京南街78号(南五马路地铁站A2口步行150米),,,41.782501,123.398848
,肯德基(滑翔路店),沈阳,铁西区,滑翔路19号一层1-2号商铺,,,41.771259,123.369696
,肯德基(北行店),沈阳,皇姑区,长江街99号大商集团沈阳千盛百货购物中心1F层,,,41.82628,123.413637
,肯德基(百合店),沈阳,铁西区,云峰北街13号,,,41.802306,123.386429
,肯德基(沈新路华润万家餐厅),沈阳,于洪区,沈新路104号,,,41.781617,123.307105
,肯德基(国瑞店),沈阳,大东区,东北大马路398号A-L1005A-L006号,,,41.835894,123.517662
,肯德基(龙之梦大都汇店),沈阳,铁西区,建设西路2号(启工街地铁站A口旁),,,41.804106,123.343829
,肯德基(赛特奥莱店),沈阳,浑南区,双园路38号铺位号为F1-062,,,41.843917,123.624083
,肯德基(金地琥珀店),沈阳,浑南区,浑南东路18号(金地琥珀餐厅楼下),,,41.746515,123.511212
,肯德基(沙岭店),沈阳,于洪区,沙岭路2号荣信商业广场停车场内西侧DT窗口,,,41.791214,123.213962
,肯德基(桃源DT店),沈阳,于洪区,赤山路38号一层,,,41.871995,123.398734
,肯德基(翟家店),沈阳,铁西区,经济开发区沈辽路中央大街交汇荣信财富广场,,,41.743389,123.248572
,肯德基(西江街店),沈阳,于洪区,西江街185号7门,,,41.860232,123.379489
,肯德基(长白中路店),沈阳,和平区,和康街71号6号1-1门-2门,,,41.742633,123.401691
,肯德基(香湖盛景店),沈阳,于洪区,元江街43号(丁香湖地铁站D口步行130米),,,41.862439,123.348925
,肯德基(小石城梦想小镇店),沈阳,浑南区,高深西路与沈南东街交叉口东320米,,,41.686736,123.413458
,肯德基(正良店),沈阳,沈北新区,道义南大街28号(华润万家一层),,,41.917502,123.402282
,肯德基(黄河大街店),沈阳,皇姑区,黄河北大街115号(医学院地铁站B口步行140米),,,41.885022,123.41628
,肯德基(热闹路店),沈阳,沈河区,热闹路60号楼甲南侧一层底商,,,41.788259,123.449864
,肯德基(北海店),沈阳,大东区,北海街83号,,,41.825135,123.479743
,肯德基(启工店),沈阳,铁西区,启工街建设西路5号大润发一楼,,,41.80326,123.341376
,肯德基(中石油鸭绿江街店),沈阳,皇姑区,沈阳鑫盛达汽车销售有限公司正门旁,,,41.835449,123.456618
,肯德基(钟楼餐厅),沈阳,沈河区,中街路190号,,,41.80164,123.45949
,肯德基(铁百餐厅),沈阳,铁西区,兴华南街16号,,,41.792362,123.368658
,肯德基(青年大街环球店),沈阳,沈河区,青年大街268号105号173号商铺,,,41.779872,123.43529
,肯德基(新光 DT店),沈阳,大东区,东陵西路与新东二街交叉路口,,,41.813114,123.509653
,肯德基(北站站内店),沈阳,沈河区,北站路102号沈阳北站候车室3层,,,41.818414,123.436667
,肯德基(中粮广场店),沈阳,皇姑区,黄河北大街56-41号9103(陵西地铁站B口旁),,,41.856093,123.417581
,肯德基(沈北吾悦店),沈阳,沈北新区,蒲河路33-1号吾悦广场1019号商铺,,,41.94468,123.414156
,肯德基(龙之梦购物中心店),沈阳,大东区,滂江街22号龙之梦购物中心地下一层,,,41.807249,123.487912
,肯德基(沈站站内店),沈阳,和平区,胜利南街2号沈阳站候车室商业夹层,,,41.792694,123.393448
,肯德基(东北马路C口餐车店),沈阳,大东区,东北大马路113号(东北大马路地铁站C口旁),,,41.819912,123.481309
,肯德基(首府未来城店),沈阳,皇姑区,鸭绿江北街77-98号8-10门1层,,,41.864594,123.460558
,肯德基(亿顺大厦店),沈阳,和平区,三好街75号,,,41.764957,123.427674
,肯德基(沈阳师范大学店)(暂停营业),沈阳,皇姑区,黄河北大街253号1层,,,41.905388,123.414686
,肯德基(奉天巷外卖站),沈阳,和平区,南八马路70号一层肯德基集贤街路口,,,41.775883,123.397812
,肯德基(沈北新城子店),沈阳,沈北新区,贵州路29号1-31门1-32门,,,42.049323,123.52213
,肯德基(沈阳故宫KFC餐厅),沈阳,沈河区,沈阳路126号一层,,,41.797643,123.457782
,肯德基(沈北万达店),沈阳,沈北新区,万达广场(沈阳沈北店),,,41.915911,123.433543
,肯德基(道义店),沈阳,沈北新区,正义路与道义南大街交叉口东50米,,,41.919596,123.401965
,肯德基(望花站店),沈阳,大东区,轩兴四路24号6门一二层(望花地铁站B口步行230米),,,41.864016,123.490382
,肯德基(阳光路车速取餐厅),沈阳,于洪区,阳光路146号2门,,,41.738922,123.328161
,肯德基(沈阳三台子万象汇店),沈阳,皇姑区,黄河北大街33号沈阳三台子万象汇B1层,,,41.871511,123.417674
,肯德基(红梅文创园KFC餐厅),沈阳,铁西区,万科红梅文创园,,,41.812235,123.350632
,肯德基甜品站(K11店),沈阳,和平区,博览路2甲1号沈阳K11购物艺术中心L3层,,,41.750199,123.437727
,肯德基(东望街金地店),沈阳,大东区,东望北街20号1门,,,41.851179,123.526408
,肯德基(乐府店),沈阳,新民市,辽河大街135号地上一层,,,41.998332,122.826935
,肯德基(大都汇甜品站2店),沈阳,铁西区,建设西路2号大都汇2号(启工街地铁站C口步行160米),,,41.803925,123.345475
,肯德基(杉杉奥莱店),沈阳,铁西区,开发二十五号路7号杉杉奥莱F1层,,,41.733027,123.289959
,肯德基(寰宇天下咖啡店),沈阳,皇姑区,昆山西路77-19号4门,,,41.827647,123.377435
,肯德基(万汇城店),沈阳,沈北新区,建设北一路54号万汇城一楼,,,41.947087,123.523711
,肯德基(沈辽路佳梦达车速取餐厅),沈阳,于洪区,沈辽路141号一层1028号商铺,,,41.766875,123.318875
,肯德基(北一路万达餐厅),沈阳,铁西区,北一中路1号,,,41.814292,123.378737
,肯德基(七星大街店),沈阳,沈北新区,七星大街与蒲新路交汇处中石油加油站内,,,41.930569,123.423335
,肯德基(信基城车速取餐厅),沈阳,沈北新区,蒲河路信基家居博览中心东南角F005号商铺,,,41.945275,123.396125
,肯德基(信基家居博览中心店)(暂停营业),沈阳,沈北新区,道义北大街56号,,,41.945262,123.396384
,肯德基(中国医科大学店),沈阳,沈北新区,蒲河路77号中国医科大学沈北校区第一学生食堂,,,41.955225,123.477775
,肯德基门阳光房,沈阳,于洪区,长江北街与黄山路交叉口北120米,,,41.858075,123.407175
,肯德基(团结街店),沈阳,法库县,团结街1919号,,,42.503802,123.421259
,肯德基(辽中服务区店),沈阳,辽中区,京哈高速公路沿线辽中服务区南侧一层(沈阳方向),,,41.515704,122.679033
,肯德基(康平百货大楼),沈阳,康平县,中心街390号,,,42.740667,123.352935
,肯德基(辽中服务区外卖站),沈阳,辽中区,京哈高速公路沿线辽中服务区北侧一层(北京方向),,,41.517207,122.675043
,中粮广场店KFC(中粮广场店),沈阳,皇姑区,黄河北大街辅路与黄山路交叉口南180米,,,41.855975,123.417775
,中金启城KFC,沈阳,沈河区,和睦路与新惠街交叉口东300米,,,41.806721,123.523918
,肯德基(阳光一百DT店),沈阳,于洪区,汪河路39号101门1层,,,41.755875,123.358625
,肯德基(万科西宸之光车速取),沈阳,铁西区,经济技术开发区十三号街开发大路9甲24-41号2.3.4.5号门,,,41.751932,123.224826
,肯德基门,沈阳,皇姑区,嘉陵江街与昆山中路交叉口北140米,,,41.819874,123.417415
,肯德基车速取餐厅(寰宇天下店),沈阳,皇姑区,昆山西路77-19号4门,,,41.827693,123.377453
,肯德基门,沈阳,辽中区,茨榆坨三小幼儿园西南门旁,,,41.526885,122.898541
,肯德基门,沈阳,铁西区,勋业三路与赞工街交叉口西南20米,,,41.782688,123.331005
,KFC甜品站(龙之梦二店),沈阳,大东区,龙之梦购物中心一层(滂江街地铁站G口步行170米),,,41.806263,123.48742
,肯德基车速取(蒲田路店),沈阳,沈北新区,中铁逸都,,,41.963175,123.432228
,肯德基车速取餐点(惠工店),沈阳,大东区,大东区东塔机场,,,41.795954,123.503677
,肯德基门窗(泰山小区店),沈阳,皇姑区,长江街与泰山路交叉口东南40米,,,41.837987,123.411765
,肯德基车速取餐点(文艺店),沈阳,沈河区,文艺路80号(大润发超市1层),,,41.778119,123.452389
,福融天地车速取餐厅,沈阳,浑南区,世纪路2号福融天地广场,,,41.718475,123.456575
,斯德克系统门窗,沈阳,铁西区,南十中路24号,,,41.787111,123.358541
,卷帘门肯德基门,沈阳,于洪区,红峰街西侧,,,41.834337,123.30263
,肯德基门铝镁拉门,沈阳,皇姑区,梅江街与闾山东路交叉口南100米,,,41.887191,123.427673
,肯德基门白钢铁艺,沈阳,于洪区,沙河子住宅小区西门北80米,,,41.844663,123.410827
,沈阳德百思特肯德基门型材,沈阳,沈北新区,蒲南路43-2号,,,41.947177,123.475356
,肯德基(创意园店),青岛,市南区,宁夏路147号中联广场(宁夏路地铁站B口步行80米),,,36.082525,120.385125
,肯德基(田家村店),青岛,市南区,宁夏路162号肯德基,,,36.081424,120.392065
,肯德基(南京路店),青岛,市南区,江西路与南京路交会处(江西路地铁站B口步行90米),,,36.073997,120.388581
,肯德基(华润万象城店),青岛,市南区,山东路6号甲万象城4层(五四广场地铁站出入口旁),,,36.065894,120.378354
,肯德基(台湛路店),青岛,市北区,延安三路188号(海信桥地铁站C口步行370米),,,36.073772,120.366694
,肯德基(新兴店),青岛,市北区,山东路128号家乐福一层,,,36.091274,120.373042
,肯德基(新城市广场店),青岛,市北区,辽阳西路100号(错埠岭地铁站B2口旁),,,36.096629,120.38771
,肯德基(诸城路店),青岛,市北区,利津路20号(利津路地铁站C口步行340米),,,36.085077,120.348914
,肯德基(辽阳店),青岛,市北区,辽阳西路369号易初莲花超市一层,,,36.105352,120.42193
,肯德基(家得店),青岛,李沧区,峰山路86号一层(李村地铁站出入口步行340米),,,36.160013,120.420075
,肯德基(中山路店),青岛,市南区,中山路67号一二层,,,36.067618,120.318501
,肯德基(国贸店),青岛,市南区,郯城路6号(青岛站地铁站A口步行240米),,,36.062712,120.314581
,肯德基(瑞昌路店),青岛,市北区,瑞昌路与广昌路交叉口西南角卜蜂莲花超市超市一层,,,36.120372,120.353354
,肯德基(佳世客店),青岛,市南区,香港中路72号永旺青岛购物中心二层,,,36.064245,120.397184
,肯德基(大鲍岛店),青岛,市北区,博山路66-74号三兴里一层(中山路地铁站D口旁),,,36.071503,120.320278
,肯德基(新都心凯德店),青岛,市北区,黑龙江南路1618号被称做凯德MALL﹒新都心青岛B2层29B/30B/31/35室,,,36.114051,120.395953
,肯德基(丰合店),青岛,市南区,香港中路12号丰合广场A区一层,,,36.063626,120.383548
,肯德基(极地店),青岛,崂山区,东海东路60号极地海洋世界,,,36.069629,120.443159
,肯德基(悦荟广场店),青岛,市北区,人民路268号悦荟广场一楼,,,36.105323,120.361426
,肯德基(永旺店),青岛,市北区,合肥路672永旺广场一层,,,36.110785,120.413974
,肯德基(兴隆路店),青岛,市北区,兴隆路9号新源超市一层部分房产,,,36.111875,120.34905
,肯德基(和达店),青岛,市北区,哈尔滨路88号和达中心城LG层,,,36.10909,120.391253
,肯德基(乐客城店),青岛,李沧区,夏庄路7号李村乐客城负一层(李村地铁站出入口旁),,,36.160017,120.426762
,肯德基(前海店),青岛,市南区,贵州路40号前海利群购物广场1层(三宝粥店旁边),,,36.058358,120.309411
,肯德基(崂山北村店),青岛,崂山区,合肥路北高科园居民小区(北村小区)内北村农贸市场网点一层东南角铺位,,,36.118531,120.433458
,肯德基(麦凯乐店),青岛,市南区,香港中路69号麦凯乐一层二层(燕儿岛路地铁站B口旁),,,36.065747,120.403005
,肯德基(金茂大云谷店),青岛,市北区,劲松五路388号大云谷时尚体育中心一层,,,36.124379,120.415857
,肯德基(苗岭路店),青岛,崂山区,秦岭路18号丽达购物中心F1层,,,36.10257,120.469119
,肯德基(九水店),青岛,李沧区,青山路689号青岛顺和汇购物中心1层1003号商铺2层2058号商铺,,,36.147781,120.417919
,肯德基(威海路店),青岛,市北区,威海路189号妇女儿童批发市场二楼,,,36.085884,120.356478
,肯德基(向阳店),青岛,李沧区,向阳路李村步行街利客来B座,,,36.159548,120.422572
,肯德基(北方国贸店),青岛,李沧区,书院路27号乙北方国贸一层,,,36.157141,120.422644
,肯德基(北站西广场咖啡店),青岛,李沧区,沧台南路弘信家园西北侧约240米,,,36.163463,120.377315
,肯德基(诺德广场店),青岛,市北区,敦化路328号利群诺德广场2层201,,,36.091606,120.381682
,肯德基(中石化加油站店),青岛,市北区,诸城路与利津路交叉口北20米,,,36.085048,120.348975
,肯德基(青岛大学麦岛校区店),青岛,崂山区,青岛大学原学苑商场一层,,,36.071009,120.424416
,肯德基(百脑汇店),青岛,市北区,辽宁路147号百脑汇资讯广场1-2层,,,36.083625,120.333725
,肯德基(天山小区餐厅),青岛,市南区,金门路街道安庆路16号,,,36.085375,120.407175
,肯德基(城阳华城店),青岛,城阳区,[],,,36.29965,120.383504
,肯德基(太平路41号店),青岛,市南区,太平路41号西端一层(青岛站地铁站G口步行200米),,,36.06244,120.315796
,肯德基(青岛海琴店),青岛,市北区,商丘路海琴广场1层,,,36.14298,120.388655
,肯德基(正合茂店),青岛,李沧区,沧安路与安顺路交叉口西北角的正合茂,,,36.18005,120.378748
,肯德基(东方城店),青岛,城阳区,黑龙江中路2111号东方城购物中心一层,,,36.235788,120.427158
,肯德基(金狮广场店),青岛,崂山区,中韩街道香港东路195号金狮广场负一层,,,36.095383,120.464208
,肯德基(传媒广场店),青岛,黄岛区,珠江路588号(城市传媒广场),,,35.952513,120.204631
,肯德基(郑庄DT店),青岛,李沧区,九水路合川路交叉口,,,36.168267,120.458455
,肯德基,青岛,李沧区,文昌路28号蓝山湾1期,,,36.181913,120.407553
,肯德基(丽达茂店),青岛,市北区,辽阳西路366号丽达茂LG层10号,,,36.108575,120.425025
,肯德基(青岛绿城天地店),青岛,李沧区,铜川路216号绿城天地二号楼一层109号110号,,,36.177293,120.451169
,肯德基(苏宁广场餐厅),青岛,市南区,香港中路21号苏宁易家MAX店一层,,,36.066354,120.389067
,肯德基(香江二店),青岛,黄岛区,香江路127号维客运海城购物中心F1层,,,35.9732,120.170226
,肯德基(卓亭店),青岛,黄岛区,江山南路666号,,,35.987491,120.175208
,肯德基(长江店),青岛,黄岛区,长江中路308号家佳源购物中心1层,,,35.951941,120.185442
,肯德基(宝源路店),青岛,城阳区,宝源路657号青岛世茂52购物中心一层L127-128铺位,,,36.281354,120.309187
,肯德基(香江店),青岛,黄岛区,西海岸新区香江路67号长江购物广场F2,,,35.969586,120.181248
,肯德基(春州国际生活广场DT店),青岛,城阳区,春州国际文化生活广场,,,36.289633,120.407282
,肯德基(长城路店),青岛,城阳区,长城路宝龙大润发一层肯德基,,,36.296197,120.401071
,肯德基(春阳店),青岛,城阳区,春阳路167号,,,36.315458,120.398214
,肯德基(荟城路店),青岛,城阳区,荟城路蔚蓝创新天地,,,36.313111,120.435688
,肯德基(崂山万象汇餐厅),青岛,崂山区,深圳路101号的青岛崂山万象汇LG102号商铺,,,36.11752,120.448915
,肯德基(金茂览秀城店),青岛,城阳区,宝源路1号一层(L160)铺位,,,36.264875,120.309621
,肯德基(青岛北站西广场店),青岛,李沧区,青岛北站西进站厅(环湾一侧),,,36.169842,120.373092
,肯德基(城中城店),青岛,城阳区,虹桥路1号城阳城中城购物中心二期商业A栋一层,,,36.28675,120.389119
,肯德基(新城吾悦店),青岛,黄岛区,滨海大道2888号新城吾悦广场A1幢一层肯德基,,,35.928916,120.164632
,肯德基(正阳路店),青岛,城阳区,正阳路南、爱民河西利客来集团城阳购物广场东南把角一层、二层,,,36.304839,120.415817
,肯德基(沙子口崂山路店),青岛,崂山区,崂山路119号,,,36.116037,120.546096
,肯德基(金水路店),青岛,李沧区,宾川路72号-14号楼一层平面图中纵轴8轴至10轴与横轴A轴至G轴之间,,,36.179215,120.476799
,肯德基(台东一路餐厅),青岛,市北区,台东一路56号,,,36.081915,120.355242
,肯德基(海洋大学崂山校区店),青岛,崂山区,松岭路238号中国海洋大学崂山校区北海苑一号食堂一楼东北侧,,,36.164482,120.501486
,肯德基(崇明岛路店),青岛,黄岛区,崇明岛西路55号中泽国货商厦一层,,,36.03927,120.215594
,肯德基(太清宫店),青岛,崂山区,太清宫东面一层,,,36.138355,120.675537
,肯德基(智力岛店),青岛,城阳区,凯丰国际金融广场南门旁,,,36.267691,120.278475
,肯德基(长江二店),青岛,黄岛区,长江中路419号T117-118,,,35.955817,120.190041
,肯德基(东方影都店),青岛,黄岛区,灵山卫街道办事处滨海大道2777号的融创茂西端一二层,,,35.904385,120.099572
,肯德基(西海岸梦乐城店),青岛,黄岛区,漓江西路1669号永旺梦乐城西海岸新区购物中心一层140号商铺,,,35.931912,120.166222
,肯德基(育台路店),青岛,黄岛区,学台路369号,,,36.067487,120.009833
,肯德基(振华店),青岛,即墨区,振华街93号肯德基,,,36.38732,120.435448
,肯德基(李沧万达店),青岛,李沧区,巨峰路178号万达广场3层321-323,,,36.16834,120.434273
,肯德基(富春江餐厅店),青岛,黄岛区,富春江路1160号1号网点,,,35.951742,120.161239
,肯德基(青岛理工大学店),青岛,黄岛区,嘉陵江路777号黄岛校区西区体育场B1层104-105房间内橙盟部分,,,35.976223,120.202929
,肯德基(胶南珠山店),青岛,黄岛区,人民路198号,,,35.875284,119.986959
,肯德基(郑西店),青岛,胶州市,郑州西路14号,,,36.286472,120.007774
,肯德基(胶州新利群店),青岛,胶州市,澳门路以南翰林路以西香港路以北利群胶州购物广场1层,,,36.253106,120.035191
,肯德基(大悦春风里店),青岛,即墨区,[],,,36.407757,120.54429
,肯德基(黄河中路店),青岛,黄岛区,黄河中路188号中泽国货一层,,,36.019239,120.148756
,肯德基(石油大学店),青岛,黄岛区,长江西路66号石油大学校内,,,35.942591,120.172388
,肯德基(福州路店),青岛,胶州市,扬州路北侧福州南路东侧宝龙城市广场一层,,,36.271766,120.026497
,肯德基(财富广场店),青岛,即墨区,鹤山路939号宜居商业广场F1层1F-28,,,36.397828,120.426948
,肯德基(金沙广场店),青岛,胶州市,广州北路与胶州东路交汇南100米大润发1层,,,36.291806,120.009882
,肯德基(胶南利群店),青岛,黄岛区,深圳路2号德泰利群超市1楼,,,35.869414,120.030144
,肯德基(文峰路DT店),青岛,即墨区,文峰路198-1肯德基餐厅,,,36.381249,120.461167
,肯德基(凤凰山路店),青岛,黄岛区,合美MALLB1层(凤凰山路地铁站A2口步行220米),,,35.890051,120.024268
,肯德基(建设路店),青岛,平度市,建设路与双泉路交叉口东北20米,,,36.534416,120.129969
,肯德基(德信利群店),青岛,黄岛区,灵海路3242号(德信利群购物广场1-121号),,,35.927496,120.126082
,肯德基(城阳万象汇店),青岛,城阳区,正阳中路157号城阳华润万象汇第三层第L308号房产,,,36.306587,120.414122
,肯德基(兰岙店),青岛,即墨区,振华街88号宝龙城市广场C区1层1004,,,36.392017,120.456445
,肯德基(胶州龙湖天街店),青岛,胶州市,香港路277号的龙湖青岛胶州天街一层铺位为A-1F-12/13,,,36.254665,120.057569
,肯德基(惜福-DT店),青岛,城阳区,正阳东路329号,,,36.304924,120.477662
,肯德基(卓越蔚蓝店),青岛,城阳区,白沙湾路18号,,,36.257411,120.346884
,肯德基(天一仁和店),青岛,城阳区,正阳中路166号天一仁和财富中心一层西肯德基0532-,,,36.305252,120.402787
,肯德基(胶州佳乐家),青岛,胶州市,阜安街道扬州路与广州路交汇处东北角佳乐家一楼,,,36.267688,120.010103
,肯德基(富克斯店),青岛,即墨区,店子山二路139号富克斯家居一楼沃优特超市一层02号铺位,,,36.374273,120.425759
,肯德基(青特万达广场店),青岛,城阳区,正阳中路117号青特万达广场F1层,,,36.306805,120.422298
,肯德基(城阳首创奥莱餐厅),青岛,城阳区,青岛高新区火炬路308号青岛首创奥特莱斯项目F1层F1-H02-A号商铺,,,36.236475,120.225175
,肯德基(即墨海尚海店),青岛,即墨区,鹤山路444号吾悦广场F1层,,,36.39937,120.448831
,肯德基(古镇口店),青岛,黄岛区,三沙路与海崖路交叉口处西南角悦和花街1层,,,35.803089,120.017684
,肯德基(青医附院黄岛院区店),青岛,黄岛区,五台山路1677号,,,35.987112,120.156114
,肯德基(即墨古城店),青岛,即墨区,东门里大街19号,,,36.388245,120.469404
,肯德基(青职学院店)(暂停营业),青岛,黄岛区,钱塘江路369-11号楼,,,35.970694,120.159161
,肯德基(王家港大润发餐厅),青岛,黄岛区,长江西路345号城发悦邻广场负一层大润发超市,,,35.943032,120.162053
,肯德基(兰州路利群店),青岛,胶州市,兰州西路388号利群超市一层,,,36.283131,119.993852
,肯德基(上马利客来店),青岛,城阳区,正阳路388号城阳利客来购物广场,,,36.304785,120.379601
,肯德基(青岛博览城店),青岛,黄岛区,滨海大道777号青岛中铁世界博览城漾时代MALL一层,,,35.824819,120.017201
,肯德基(上马客来购物广场餐厅),青岛,城阳区,上马街道岙东中路106号利客来购物广场A座一层,,,36.267698,120.242436
,肯德基(联谊大街店),青岛,胶州市,李哥庄镇李哥庄村联谊大街59号利客来超市一层总计使用面积为162,,,36.351787,120.157316
,肯德基(山东科技大黄岛校区店),青岛,黄岛区,前湾港路579号山东科技大学校内校友之家一楼,,,36.006968,120.122003
,肯德基(即墨百联奥特莱斯店),青岛,即墨区,世家路8号即墨百联奥特莱斯1层Z71-01F01-01-0001号铺位,,,36.376589,120.284052
,肯德基(惜福镇利客来店),青岛,城阳区,惜福镇街道王沙路1235号惜福镇利客来一层主入口东侧临街铺位,,,36.309075,120.486025
,枯桃创新园KFC,青岛,崂山区,科苑纬一路1号青岛国际创新园D2座一层110-1号铺位,,,36.147575,120.482675
,肯德基(海岸万科城餐厅),青岛,黄岛区,水城路422号,,,35.902588,120.044627
,肯德基(满合广场DT店),青岛,即墨区,区长广路698号1层-700号1-2层,,,36.415084,120.543953
,肯德基(烟青DT店),青岛,即墨区,鹤山路59号甲一层、二层的房产及房产房产所在场地停车场内车道取餐窗口,,,36.397387,120.499631
,肯德基(芯恩工业园餐厅),青岛,黄岛区,山王河路1088号芯恩工业园P4餐厅一楼(仅限园区内点餐),,,36.061627,120.076402
,肯德基(蓝谷银座店),青岛,即墨区,蓝谷核心区滨海公路东侧青岛蓝色中心,,,36.381636,120.683901
,肯德基(泊里中泽国货店),青岛,黄岛区,泊里镇车站广场,,,35.701381,119.784717
,肯德基(青岛西站餐厅),青岛,黄岛区,铁山街道海西三路青岛西站候车室QDX-02商铺,,,35.901475,119.956275
,肯德基(B指廊外卖站),青岛,胶州市,胶东国际机场航站楼标段号编号为L3A-F-27,,,36.361367,120.09532
,肯德基(双珠路家家悦餐厅),青岛,黄岛区,双珠路979号,,,35.873497,120.021586
,肯德基(王哥庄利客来店),青岛,崂山区,王哥庄利客来超市,,,36.268862,120.649411
,肯德基(福州路店),青岛,平度市,人民路19号利客来购物中心1层,,,36.79203,119.982822
,肯德基(苏州路店),青岛,平度市,苏州路西侧西安路北侧大润发超市肯德基餐厅,,,36.780646,119.960959
,肯德基(莱西新利群店),青岛,莱西市,烟台路28号莱西利群商厦1层,,,36.855096,120.523692
,肯德基(胶东利客来车速取餐厅),青岛,胶州市,胶东街道小麻湾西村路150号利客来胶东商场,,,36.310644,120.103429
,肯德基(莱西乐好店),青岛,莱西市,青岛路东上海路南莱西乐好时代城一层,,,36.876447,120.512518
,肯德基(莱西月湖店),青岛,莱西市,烟台路62号利客来莱西购物中心F1层,,,36.861846,120.523099
,KFC甜品站(城阳青岛国货店),青岛,城阳区,崇阳路491号青岛国货(城阳店)F1层,,,36.299607,120.383563
,肯德基(平度帝王店),青岛,平度市,红旗路164号,,,36.785899,119.953576
,肯德基(莱西万达店),青岛,莱西市,水集街道办事处上海西路18号-1万达广场内的号商铺,,,36.874885,120.496318
,肯德基(莱西王府井餐厅),青岛,莱西市,城投财富广场,,,36.886867,120.511659
,KFC甜品站(万达利群商厦店),青岛,市北区,台东三路利群商厦鸿雁烤猪蹄,,,36.081798,120.356849
,肯德基(莱西北利群车速取餐厅),青岛,莱西市,烟台路西侧利群集团莱西购物广场一层西南角铺位,,,36.878763,120.520785
,KFC甜品站(青岛即墨宝龙广场店),青岛,即墨区,振华街88号青岛即墨宝龙广场1F层,,,36.391948,120.456327
,肯德基风味鸡叉骨,青岛,即墨区,即墨慧民诊所东南侧50米,,,36.349208,120.427325
,肯德基(星河湾DT店),青岛,城阳区,博学路1号,,,36.229263,120.338075
,肯德基(世纪DT店),青岛,崂山区,同安路872号世纪步行街内,,,36.107131,120.443343
,肯德基(山钢东部新天地店),青岛,崂山区,辽阳东路54号,,,36.122565,120.462106
,肯德基车速取餐点(新城市广场店),青岛,市北区,辽阳西路100号(错埠岭地铁站B2口旁),,,36.0967,120.387681
,鑫肯德基风味炸鸡,青岛,即墨区,共和路与流浩河三路交叉口南80米,,,36.406701,120.439196
,肯德基(宁波扬帆DT店),宁波,鄞州区,院士路以东扬帆路以北扬帆广场6号楼,,,29.880266,121.630362
,肯德基(乐橙荟店),宁波,鄞州区,潘火街道宜兴路142号乐橙荟肯德基,,,29.843531,121.604635
,肯德基(欧尚沧海店),宁波,鄞州区,百丈东路1188号,,,29.855722,121.595903
,肯德基(宁波百丈店),宁波,鄞州区,百丈东路86-2号,,,29.862525,121.572574
,肯德基(惠风邻里店),宁波,鄞州区,钟公庙街道惠风西路455号,,,29.81585,121.532776
,肯德基(宁波芝士公园店),宁波,海曙区,灵桥路768号,,,29.86596,121.558231
,肯德基(庄市万科店),宁波,镇海区,庄市大道1088号F1层F119号商铺,,,29.928731,121.624902
,肯德基(海曙恒一店),宁波,海曙区,海曙恒一广场一层(客运中心地铁站D口步行230米),,,29.850618,121.514206
,肯德基(宁波国金店),宁波,鄞州区,国际金融中心鼎泰路33号1-6,,,29.867862,121.61556
,肯德基(江北世纪联华店),宁波,江北区,康庄南路90号天水广场F1(丽江路地铁站B口旁),,,29.911229,121.539723
,肯德基(宁波学府店),宁波,鄞州区,高教园区钱湖南路666号华茂赛德广场B座,,,29.808013,121.561292
,肯德基(宁波马园店),宁波,海曙区,马园路271号,,,29.867777,121.536958
,肯德基(城市智荟店),宁波,海曙区,顺德路277号城市智荟,,,29.848737,121.516923
,肯德基(宁波宏泰店),宁波,鄞州区,宁穿路1462号宏泰广场2号门肯德基餐厅,,,29.859516,121.613341
,肯德基(宁波长丰悦邻汇店),宁波,鄞州区,钟公庙街道长丰村江宁路632号,,,29.843713,121.543071
,肯德基(宁波大家中心店),宁波,鄞州区,河清北路1219号,,,29.875363,121.625053
,肯德基(赛尔大厦店),宁波,鄞州区,光华路288号赛尓大厦一楼肯德基,,,29.880871,121.641317
,肯德基(宁波世纪东方店),宁波,鄞州区,中山东路1083号世纪东方广场一楼,,,29.861871,121.59552
,肯德基(宁波民和产业园DT店),宁波,鄞州区,民和产业园1层,,,29.878301,121.647093
,肯德基(宁波泰富店),宁波,鄞州区,桑田路291-299中信泰富广场1楼,,,29.87302,121.592572
,肯德基(宁波万成店),宁波,海曙区,雅戈尔大道429号(鄞州大道地铁站A口步行140米),,,29.820175,121.497325
,肯德基(宏泰广场店),宁波,鄞州区,海晏北路1462号靠近(地铁站),,,29.85951,121.610171
,肯德基(宁波东部银泰城店),宁波,鄞州区,河清南路58号东部新城银泰城一楼,,,29.85388,121.620495
,肯德基(集城广场店),宁波,海曙区,联丰中路与薛家南路交叉口集成广场一楼,,,29.869131,121.504787
,肯德基(浙大宁波理工学院店),宁波,鄞州区,首南街道高教园区学府路1号(铺位号6号111 ),,,29.816485,121.578707
,肯德基(宁波新世界店),宁波,鄞州区,百丈街道铸坊巷61号1-5肯德基,,,29.866408,121.564656
,肯德基(宁波远大宝龙店),宁波,鄞州区,高新宝龙广场3号门旁,,,29.88378,121.630973
,肯德基(宁波鄞州宝龙店),宁波,鄞州区,钱湖北路199号宁波鄞州宝龙广场B1层,,,29.836123,121.567767
,肯德基(宁波鼓楼店),宁波,海曙区,中山西路61号(鼓楼地铁站F口步行250米),,,29.873153,121.54584
,肯德基(宁波中兴店),宁波,鄞州区,中兴路138号世纪联华超市左侧,,,29.879734,121.588411
,肯德基(宁波文化广场店),宁波,鄞州区,河清北路宁波文化广场D区101,,,29.859375,121.619075
,肯德基(宁波复悦城店),宁波,海曙区,南站西路108号复悦城一楼肯德基商铺号1F-48a,,,29.866731,121.536825
,肯德基(宁波新星欧尚店),宁波,海曙区,新星路111号122B,,,29.896507,121.525203
,肯德基(宁波梅墟金沙店),宁波,鄞州区,鄞州区高新区江南路2000号1-2192-261一层,,,29.89185,121.655602
,肯德基(宁波理工店),宁波,鄞州区,首南街道钱湖南路1号(南高教园区地铁站F口步行50米),,,29.816075,121.578825
,肯德基(镇海招宝店),宁波,镇海区,镇海区西街8-10号(招宝山地铁站B口步行230米),,,29.951796,121.714405
,肯德基(宁波东钱湖DT店),宁波,鄞州区,东钱湖镇安石路777号咨询投诉热线0574-,,,29.78205,121.632468
,肯德基(宁波大安店),宁波,海曙区,新星路与悠云路交叉口,,,29.896776,121.523472
,肯德基(宁波花园里店),宁波,鄞州区,舟孟北路与中山东路交叉口西南40米,,,29.866897,121.573918
,肯德基(宁波中哲店),宁波,鄞州区,潘火街道金源路596号启明路598-600-602号一层,,,29.814506,121.610496
,肯德基(宁波东鼓道店),宁波,海曙区,地铁1号线东鼓道鼓楼地铁站厅,,,29.872327,121.550766
,肯德基(宁波华侨城DT店),宁波,鄞州区,欢乐海岸路7号宁波华侨城欢乐海岸购物中心F1层,,,29.820029,121.523009
,肯德基(宁波富豪店),宁波,鄞州区,彩虹北路2号,,,29.864395,121.569353
,肯德基(宁波悦邻中心店),宁波,鄞州区,国家高新区悦邻中心一层,,,29.889018,121.611027
,肯德基(宁波港隆欧尚店),宁波,鄞州区,沧海路1号港隆时代广场二号楼,,,29.884936,121.603724
,肯德基(宁波乐汇IN店),宁波,鄞州区,宁丰路滨江商业广场二期,,,29.849683,121.553437
,肯德基(宁波万里学院店),宁波,鄞州区,首南街道林家大河沿里段村浙江万里学院后勤生活区12号楼地上一层,,,29.817421,121.560313
,肯德基(宁波长丰店),宁波,鄞州区,聚亿商业中心西北门南160米,,,29.841433,121.545109
,肯德基(宁波金达南店),宁波,鄞州区,首南东路(金达南路地铁站B口步行60米),,,29.805086,121.591481
,肯德基(宁波欧尚店),宁波,海曙区,翠柏路208号,,,29.881889,121.534853
,肯德基(宁波泛迪店),宁波,鄞州区,彩虹南路360号泛迪中心一层(铺位号1F-7),,,29.852017,121.560884
,肯德基(宁波盛世天城店),宁波,鄞州区,中河街道贸城东路666号一层,,,29.823,121.569728
,肯德基(宁波新水街店),宁波,海曙区,碶闸街116号天一广场1层,,,29.868897,121.554804
,肯德基(宁波华楼店),宁波,海曙区,华楼巷(东门口地铁站C口步行340米),,,29.870597,121.55327
,肯德基(骆驼吾悦店),宁波,镇海区,望海南路与永茂西路交叉口宁波新城吾悦广场1F层1001,,,29.94877,121.60092
,肯德基(宁波中体城店),宁波,江北区,康庄南路299号中体芯锐运动城F1层,,,29.91925,121.538564
,肯德基(宁波绿地中心店),宁波,江北区,大庆南路96号绿地缤纷城F1层(外滩大桥地铁站C口旁),,,29.881969,121.55916
,肯德基(宁波联盛店),宁波,鄞州区,宁南北路1288号联盛广场A座肯德基,,,29.823194,121.537962
,肯德基(宁波世贸日湖DT店),宁波,江北区,环城北路西段茂悦商业中心60号1-4商铺,,,29.898721,121.560525
,肯德基(庄市开元店),宁波,镇海区,同心路888号宁波镇海开元广场F1,,,29.922325,121.625875
,肯德基(宁波来福士店),宁波,江北区,大庆南路99号来福士广场地下一层,,,29.882339,121.557299
,肯德基(宁波下应乐购店),宁波,鄞州区,鄞县大道下应段227号乐购超市S01,,,29.814247,121.589036
,肯德基(宁波阪急店),宁波,鄞州区,海晏北路189号宁波坂急B01室,,,29.860821,121.614042
,肯德基(宁波华商邻里餐厅),宁波,鄞州区,邱隘镇百丈东路2174号河清南路258号,,,29.850859,121.618563
,肯德基(宁波轻纺城店),宁波,海曙区,石碶街道塘西村龙晟广场第一层铺位号1-1A第二层铺位号2-1A,,,29.827853,121.510022
,肯德基(宁波桑德兹店),宁波,鄞州区,天童南路与日丽中路交叉处南部商务区,,,29.808383,121.547652
,肯德基(宁波儿童公园店),宁波,鄞州区,中兴路895号L112号商铺,,,29.853251,121.578136
,肯德基(龙山甬隆店),宁波,慈溪市,龙山镇伏龙路1号,,,30.080063,121.549685
,肯德基(宁波金茂汇店),宁波,奉化区,陈王路与机场南路交叉口东南80米,,,29.745897,121.453516
,肯德基(宁波环球银泰城店),宁波,鄞州区,天童南路1008号宁波环球银泰城1F层,,,29.79744,121.546275
,肯德基(宁波恒一城市广场店),宁波,海曙区,碶闸街9号一层(城隍庙地铁站C口步行390米),,,29.86598,121.552125
,肯德基(宁波南站出发店),宁波,海曙区,宁波火车南站出发夹层NB-3F06肯德基商铺,,,29.861618,121.537245
,肯德基(鄞州乐购店),宁波,海曙区,洛兹广场步行街东南门旁,,,29.827255,121.508589
,肯德基(镇海华润店),宁波,镇海区,镇宁东路1号世贸广场写字楼F1层,,,29.950488,121.695862
,肯德基(东钱湖风景名胜区店),宁波,鄞州区,阙里茶院南侧,,,29.769491,121.65616
,肯德基(湖滨广场店),宁波,镇海区,湖滨广场,,,29.960053,121.598855
,肯德基(宁波浙海DT店),宁波,海曙区,高桥镇学院路15 9号联丰中路1300号房产101室,,,29.869598,121.48308
,肯德基(鄞州印象城店),宁波,鄞州区,钱湖北路288号印象城B1-16号,,,29.832576,121.56693
,肯德基(北仑明州店),宁波,北仑区,明州路22号,,,29.913349,121.83822
,肯德基(宁波诺丁汉大学店),宁波,鄞州区,首南街道泰康东路199号宁波诺丁汉大学后勤生活区16号楼地上一层,,,29.79976,121.565197
,肯德基(宁波新联丰餐厅),宁波,海曙区,环城西路南段234号肯德基电话0574-,,,29.870819,121.521196
,肯德基甜品站(宁波鄞州万达独立店),宁波,鄞州区,四明中路999号万达广场1层,,,29.826328,121.546864
,肯德基(北仑大润发店),宁波,北仑区,曼哈顿广场1层,,,29.895504,121.817825
,肯德基(宁波颐高数码广场餐厅),宁波,鄞州区,民安路306号铺位号L105,,,29.876758,121.582132
,肯德基(宁波江北万达店),宁波,江北区,江北大道与榭嘉路交叉口万达广场一楼,,,29.915174,121.530993
,肯德基(邱窄巷餐厅),宁波,鄞州区,邱隘镇盛莫路387号,,,29.846062,121.63466
,肯德基(江北姚江邻里中心店),宁波,江北区,云津路328号肯德基,,,29.911886,121.515935
,肯德基(海曙龙湖天街餐厅),宁波,海曙区,环城西路南段858号海曙龙湖天街B1层铺位号A-B1-O7,,,29.849775,121.523225
,肯德基(宁波新环球城银泰餐厅),宁波,鄞州区,首南街道天童南路1088号宁波环球城银泰一层商铺号1060-1061,,,29.795274,121.543939
,肯德基(鄞州启明店),宁波,鄞州区,启明路818号19幢130号,,,29.807783,121.606293
,肯德基(古林甬隆店),宁波,海曙区,古林镇中心路131号肯德基,,,29.833204,121.436413
,肯德基(北仑影秀城店),宁波,北仑区,泰山路与人民北路交叉口博地影秀城F1,,,29.901642,121.808816
,肯德基(五乡爱民DT店),宁波,鄞州区,五乡镇爱民南路1-1号商铺,,,29.843713,121.682598
,肯德基(钱湖天地店),宁波,鄞州区,钱湖北路433号439弄7号,,,29.830707,121.568569
,肯德基(富力悦士庭店)(暂停营业),宁波,江北区,风华路429号1-20427号1-21,,,29.912388,121.636011
,肯德基(东校区宁波大学店)(暂停营业),宁波,江北区,宁波大学东校区包玉书广场,,,29.904597,121.637451
,肯德基(横溪新江厦店),宁波,鄞州区,横溪镇横溪村人民路55号新江厦超市旁边一层肯德基,,,29.727083,121.593979
,肯德基(宁波洪塘海德店),宁波,江北区,洪塘街道洪塘中路海德商业中心一楼,,,29.940746,121.508341
,肯德基(北仑长江店),宁波,北仑区,明州路717-723号金汇百货F1层,,,29.9106,121.851444
,肯德基(宁波财富中心店),宁波,鄞州区,甬江大道168号5幢3044号,,,29.880034,121.56803
,肯德基(宁波58创业园店),宁波,海曙区,集丰路与春华路交叉口58创业园一层,,,29.861307,121.459867
,肯德基(宁波慈城绿地店),宁波,江北区,保黎南路680号,,,29.962315,121.450417
,肯德基(东钱湖莫高路餐厅),宁波,鄞州区,东钱湖镇莫高路1号1,,,29.796913,121.636203
,肯德基(宁波江北电商园店),宁波,江北区,前洋电商园同济路299号云汇中心76-7886-88号1-13商铺号L1-27,,,29.947075,121.463608
,肯德基(宁波山丘市集店),宁波,鄞州区,首南街道天智巷75弄5号,,,29.807511,121.55061
,肯德基(慈溪虞波店),宁波,慈溪市,浒山街道新城大道271-279号,,,30.160925,121.262025
,肯德基(洞桥悦邻汇店),宁波,海曙区,潘沙南路与沙塘路交汇处洞桥悦邻汇一层,,,29.777375,121.410339
,肯德基(梅山店),宁波,北仑区,七星南路90号,,,29.77373,121.959797
,肯德基(海曙印象城店),宁波,海曙区,中山西路3666号宁波海曙印象城L2层L2-33,,,29.896508,121.477883
,肯德基(宁波大学云创小镇店),宁波,江北区,层宁镇公路半路张宁波大学东门商贸街区云创1986青年小镇一层二,,,29.910415,121.642757
,肯德基(北仑银泰店),宁波,北仑区,中河路399号银泰百货1层(岷山路),,,29.896447,121.831879
,肯德基(泰格广场餐厅),宁波,镇海区,澥浦镇广源路97号肯德基,,,30.0143,121.600884
,肯德基(镇海五里牌悦乐城餐厅),宁波,镇海区,蛟川街道金枢路2号6号8号东生路118号1-11-22-12-63-1室,,,29.936869,121.673087
,肯德基(镇海九龙汇店),宁波,镇海区,御水路和滕山路交叉口北100米,,,30.029239,121.5553
,肯德基(云龙十方牧云餐厅),宁波,鄞州区,云龙镇云龙村龙舟基地一层铺位号8号101肯德基,,,29.774201,121.599139
,肯德基(三官堂缤虹里店)(暂停营业),宁波,江北区,风华路429号1-20风华路427号1-21,,,29.91202,121.620464
,肯德基(宁波招商花园坊店),宁波,江北区,湾头启动区3号-2星湖商业中心,,,29.903584,121.552718
,肯德基(北仑七彩虹店),宁波,北仑区,新碶街道同树路11号七彩虹生活广场一楼,,,29.92084,121.791724
,肯德基(慈溪环城店),宁波,慈溪市,慈百路71号,,,30.167424,121.236468
,肯德基(宁波工程学院店)(暂停营业),宁波,江北区,风华路201号宁波工程学院商业街一区88号商铺,,,29.913458,121.609411
,肯德基(集士港杉井奥莱店),宁波,海曙区,集士港镇春华路1399号杉井奥特莱斯广场B12200号商铺,,,29.859099,121.451435
,肯德基(宁波千润发店),宁波,海曙区,薛家南路120号宁波千润发购物广场一层124号铺位,,,29.863863,121.502456
,肯德基(奉化宝龙店),宁波,奉化区,岳林街道机场南路与金海路交叉口之宁波奉化宝龙广场第L1层商铺编号M1-L1,,,29.652412,121.44786
,肯德基(富巷店),宁波,余姚市,阳明西路273号,,,30.048852,121.14372
,肯德基(余姚龙山店),宁波,余姚市,南滨江路150号,,,30.046316,121.156835
,肯德基(慈溪金地店),宁波,慈溪市,古塘街道担山跟社区孙塘北路1888号泊江府6号楼一层101-102-103号,,,30.202875,121.266325
,肯德基(慈溪华润长河店),宁波,慈溪市,长河镇宁丰村戴家北路95号华润万家超市一层肯德基餐厅,,,30.219775,121.183525
,肯德基(横街文体中心店),宁波,海曙区,横街镇文体中心,,,29.852904,121.397836
,肯德基(小港万科未来广场店),宁波,北仑区,小港泰山路东小浃江路北万科未来广场一层,,,29.931117,121.736625
,肯德基甜品站(杉井奥特莱斯广场·宁波店),宁波,海曙区,集士港镇杨家村春华路1399号杉井奥特莱斯广场,,,29.858334,121.451415
,肯德基(奉化世纪一百),宁波,奉化区,汇茂路与汇盛路交叉口东南20米,,,29.704425,121.420558
,肯德基(慈溪银泰店),宁波,慈溪市,环城南路与青少年宫路交叉银泰广场一楼,,,30.169692,121.248759
,肯德基(海曙集仕芯谷店),宁波,海曙区,集士港镇广盛路839号835号845号肯德基,,,29.858653,121.442638
,肯德基(海曙智荟大厦店),宁波,海曙区,顺德路277号海曙智荟大厦,,,29.848735,121.51696
,肯德基(慈城古镇餐厅),宁波,江北区,慈城古镇中华路68号肯德基餐厅,,,29.988146,121.452551
,肯德基(宁海自在城DT店),宁波,宁海县,桃源街道桃源北路1188号一层商铺号F1-002肯德基,,,29.342346,121.450093
,肯德基(北仑富邦餐厅),宁波,北仑区,新碶黄山路857号3幢191室一层铺位号108-109肯德基,,,29.89609,121.845221
,肯德基(春晓龙湖DT店),宁波,北仑区,市明月路807/809号一层,,,29.766473,121.918606
,肯德基(塘溪新江厦餐厅),宁波,鄞州区,塘溪镇名人街和塘盛路交叉口塘头村一层(铺位号A101),,,29.663909,121.713675
,肯德基(骆驼爱琴海店),宁波,镇海区,汶骆路18号宁波爱琴海购物公园1F层,,,29.985138,121.583915
,肯德基(宁波机场T2到达店),宁波,海曙区,空港大道宁波栎社国际机场2号航站楼1F层(非航站楼内),,,29.819456,121.461991
,肯德基(文山路店),宁波,余姚市,文山路88号一层,,,30.061508,121.16305
,肯德基(慈溪保利店),宁波,慈溪市,三北西大街1555号银泰百货慈溪城西店F1层,,,30.179841,121.210777
,肯德基(慈溪吾悦店),宁波,慈溪市,新城大道南路1497号新城吾悦广场一层1023号商铺,,,30.142805,121.259698
,肯德基(慈溪大润发店),宁波,慈溪市,浒山街道北二环路与浒崇公路东北侧大润发超市一楼,,,30.18167,121.243757
,肯德基(宁波万达店),宁波,鄞州区,"四明中路999号宁波鄞州万达广场1F层部分区域,场地编号JY-BX-069",,,29.826328,121.546864
,肯德基(宁海大观园店),宁波,宁海县,兴宁中路296号,,,29.308425,121.426525
,肯德基(宁波大学科学技术学院慈溪校区南校区店)(暂停营业),宁波,慈溪市,文蔚路520号下沉广场东南角,,,30.184925,121.296825
,肯德基(周巷嘉悦店),宁波,慈溪市,镇东路589号嘉悦广场1F层F1-01,,,30.181347,121.137852
,肯德基(象山太平洋店),宁波,象山县,象山恒太城东南门西150米,,,29.477643,121.90027
,肯德基(象山大润发店),宁波,象山县,丹南路大润发超市一楼,,,29.462575,121.886836
,肯德基(越秀悦见云庭店),宁波,鄞州区,越秀悦见云庭西门北80米,,,29.766548,121.528065
,肯德基(骆驼欧尚店),宁波,镇海区,骆驼街道东邑北路558号-1076号商铺,,,29.970892,121.595209
,肯德基(余姚陆埠店),宁波,余姚市,钟山北路225号,,,29.996096,121.242991
,肯德基(镇海聪园锦里餐厅),宁波,镇海区,招宝山街道车站路325号1-1,,,29.9513,121.704625
,肯德基(溪口武岭店),宁波,奉化区,溪口镇百丈路1-3号,,,29.683038,121.286052
,肯德基(慈溪云泰店),宁波,慈溪市,明州路与文化路交叉口东南220米,,,30.184147,121.276137
,肯德基(宁波奉化万达广场店),宁波,奉化区,中山东路299号万达广场1059号商铺,,,29.664707,121.423516
,肯德基(象山万达店),宁波,象山县,中心城区丹南路266号,,,29.4563,121.871704
,肯德基(宁波财经学院店),宁波,海曙区,宁波财经学院中心食堂第一层铺位号z5-z6,,,29.886435,121.479924
,肯德基(余姚丈亭店),宁波,余姚市,丈亭镇长乐路188号肯德基,,,30.029333,121.28023
,肯德基(慈溪天鸿店),宁波,慈溪市,人和路555号天鸿大厦F1层,,,30.20611,121.281396
,肯德基(奉化大润发店),宁波,奉化区,区南山路8号龙津尚都,,,29.653485,121.415235
,肯德基(象山宝龙店),宁波,象山县,丹东街道南街39号宝龙天地肯德基,,,29.472896,121.871436
,肯德基(象山壹街区店),宁波,象山县,壹街区广场东南角(天安路248号),,,29.4666,121.880232
,肯德基(余姚银泰店),宁波,余姚市,新建北路217号众安时代广场1F层1020,,,30.074103,121.16052
,肯德基(余姚华联店),宁波,余姚市,新建路55号余姚华联商厦,,,30.049378,121.156539
,肯德基(逍里大厦店),宁波,慈溪市,逍林镇逍林大道538-540号逍里大厦一楼肯德基,,,30.171375,121.316375
,肯德基(慈溪香格店),宁波,慈溪市,新城大道北路277-285号,,,30.173946,121.264944
,肯德基(周巷印象南岸店),宁波,慈溪市,周巷镇花墙门社区慈溪市印象南岸1-173肯德基,,,30.169925,121.132425
,肯德基(鄞州东吴餐厅),宁波,鄞州区,东吴镇东珠路191-193-195号东吴东路845-847号,,,29.812039,121.73046
,肯德基(宁海金昌店),宁波,宁海县,跃龙街道中山中路69-73号(金昌大厦),,,29.297532,121.429869
,肯德基(杭州湾滨海二路店),宁波,慈溪市,杭州湾滨海二路康养中心(杭州湾医院旁)肯德基,,,30.319603,121.206116
,肯德基(杭州湾世纪金源店),宁波,慈溪市,杭州湾新区金源大道19号世纪金源购物中心一楼肯德基餐厅,,,30.329042,121.230173
,肯德基(哈罗国际创客中心店),宁波,余姚市,哈罗创客中心世南西路1013号哈罗国际创客中心,,,30.034652,121.125071
,肯德基(中国海影城·奔跑吧乐园店),宁波,象山县,新桥镇影视大道33号中国海影城·奔跑吧乐园(东南角),,,29.293192,121.840066
,肯德基(烟火里店),宁波,慈溪市,古塘街道春熙路142-146号肯德基,,,30.204075,121.253944
,肯德基(骆驼印象城餐厅),宁波,镇海区,骆驼街道镇海大道397号骆驼印象汇广场一楼,,,29.966843,121.571311
,肯德基(余姚白云店),宁波,余姚市,城区万年桥路,,,30.031912,121.165293
,肯德基(余姚泗门长河店),宁波,余姚市,泗门镇河塍路186号一层(铺位号A101)肯德基餐厅,,,30.154492,121.048128
,肯德基(奉化银泰店),宁波,奉化区,区南山路150号奉化银泰城4号门,,,29.664474,121.412274
,肯德基(宁海城隍庙店),宁波,宁海县,桃源南路192号,,,29.285125,121.430975
,肯德基(宁海桃源广场场店),宁波,宁海县,气象北路398号,,,29.314245,121.434479
,肯德基(慈溪三北餐厅),宁波,慈溪市,龙山镇应急消防管理所东南门旁,,,30.094713,121.50262
,肯德基(上林坊餐厅),宁波,慈溪市,浒山街道解放中街302号,,,30.171371,121.242588
,肯德基(周巷兴业店),宁波,慈溪市,周巷镇田野大厦,,,30.16799,121.132642
,肯德基(龙湖晴川里DT餐厅),宁波,慈溪市,慈东大道1188号,,,30.122069,121.569586
,肯德基(慈溪爱琴海店),宁波,慈溪市,新城大道北路和北三环东路交汇处爱琴海购物公园(慈溪店)一楼,,,30.195289,121.277251
,肯德基(坎墩甬隆店),宁波,慈溪市,坎墩街道坎胜路751号一楼肯德基,,,30.220634,121.260121
,肯德基(余姚宝龙店),宁波,余姚市,晋涵路与迎霞北路交汇处西北角宝龙广场,,,30.151725,121.13791
,肯德基(宁海西子国际店),宁波,宁海县,桃源南路126号西子国际广场北门1F30-1/1F30-2,,,29.304339,121.44152
,肯德基(大目湾攸品生活广场店),宁波,象山县,大目湾新城天安路1888号大目湾攸品生活广场,,,29.420059,121.933611
,肯德基(泗门慈客隆店),宁波,余姚市,泗门镇北路109号,,,30.164164,121.049998
,肯德基(余姚云图里店),宁波,余姚市,兰江街道南雷南路509号511号,,,30.021031,121.158051
,肯德基(逍林樟新店),宁波,慈溪市,逍林镇樟新南路919号北侧,,,30.17801,121.325894
,肯德基(庵东利时店),宁波,慈溪市,前湾新区中兴一路288号利时广场一楼肯德基,,,30.290823,121.292833
,肯德基(奉化服务区西店),宁波,奉化区,西坞街道康亭村下宅弄奉化服务区西区,,,29.612068,121.442422
,肯德基(余姚河姆渡店),宁波,余姚市,河姆渡镇兴渡路299号新邻里中心肯德基,,,29.985368,121.325071
,肯德基(观海卫大润发餐厅),宁波,慈溪市,观海卫路580号嘉润国际广场F1层,,,30.167863,121.399048
,肯德基(余姚嘉悦店),宁波,余姚市,文山路730路嘉悦国际广场,,,30.060049,121.183277
,肯德基(余姚五彩城店),宁波,余姚市,城东路888号余姚五彩城F1层,,,30.066807,121.179508
,肯德基(余姚伊顿银座店),宁波,余姚市,城区四明西路261号263号265号277号,,,30.028694,121.149224
,肯德基(余姚四明店),宁波,余姚市,四明西路486-480-490号,,,30.029475,121.143825
,肯德基(爵溪发到家餐厅),宁波,象山县,爵溪街道游仙路2号发到家超市,,,29.471124,121.954689
,肯德基(慈溪高新区爱琴海购物中心店),宁波,慈溪市,慈溪高新区爱琴海购物中心,,,30.224197,121.217401
,肯德基(宁海梅林餐厅),宁波,宁海县,梅林街道梅林北路8号1-3室,,,29.378075,121.444275
,肯德基(观海卫福山店),宁波,慈溪市,观海卫329国道南侧蒋家村,,,30.166494,121.39858
,肯德基(余姚文山路车速取餐厅),宁波,余姚市,城区文山路88号一层,,,30.061403,121.161463
,肯德基(宁波市宗汉新华路三江店),宁波,慈溪市,宗汉街道马家路付秀字地1号新华街三江超市旁L1-006,,,30.188227,121.233845
,肯德基(奉化翡丽时光店),宁波,奉化区,翡丽时光924-930号,,,29.664753,121.440613
,慈溪服务区肯德基,宁波,慈溪市,慈溪服务区与G15沈海高速入口交叉口北240米,,,30.248738,121.388738
,肯德基(掌起七彩店),宁波,慈溪市,掌起镇掌起大街与慈掌路交叉口西南角七彩商业广场一层,,,30.117771,121.45733
,肯德基(慈溪服务区南餐厅),宁波,慈溪市,新浦镇沈海高速慈溪服务区南,,,30.247999,121.385308
,肯德基(观海卫大润发店),宁波,慈溪市,观海卫镇观海卫路580号,,,30.167879,121.399056
,肯德基(观海卫海卫店),宁波,慈溪市,观海卫镇观海卫路243号贞观商厦一楼,,,30.168492,121.406909
,肯德基(余姚朴石店),宁波,余姚市,长元路朴石翰府11号,,,30.045033,121.132772
,肯德基(石浦金山店),宁波,象山县,金山路102号,,,29.201177,121.941984
,肯德基(余姚万达餐厅),宁波,余姚市,四明西路855号201(余姚万达餐厅内二楼),,,30.027684,121.133803
,肯德基(宁海甬隆餐厅),宁波,宁海县,桃源街道兴宁北路100号市场综合大楼一层肯德基,,,29.314078,121.426494
,肯德基(慈溪新浦群英中心店),宁波,慈溪市,新浦镇大街路175号(群英中心),,,30.241341,121.369978
,肯德基(青少年宫店),宁波,慈溪市,青少年宫路85号,,,30.17386,121.250223
,肯德基(吉利汽车研究院店),宁波,慈溪市,滨海四路吉利生活区内,,,30.333225,121.248125
,肯德基(余姚慧聪店),宁波,余姚市,阳明街道舜科路与兴诚路交叉口慧聪家电城9幢,,,30.087725,121.157375
,肯德基(余姚河姆渡时尚商业中心店),宁波,余姚市,凤山街道南河沿路南侧新建北路东侧,,,30.05245,121.157338
,肯德基(余姚临山餐厅),宁波,余姚市,临山镇迎风北路君子苑36.38.40.42.44号一层(铺位号A101),,,30.153625,120.98522
,肯德基(马渚中鑫店),宁波,余姚市,马渚镇庙前街东一路288号中鑫广场一层,,,30.069891,121.05808
,肯德基(宁海国购店),宁波,宁海县,1-51-1-61-1-7一层五街汇-11幢1-1-21-1-31-1-41,,,29.297632,121.427539
,肯德基(慈溪吉利中心店),宁波,慈溪市,杭州湾新区吉利研发中心1期生活区,,,30.337689,121.242307
,肯德基(余姚服务区南店),宁波,余姚市,兰江街道石婆桥村高速余姚服务区南区,,,30.007699,121.114314
,肯德基(庵东邮电路店),宁波,慈溪市,庵东镇邮电路417号,,,30.268765,121.21922
,肯德基(IN巷116餐厅),宁波,慈溪市,杭州湾新区贵安路6号8号金泽街7号,,,30.331017,121.233853
,肯德基(余姚梁弄餐厅),宁波,余姚市,梁弄镇镇中路50号,,,29.912296,121.078395
,肯德基(余姚黄家埠镇DT),宁波,余姚市,黄家埠镇金湖路9号悠途广场1楼,,,30.129265,120.971552
,余姚服务区肯德基,宁波,余姚市,余姚服务区北区综合楼(杭州方向),,,30.009689,121.114987
,宁波悦邻中心KFC,宁波,鄞州区,清水桥路268号悦邻中心,,,29.889275,121.610875
,肯德基(宁波高鑫广场餐厅),宁波,海曙区,新星路111号高鑫广场L1层,,,29.896262,121.525268
,肯德基(奉化太平洋店),宁波,奉化区,南山路174号太平洋停车厂西入口,,,29.670294,121.413106
,肯德基(余姚乐客多店)(暂停营业),宁波,余姚市,子陵路53号华润万家余姚店内,,,30.060789,121.156318
,肯德基车速取餐厅(慈溪环城店),宁波,慈溪市,慈百路73号肯德基车道取餐窗口,,,30.167412,121.236468
,肯德基车速取餐厅(春晓龙湖DT店),宁波,北仑区,明月路807/809号一层,,,29.766474,121.918685
,肯德基甜品站(宁波鄞州宝龙广场店),宁波,鄞州区,钱湖北路199号宁波鄞州宝龙广场B1层,,,29.834939,121.567526
,肯德基甜品站(慈溪爱琴海店),宁波,慈溪市,文华南路与广益路交叉口西140米,,,30.195356,121.276849
,KFC甜品站(宁波鄞州万达广场店),宁波,鄞州区,四明中路999号万达广场(宁波鄞州店)1F层,,,29.825575,121.545085
,肯德基车速取餐点(石浦金山店),宁波,象山县,金山路与天门路交叉口东北40米,,,29.201187,121.942219
,肯德基(西正路店),东莞,东莞市,西城楼小区北首层肯德基餐厅,,,23.041447,113.751793
,肯德基(市民中心店),东莞,东莞市,南城街道东莞大道南城段12号7栋108室,,,23.0165,113.760597
,肯德基(星城店),东莞,东莞市,辖学前路新世纪星城49号商业楼首层,,,23.038033,113.80065
,肯德基(元美店),东莞,东莞市,元美东路第一国际财富中心1期9区1层001号,,,23.010677,113.756146
,肯德基(康城DT店),东莞,东莞市,港口大道宏远康城国际1层肯德基,,,23.018943,113.723988
,肯德基(世博店),东莞,东莞市,东城中路世博广场海雅百货首层,,,23.031175,113.777025
,肯德基(莞太假日店),东莞,东莞市,南城区新基莞太大道城市假日大厦(二期)B01B02铺,,,23.00422,113.734105
,肯德基(良平大道店),东莞,东莞市,横坑良平路120号百业商业广场1号楼首层,,,23.010036,113.833939
,肯德基(东莞旗峰路店),东莞,东莞市,旗峰路200号万科城市广场F1,,,23.024481,113.765311
,肯德基(西城时光店),东莞,东莞市,兴隆街3号,,,23.058252,113.708872
,肯德基(东莞国贸店),东莞,东莞市,鸿福东路1号国贸中心6号地下室B01层B1050-B1051号商铺,,,23.011671,113.761706
,肯德基(华南摩尔店),东莞,东莞市,万江街道万江路南10号华南MALLF1,,,23.035831,113.724877
,肯德基(蛤地店),东莞,东莞市,南城总部基地浙商大厦汇海新天地一层,,,22.978689,113.728549
,肯德基(松湖万象汇店),东莞,东莞市,[],,,22.957246,113.896956
,肯德基(东莞天安外卖点KFC),东莞,东莞市,辖南城街道黄金路1号天安数码城1栋1单元110室,,,22.989325,113.703825
,肯德基(伟业路店),东莞,东莞市,东城街道牛山伟业路1号翰林城市花园16栋105室,,,22.97381,113.769383
,肯德基(环球广场店),东莞,东莞市,大朗富康路229号2栋101室102室156室157室,,,22.955888,113.920122
,肯德基(嘉里广场店),东莞,东莞市,南城街道鸿福西路南城段80号嘉里广场108室,,,23.016543,113.740372
,肯德基(印象汇店),东莞,东莞市,南城街道鸿福路90号1054室,,,23.015364,113.745098
,肯德基(东莞国贸精选店),东莞,东莞市,鸿福东路1号国贸中心5号商业楼L03层L3041A-L3041B号商铺,,,23.013411,113.762763
,肯德基(振兴店),东莞,东莞市,道滘镇振兴路喜乐福百货广场1-2层,,,23.006683,113.676747
,肯德基(华阳店),东莞,东莞市,华阳湖创客坊1栋首层,,,23.057281,113.574525
,肯德基(光大山湖城DT店),东莞,东莞市,光大·山湖城,,,22.929675,113.826225
,肯德基(天钻DT店),东莞,东莞市,松湖碧桂园·天钻一期,,,22.885734,113.844763
,肯德基(光明路店),东莞,东莞市,石碣镇光明路与同富东路交界的合信广场1号商业首层104号铺,,,23.101491,113.815985
,肯德基(东泰店),东莞,东莞市,辖东城区东泰花园东泰和商业街嘉荣商场首层,,,23.001084,113.764572
,肯德基(花城广场KFC),东莞,东莞市,辖莞城街道东门路莞城段66号147室,,,23.046262,113.761626
,肯德基(东莞记忆KFC),东莞,东莞市,辖莞城街道西隅中兴路67号101室,,,23.045509,113.744463
,肯德基(新地中心店),东莞,东莞市,西平新地中心西北门旁,,,22.989885,113.752078
,肯德基(怀丰DT店),东莞,东莞市,怀北路31号,,,22.837925,113.735925
,肯德基(龙湾万科KFC),东莞,东莞市,辖万江街道坝新路万科世纪水岸5栋裙楼商铺5-1065-107,,,23.021703,113.721219
,肯德基(东昇路店),东莞,东莞市,东城街道石井社区校园路1号卓峰花园1期7号商业楼,,,23.021308,113.800372
,肯德基(东莞天安店),东莞,东莞市,南城街道黄金路1号天安数码城6栋1单元108室,,,22.992936,113.708397
,肯德基(颐龙广场店),东莞,东莞市,高埗广场南路11号107室108室,,,23.088711,113.75526
,肯德基(厚街万达店),东莞,东莞市,莞太路与体育路交叉口万达广场1层,,,22.942195,113.672822
,肯德基(厚街汀山店),东莞,东莞市,汀山股份经济联合社三层商贸广场首层,,,22.931204,113.705319
,肯德基(茶山店),东莞,东莞市,怡华中路18号,,,23.070426,113.87309
,肯德基(三屯店),东莞,东莞市,厚街镇三屯村厚道路心连心购物广场1-2层,,,22.959332,113.678846
,肯德基(顺宏大厦店),东莞,东莞市,顺宏大厦,,,23.012006,113.814552
,肯德基(环城东路-店),东莞,东莞市,环城东路广汇商贸中心5栋101-103铺,,,23.058257,113.797787
,肯德基(远大店),东莞,东莞市,大井头村朗常路远大城市广场首层L120号铺,,,22.954419,113.948153
,肯德基(寮步店),东莞,东莞市,寮步镇神前路高力大厦1层,,,22.992768,113.888309
,肯德基(洪梅店),东莞,东莞市,桥东路112号,,,22.990278,113.610455
,肯德基(明珠路店),东莞,东莞市,明珠西路90号万和百货石碣店F1层,,,23.106484,113.815216
,肯德基(金融创新园店),东莞,东莞市,辖松山湖园区科技十路5号1栋101-102室,,,22.945722,113.887683
,肯德基(万象府KFC),东莞,东莞市,辖南城街道宏图路28号万象府20栋108室109室110室,,,22.997431,113.737853
,肯德基(汇星店),东莞,东莞市,滙星商业中心北门西60米,,,23.108795,113.870843
,肯德基(松湖烟雨店),东莞,东莞市,新竹路7号万科生活广场1F层,,,22.92999,113.89262
,肯德基(兴业路KFC),东莞,东莞市,辖麻涌镇大盛兴业路5号121室,,,23.044925,113.541375
,肯德基(中堂天安KFC),东莞,东莞市,辖中堂镇进园路89号中堂天安数码城3栋101-1室,,,23.095717,113.624922
,肯德基(源悦店),东莞,东莞市,寮步镇金兴路505号锦绣盛湖花园2号楼116-117室,,,22.979526,113.913987
,肯德基(东江之星店),东莞,东莞市,万江街道鸿福西路万江段8号东江之星商业中心15栋109室,,,23.020249,113.727306
,肯德基(龙湾奥特莱斯车速取餐厅),东莞,东莞市,辖万江街道万江银龙路(龙湾奥特莱斯西广场独栋1楼),,,23.034487,113.714563
,肯德基(中心城店),东莞,东莞市,虎门镇银龙路9号131室,,,22.81904,113.673354
,肯德基(沙田店),东莞,东莞市,沙田镇沙田大道102号万隆购物广场F1,,,22.902531,113.618645
,肯德基(企石宝石店),东莞,东莞市,企石振华路1号1001室,,,23.067539,114.016647
,肯德基(惠莞DT店),东莞,东莞市,地塘岭路38号,,,22.86435,113.821299
,肯德基(新桥路店),东莞,东莞市,石龙镇新桥路与绿化中路交汇处天和百货(石龙店)1F层,,,23.10863,113.85466
,肯德基(星城嘉荣购物广场店),东莞,东莞市,嘉荣购物广场1楼,,,23.038169,113.800679
,肯德基(松湖华为店),东莞,东莞市,辖松山湖高新技术产业开发区环湖路9号华为溪流背坡村H区H10栋负一楼H10-B1-RB01,,,22.880279,113.889241
,肯德基(金美店),东莞,东莞市,常平镇金美村万和百货广场一二层,,,22.967542,113.980828
,肯德基(东莞长安万达广场店),东莞,东莞市,东门中路1号万达广场万达百货2层2001,,,22.809374,113.819886
,肯德基(望牛墩店),东莞,东莞市,望牛墩镇望牛墩宝华路2号115室,,,23.050651,113.657282
,肯德基(东莞长安万达广场店),东莞,东莞市,长安镇霄边社区东门中路1号东莞长安万达广场2F层,,,22.809259,113.819798
,肯德基(厚街大道餐厅店),东莞,东莞市,厚街镇寮夏村厚街大道鼎盛时代广场1层,,,22.936315,113.676564
,肯德基(万润广场-店),东莞,东莞市,香市路万润财富中心1幢商业办公里楼首层1018-1019铺,,,22.993741,113.878221
,肯德基(东莞南环店),东莞,东莞市,厚街镇南环路盛和广场大润发超市1层,,,22.927541,113.655168
,肯德基(寮步欧尚店),东莞,东莞市,寮步镇香市路欧尚超市1层,,,23.003629,113.863285
,肯德基(松湖智谷店),东莞,东莞市,民福路6号松湖智谷科研中心3栋112室113室,,,22.970881,113.870235
,肯德基(东大店),东莞,东莞市,辖长安镇沙头区S358省道旁时代广场商业街首层,,,22.795149,113.776378
,肯德基(新东城万达KFC),东莞,东莞市,东纵路208号东城万达广场1栋1073-1074室,,,23.036009,113.779968
,肯德基(光大山湖城DT店),东莞,东莞市,大岭山镇连马路262号山湖城花园2幢107室108室109室110室,,,22.929675,113.826225
,肯德基(环湖路店),东莞,东莞市,辖松山湖高新技术产业开发区宁谐路1号126室127室,,,22.884494,113.902347
,肯德基(乌沙店),东莞,东莞市,长安镇乌沙振安路大润发广场首层,,,22.779621,113.789653
,肯德基(石大路店),东莞,东莞市,石大路山湖碧桂园三期,,,22.921344,113.855313
,肯德基(碧桂园里悦里店),东莞,东莞市,大朗镇富民中路193号碧桂园名座广场25号商业楼首层商铺139号商铺140号,,,22.933855,113.92677
,肯德基(中集智谷店),东莞,东莞市,辖松山湖园区南山路2号3栋101室102室,,,22.874691,113.867167
,肯德基(凯东店),东莞,东莞市,大岭山镇凯东新城凯旋阁D E栋一层S139-S142号商铺,,,22.901093,113.841609
,肯德基(麻涌店),东莞,东莞市,南烽路与麻涌大道交叉口嘉荣购物广场F1层,,,23.053461,113.582667
,肯德基(中山DT店),东莞,东莞市,横沥镇中山中路88号南铭购物广场1层,,,23.014661,113.971694
,肯德基(虎门中和店),东莞,东莞市,人民北路414号中和百货1-2层,,,22.831499,113.676013
,肯德基(文化广场店),东莞,东莞市,虎门太沙路64号,,,22.811842,113.674594
,肯德基(中堂中新店),东莞,东莞市,中堂镇中新商贸广场首层,,,23.090209,113.652079
,肯德基(东莞福海店),东莞,东莞市,长安镇厦岗福海路福源商场首层肯德基餐厅,,,22.79553,113.746306
,肯德基(上南路DT店),东莞,东莞市,长安镇上角社区上南路71号兴濠城广场首层,,,22.796208,113.71193
,肯德基(常平大道DT店),东莞,东莞市,还珠沥村乐购购物中心入口,,,22.959038,113.988295
,肯德基(石排店),东莞,东莞市,石排镇石排大道利丰城广场步行街区首层,,,23.080662,113.943818
,肯德基(中山东路店),东莞,东莞市,横沥镇横沥中山东路258号首层部分区域,,,23.006315,113.981557
,肯德基(丽城店),东莞,东莞市,常平镇嘉荣购物广场1层,,,22.981681,114.01436
,肯德基(市场路店),东莞,东莞市,常平镇新市场路百花广场一楼,,,22.974509,113.995314
,肯德基(绿荷居KFC),东莞,东莞市,辖松山湖园区工业西四路4号163室,,,22.969849,113.898222
,肯德基(领尚广场店),东莞,东莞市,大岭山镇玉屏路11号领尚天地商住区10栋1016、7、8、1020、1、2室,,,22.905636,113.828884
,肯德基(东莞蜂汇广场店),东莞,东莞市,东莞市辖蜂汇广场4号楼首层,,,22.982331,113.721243
,肯德基(东莞虎门赤岗店),东莞,东莞市,虎门镇赤岗南坊路48号108室,,,22.842857,113.709484
,肯德基(长安长青店),东莞,东莞市,长安镇长青南路303号怡安百货(长安店)F1层,,,22.812581,113.800121
,肯德基(虎门大宁店),东莞,东莞市,虎门镇宁馨中路102号益惠生活超市1层,,,22.812053,113.72225
,肯德基(万隆荟KFC),东莞,东莞市,辖沙田镇横流南路103号117室及118室,,,22.910811,113.619249
,肯德基(长安万科店),东莞,东莞市,长安镇万科广场1号7栋L018室首层肯德基,,,22.800231,113.799131
,肯德基(展览中心K咖啡小馆),东莞,东莞市,辖厚街镇家具大道2号2号楼1021室,,,22.902048,113.657321
,肯德基(霄边大街店),东莞,东莞市,长安镇霄边大街36号鼎峰商业广场12号商业楼首层部分区域,,,22.802511,113.81775
,肯德基(金沙湾店),东莞,东莞市,石龙镇西湖三路金沙湾购物广场首层,,,23.098687,113.858141
,肯德基(幸福花园店),东莞,东莞市,辖松山湖园区科信路5号126室127室128室129室,,,22.942168,113.872453
,肯德基(天钻车速取餐厅),东莞,东莞市,辖大岭山镇凯德路1号山湖花园17栋,,,22.969991,113.898026
,肯德基(靖海路店),东莞,东莞市,猫山北路95号大康惠F1层,,,22.775089,113.76066
,肯德基(大和国际KFC),东莞,东莞市,辖大朗镇富民中路399号115室,,,22.926818,113.933607
,肯德基(虎门万达广场-店),东莞,东莞市,虎门镇博涌社区万达广场二层2005、2006号商铺,,,22.833276,113.683855
,肯德基(虎门连升路店),东莞,东莞市,虎门镇连升中路地标广场(不夜天对面)天虹商场F1层,,,22.809529,113.687005
,肯德基(顺宏大厦车速取餐厅),东莞,东莞市,寮步镇横坑社区横中八路46号1栋103室,,,23.011976,113.814443
,肯德基(增田车速取餐厅),东莞,东莞市,辖长安镇新安社区西安路132号物业首层部分区域,,,22.820375,113.792525
,肯德基(茶山大润发发到家店),东莞,东莞市,茶山镇南社村金山路金贸商业广场首层部分区域,,,23.061305,113.894698
,肯德基(中正广场店),东莞,东莞市,长安镇长安东门中路82号121室及122室,,,22.811204,113.806942
,肯德基(虎门万科里店),东莞,东莞市,虎门长德路38号114栋131-132室,,,22.814084,113.707987
,肯德基(东兴路店),东莞,东莞市,东坑镇东兴中路125号锦绣豪园1栋商业、办公楼1层1-02号商铺,,,22.996293,113.943428
,肯德基(黄江店),东莞,东莞市,黄江镇袁屋围商业大厦首层,,,22.910124,114.002765
,肯德基(临海路KFC),东莞,东莞市,辖沙田镇沙田大道277号5栋105室,,,22.845725,113.627575
,肯德基(富民中路店),东莞,东莞市,富民中路721号1073室1076室,,,22.914125,113.960288
,凯达肯德基KCOFFEE,东莞,东莞市,凯达南路与科创路交叉口西160米,,,22.937524,113.738402
,肯德基(香芒路店),东莞,东莞市,香芒西路229号家宜多购物广场(清溪店),,,22.848625,114.146875
,肯德基,东莞,东莞市,新明路76号缤纷时代广场,,,22.829425,114.106375
,肯德基(黄江环城路店),东莞,东莞市,黄江镇环城路101号天虹商场F1层,,,22.914767,114.013641
,肯德基(凤岗店),东莞,东莞市,永盛大道新高广场首层,,,22.743456,114.13893
,肯德基(天安·深创谷店)(装修中),东莞,东莞市,天安深创谷W6栋,,,22.704239,114.182347
,肯德基(东进店),东莞,东莞市,黄江镇社贝村旺角城广场1层,,,22.913144,114.029539
,肯德基(林村店),东莞,东莞市,塘厦镇宏业北路1号金地世纪广场首层第11栋113-114-115 116号商铺,,,22.835837,114.087929
,肯德基(田心店),东莞,东莞市,塘厦田心路82号1栋1003室,,,22.794296,114.055825
,肯德基(天荣店),东莞,东莞市,西路2号悦港汇首层肯德基,,,22.810527,114.081329
,肯德基(樟木头店),东莞,东莞市,樟木头镇永宁路樟罗商业城首层,,,22.904791,114.067128
,肯德基(华为团泊洼店),东莞,东莞市,台中路与阿里山路交叉口西380米,,,22.898812,113.927603
,肯德基(滨海湾店),东莞,东莞市,辖滨海湾新区湾区大道1号9栋103室,,,22.751301,113.741492
,肯德基(长安欧珀研发中心店),东莞,东莞市,新鸿路与雅信巷交叉口西北120米,,,22.813625,113.814425
,肯德基(广东酒店管理职业技术学院店),东莞,东莞市,厚街镇生态文化教育生态园区广东酒店管理职业技术学院实训楼首层101室,,,22.936492,113.721442
,肯德基(常平东站店),东莞,东莞市,常平镇京九商贸城1层,,,22.96588,114.038197
,肯德基(谢岗店),东莞,东莞市,谢岗镇花园大道81号谢岗村泰园(新地时代广场)一层部分区域,,,22.961469,114.142725
,肯德基(福民路餐厅),东莞,东莞市,辖寮步镇寮步福民路36号心语花园20栋101室,,,22.990549,113.836122
,肯德基(清溪店),东莞,东莞市,香芒东路51号清溪镇居民管理区办公楼首层,,,22.838873,114.165862
,肯德基(塘厦天虹店),东莞,东莞市,塘厦大道中38号天虹购物中心塘厦店F1,,,22.824332,114.098009
,肯德基(花园新街店),东莞,东莞市,花园新街46麓森广场花园街店F1层,,,22.816531,114.099909
,肯德基(莲湖DT店),东莞,东莞市,塘厦镇塘厦大道中79-3和-4号,,,22.821565,114.100351
,肯德基(互联网产业园店),东莞,东莞市,寮步镇松山湖园区工业西路14号2栋101室,,,22.952675,113.889525
,肯德基(锦龙湾畔店),东莞,东莞市,雁田村镇田北路81号,,,22.706825,114.167025
,肯德基(帝豪路店),东莞,东莞市,樟木头镇帝豪路1号汇景香樟公馆三区十三商业 办公楼121部分区域首层F1026商铺,,,22.912629,114.082425
,肯德基(高尔夫店),东莞,东莞市,塘厦镇高裕南路193号(骏景高尔夫花园)25栋114室,,,22.752598,114.081396
,肯德基(珠江东岸餐厅),东莞,东莞市,辖麻涌镇望海路3号碧海蓝湾花园六期126栋107室,,,23.027894,113.590141
,肯德基(金泰丰店),东莞,东莞市,清溪镇鹿鸣路56号清溪商会大厦125之1011商铺,,,22.837679,114.168899
,肯德基(凤深大道KFC),东莞,东莞市,辖凤岗镇雁田怡安中路1号126室,,,22.692462,114.168008
,肯德基(财富中心DT),东莞,东莞市,辖清溪镇谢坑路2号102室之一,,,22.794733,114.14762
,肯德基(光大山湖城车速取餐厅),东莞,东莞市,辖大岭山镇连马路262号山湖城花园2幢107室108室109室110室,,,22.930085,113.825069
,肯德基(金正和店),东莞,东莞市,塘厦东兴路2号1栋1011室,,,22.803323,114.095097
,肯德基(智汇港店)(暂停营业),东莞,东莞市,塘厦镇蛟坪路95号智汇港1栋101室,,,22.777593,114.048935
,肯德基(港鸿基创意园店),东莞,东莞市,港鸿基创意园东门旁,,,22.842488,113.978017
,肯德基(福康路餐厅),东莞,东莞市,辖长安镇上沙中南北路84号1号楼101室,,,22.783746,113.751401
,肯德基(桥头桥光大道店),东莞,东莞市,桥头镇桥光大道桥头段165号上悦汇首层肯德基,,,23.019002,114.098349
,肯德基(都市智谷店),东莞,东莞市,凤岗镇金鹏路19号7栋102室,,,22.739264,114.165369
,肯德基(亨达商业广场店),东莞,东莞市,塘厦镇塘龙西路45号1006室,,,22.799974,114.052886
,肯德基(OPPO研发中心KFC),东莞,东莞市,辖长安镇长安发展路18号7栋116室117室,,,22.901154,114.090295
,肯德基(城邦大道店),东莞,东莞市,789潮客商业文化街区肯德基,,,22.721027,114.202422
,肯德基(华桂园餐厅),东莞,东莞市,辖清溪镇三星村行政中心区华桂园五期17号商业住宅楼商铺106-107-108室一层,,,22.821845,114.163393
,肯德基(万科朗润园餐厅),东莞,东莞市,辖塘厦镇东深南路12号万科朗润园一区24栋107室,,,22.799134,114.116873
,肯德基(翔龙天地店),东莞,东莞市,"常平镇板石村常平大道88号翔龙天地广场9幢首层1014号铺,二层2002号铺",,,22.972155,114.003471
,肯德基甜品站(清溪店),东莞,东莞市,商业街与香芒东路交叉口南20米,,,22.838953,114.16571
,高尔夫KFC(骏景高尔夫花园店),东莞,东莞市,高裕南路193号骏景高尔夫花园,,,22.749875,114.082825
,肯德基(白沙塘店)(暂停营业),东莞,东莞市,罗沙村东纵大道地王广场E5区1层,,,23.038665,113.765997
,肯德基车速取餐厅(大岭山服务区东莞方向),东莞,东莞市,G9411莞佛高速入口与大岭山服务区交叉口东南约120米,,,22.86269,113.821346
,肯德基车速取餐点(虎门大道店),东莞,东莞市,虎门大道虎越森林2期肯德基,,,22.823275,113.690225
,肯德基车速取餐点(远大店),东莞,东莞市,朗东路8号德汇嘉里广场大朗店F1层,,,22.954425,113.948175
,肯德基车速取餐点(厚街汀山店),东莞,东莞市,百悦商业中心,,,22.931225,113.705475
,肯德基车速取餐点(东莞东城中路店),东莞,东莞市,家具大道东1号之一104室,,,22.902364,113.661933
,肯德基车速取餐点(香芒路店),东莞,东莞市,家宜多购物广场(清溪店),,,22.848826,114.147041
,肯德基车速取餐点(东莞虎门赤岗店),东莞,东莞市,体育路与赤岗南坊三路交叉口东40米,,,22.84294,113.709512
,肯德基(传感园店),无锡,滨湖区,高浪东路999号国家传感信息中心B2栋1层,,,31.502502,120.342905
,肯德基(无锡万象城店),无锡,滨湖区,金石路88号无锡万象城B1-4、11、14号商铺,,,31.512827,120.282
,肯德基(和畅店),无锡,滨湖区,蠡河西路与和畅路交叉口西南侧和畅睦邻中心一层L1-102-1,,,31.493196,120.33917
,肯德基(大通路店),无锡,滨湖区,瑞景路1236号落霞睦邻中心F1层,,,31.510472,120.328816
,肯德基(江南大悦城店),无锡,滨湖区,江南大悦城一楼星巴克斜对面,,,31.49413,120.275301
,肯德基(中南店),无锡,梁溪区,梁溪区贡湖大道2-8号方圆荟1层,,,31.535975,120.291125
,肯德基(方糖店),无锡,滨湖区,德先路与信成道交叉口信成花园61-8-9-1,,,31.490742,120.297114
,肯德基(海岸城店),无锡,滨湖区,立信大道168号海岸城1层,,,31.489022,120.302324
,肯德基(新区软件园店),无锡,新吴区,和风路北侧天佑城市商业中心A-1栋1层,,,31.491467,120.372661
,肯德基(新区店),无锡,新吴区,行创六路6号,,,31.528709,120.385114
,肯德基(蠡园开发区店),无锡,滨湖区,建筑路599号和明园路交叉口西南侧一层,,,31.547629,120.247649
,肯德基(春江店),无锡,锡山区,学前东路与华夏路的东北角,,,31.580336,120.352825
,肯德基(青祁店),无锡,滨湖区,大润发超市一楼肯德基,,,31.533383,120.272093
,肯德基(蠡溪店),无锡,滨湖区,蠡溪路与建筑路交叉口西北侧,,,31.549529,120.261537
,肯德基(清扬店),无锡,梁溪区,梁溪区五星家园123号沃尔玛1楼,,,31.540661,120.319865
,肯德基(K-park店),无锡,滨湖区,绣溪路50号一层124-1铺位,,,31.4694,120.269735
,肯德基(无锡城际店),无锡,梁溪区,梁溪区通江街道无锡综合交通枢纽B2地块综合楼,,,31.588168,120.307166
,肯德基(欧尚店),无锡,新吴区,长江北路288号(叙丰地铁站2号口步行480米),,,31.569727,120.333968
,肯德基(远洋店),无锡,新吴区,新吴区净慧东道6-123号6-124号6-125号6-129号-130号一层,,,31.47063,120.37144
,肯德基(春潮店),无锡,新吴区,新光路555号新之城全生活广场乐购超一层,,,31.563003,120.375989
,肯德基(旺庄店),无锡,新吴区,宝龙国际公寓B幢东南门西南50米,,,31.53948,120.350712
,肯德基(欣旺店),无锡,新吴区,新吴区新区长江北路东面与红旗路南面交汇处一层肯德基KFC餐厅,,,31.546061,120.355544
,肯德基(大润发店),无锡,滨湖区,青祁路66号,,,31.558887,120.269516
,肯德基(朝阳店),无锡,梁溪区,中山路131号-135号(南禅寺地铁站1号口旁),,,31.568517,120.304848
,肯德基(新胜利店),无锡,梁溪区,中山路618号无锡亿百茂业天地购物中心一层,,,31.583472,120.29787
,肯德基(锡兴店),无锡,新吴区,新吴区新吴区新吴区锡兴路与金城东路交叉口西北侧,,,31.567206,120.365484
,肯德基(融创茂店),无锡,滨湖区,万达文化旅游城66号融创茂1037B1038号商铺,,,31.448367,120.272282
,肯德基(滨河睦邻店),无锡,梁溪区,[],,,31.531711,120.313396
,肯德基(易买得店),无锡,锡山区,锡沪路与友谊路交汇口(东亭地铁站8号口旁),,,31.58292,120.363155
,肯德基(清扬茂业店),无锡,梁溪区,清扬路128号茂业天地B座B1层,,,31.550145,120.309613
,肯德基(新阳光店),无锡,梁溪区,梁溪区红星路207号101商铺,,,31.549724,120.290006
,肯德基(新广益店),无锡,梁溪区,广南路广益路交叉口西南侧,,,31.593109,120.336056
,肯德基(无锡机场店),无锡,新吴区,机场路1号苏南硕放国际机场候机楼商铺A-F-16,,,31.498795,120.43399
,肯德基(长江茂业店),无锡,新吴区,长江路1号茂业百货F1层,,,31.542314,120.358491
,肯德基(雪浪小镇DT店),无锡,滨湖区,滨湖区经济开发区清舒道60号4号楼一层,,,31.482002,120.318816
,肯德基(新五爱店),无锡,梁溪区,梁溪区人民西路6062号,,,31.575646,120.291676
,肯德基(三阳精选店),无锡,梁溪区,人民路崇安寺步行街皇亭广场1003号,,,31.576437,120.300868
,肯德基(中环店),无锡,惠山区,钱桥街道钱桥社区恒达中环国际1层,,,31.600109,120.23316
,肯德基(火车站南广场精选店)(暂停营业),无锡,梁溪区,车站路1号无锡站2F层,,,31.587237,120.305344
,肯德基(永乐大统华店),无锡,新吴区,东风家园二期D7栋物业大统华超市永乐店一层,,,31.572436,120.32858
,肯德基(乐都汇店),无锡,梁溪区,广瑞路399号无锡广瑞碧乐城商场一层铺位号L1001、L1105-2,,,31.588612,120.31413
,肯德基(高新万达店),无锡,新吴区,泰山路180号无锡高新万达广场1039号,,,31.547961,120.392257
,肯德基(星光里店),无锡,新吴区,富力星光里商业街S1号楼首层551-1551-2号商铺,,,31.562846,120.361143
,肯德基(瑞景店),无锡,滨湖区,华庄街道易家福超市一层肯德基瑞景餐厅,,,31.474495,120.339835
,肯德基(无锡长安店),无锡,惠山区,春惠路156号长安哥伦布广场西区F1层,,,31.67567,120.357198
,肯德基(新公园店),无锡,梁溪区,崇安寺二期公园街105号93-202号,,,31.578729,120.299653
,肯德基(锡山圆融店),无锡,锡山区,东北塘街道承塘路西东政路南家悦商业中心1号楼一层铺位号A127号,,,31.627577,120.352724
,肯德基(无锡商业大厦店),无锡,梁溪区,中山路343号东方广场B1层,,,31.577044,120.298814
,肯德基(无锡东站店),无锡,锡山区,京沪高铁无锡东站到达层及站外WXD-B1-07号经营场所,,,31.596753,120.460614
,肯德基(无锡车站精选店),无锡,梁溪区,车站路1号无锡站F2层(无锡火车站地铁站2号口旁),,,31.589798,120.306625
,肯德基(百乐店),无锡,惠山区,钱桥镇镇区盛岸西路南侧1+2层,,,31.606316,120.242913
,肯德基(北闸街店),无锡,梁溪区,国信大厦B座东南门西北80米,,,31.587851,120.295311
,肯德基(无锡荟聚店),无锡,锡山区,锡山经济开发区团结中路3号无锡荟聚中心03B03,,,31.583343,120.395676
,肯德基(人民路红豆店),无锡,梁溪区,梁溪区梁溪区梁溪区人民东路531号无锡人民路红豆万花城一层铺位号111B号101号,,,31.586395,120.325408
,肯德基(查桥店),无锡,锡山区,安镇街道锡沪路与镇南路交汇处查桥商业广场一层,,,31.594786,120.425952
,肯德基(安镇店),无锡,锡山区,锡沪路大润发1层,,,31.605095,120.469736
,肯德基(惠山店),无锡,惠山区,经济技术开发区新世纪时代广场华润万家F1(近锡澄路),,,31.677277,120.295569
,肯德基(新硕放店),无锡,新吴区,硕放11生活广场肯德基,,,31.471915,120.447153
,肯德基(江南大学餐厅),无锡,滨湖区,蠡湖大道1800号江南大学南区商业街3-6号19-20号一层及二层,,,31.477119,120.274624
,肯德基(新东汇店),无锡,滨湖区,太湖街道周新中路188新东国际广场-1001号一层,,,31.508012,120.29508
,肯德基(洛城店),无锡,惠山区,洛社镇洛城大道115号,,,31.62769,120.215459
,肯德基(八士店),无锡,锡山区,锡北镇八士天富商业楼1-152号,,,31.651449,120.39138
,肯德基(新吴万达店),无锡,新吴区,震泽路31号至33号万达广场,,,31.484633,120.364021
,肯德基(北邮国昊店),无锡,新吴区,弘毅路11-1-4无锡北邮国昊物联生态园,,,31.476041,120.375055
,肯德基(世博广场店),无锡,新吴区,无锡市新吴区世博广场长江北路106号,,,31.558821,120.345277
,肯德基(惠山软件园店),无锡,惠山区,惠山经济开发区智慧路22号一层,,,31.681846,120.321426
,肯德基(生命科技园DT店),无锡,滨湖区,梅梁路94号,,,31.453707,120.10186
,肯德基(滨湖万达店),无锡,滨湖区,河埒口梁溪路35号万达广场F1层,,,31.561992,120.265774
,肯德基(清源店),无锡,新吴区,清源路8号-3,,,31.477369,120.386291
,肯德基(新永乐餐厅),无锡,梁溪区,清扬路39号一层L1-1011商铺,,,31.557091,120.304452
,肯德基(新友店),无锡,新吴区,梅村街道新友北路以东锡义路以南第1至8号楼幢1095单元1层2096单元2层,,,31.545865,120.441954
,肯德基(新惠泉店),无锡,梁溪区,梁溪区梁溪区梁溪区盛岸西路与石门路交叉口西北角26号一层,,,31.597735,120.259124
,肯德基(胡埭店),无锡,滨湖区,安泰路19号,,,31.544775,120.13723
,肯德基(阳光里店),无锡,惠山区,天一路与水澄路交汇处阳光壹佰国际城阳光里商业街区B4项目一层402,,,31.639125,120.284175
,肯德基(无锡滨湖万象汇店),无锡,滨湖区,太湖大道1688号无锡滨湖万象汇B1层B119号,,,31.541795,120.261773
,肯德基(盛唐店),无锡,梁溪区,梁溪区凤宾路与民丰路交汇处大润发内,,,31.603334,120.292891
,肯德基(惠山正大店),无锡,惠山区,华惠路惠山大道绿地世纪城600号正大乐城1F-03a2F-03b商,,,31.662921,120.315988
,肯德基(前洲店),无锡,惠山区,前洲镇前洲村塘村村前洲商贸财富中心1+2层,,,31.693071,120.214526
,肯德基(和泽店),无锡,锡山区,东兴路71号,,,31.613679,120.479966
,肯德基(洛社店),无锡,惠山区,新兴西路3号哥伦布六龙城一层二层,,,31.642284,120.186892
,肯德基(梁溪万达店),无锡,梁溪区,梁溪区广南路388号梁溪万达广场1楼,,,31.590227,120.337925
,肯德基(青石店),无锡,梁溪区,梁溪区青石路和凤宾路交叉口东北侧,,,31.593023,120.287297
,肯德基(樱花大道店),无锡,滨湖区,独月路,,,31.546975,120.214725
,肯德基(锡港店),无锡,锡山区,锡北镇锡港南路北西新路西一层,,,31.658808,120.437337
,肯德基(惠山万达店),无锡,惠山区,吴韵路321号万达广场,,,31.673892,120.300164
,肯德基(锡东八佰伴店),无锡,锡山区,锡沪东路11-22号八佰伴负一层B1003B1004B铺位,,,31.585203,120.349274
,肯德基(锡山麦德龙DT店),无锡,锡山区,团结南路2号一层麦德龙超市,,,31.578409,120.39113
,肯德基(天上村前店),无锡,惠山区,堰新西路111号天上春前一层,,,31.685306,120.277717
,肯德基(震泽和风里餐厅),无锡,滨湖区,和风路与信成道交叉口东南侧和风里一层1F10-11F10-3铺位,,,31.475993,120.298411
,肯德基(梁清店),无锡,滨湖区,梁清路600号华润万家大买场,,,31.557041,120.255332
,肯德基(羊尖店),无锡,锡山区,育才路12号京润发超市一楼入口旁,,,31.61952,120.552333
,肯德基(阳山店),无锡,惠山区,阳山镇陆畅路北侧陆兴路西侧1层,,,31.569856,120.098248
,肯德基(梁东路车速取店),无锡,梁溪区,梁东路南40米,,,31.514412,120.314921
,肯德基(惠山古镇餐厅),无锡,梁溪区,通惠西路与古华山路交叉口东南侧308大礼堂地块1号楼一层,,,31.584322,120.274247
,肯德基(朝阳餐厅),无锡,梁溪区,无锡地铁1号线南禅寺站1层运营附属配套用房,,,31.567647,120.308152
,肯德基(江阴文林店),无锡,江阴市,文化路118号,,,31.719525,120.406275
,肯德基(红船场店),无锡,梁溪区,梁溪区新惠路18号红船场1-21-31-4商铺,,,31.593822,120.274152
,肯德基(学院店)(暂停营业),无锡,惠山区,藕塘职教园青春假日街区D6-106,,,31.581225,120.186375
,肯德基(北塘大统华店),无锡,梁溪区,龙塘家园193号大统华(无锡北塘店),,,31.626167,120.282008
,肯德基(梁溪圆融餐厅),无锡,梁溪区,锡澄路262号B1层肯德基,,,31.602602,120.305639
,肯德基(东北塘店),无锡,锡山区,东北塘街道东亭路星叶生活广场一层,,,31.618501,120.363257
,肯德基(无锡硕放机场餐厅),无锡,新吴区,硕放街道航发路1号苏南硕放国际机场T2航站楼候机楼D-1,,,31.506163,120.434563
,肯德基(新韵奥莱店),无锡,新吴区,锡勤路18号百联奥特莱斯广场1层109-101,,,31.521286,120.448695
,肯德基(鸿山店),无锡,新吴区,鸿山街道鸿运路与欣鸿路交汇处东北角房产一层,,,31.494213,120.486581
,肯德基(三阳精选店),无锡,梁溪区,地铁1号线商业街三阳广场站北翼,,,31.575876,120.301407
,肯德基(藕乐汇店),无锡,惠山区,钱桥街道藕塘藕乐汇生活广场1221-1222-1223号,,,31.600625,120.181748
,肯德基(长泾店),无锡,江阴市,长泾镇人民路长隆广场1号2号11号一层,,,31.747773,120.473828
,肯德基(彩旸生活中心店),无锡,梁溪区,永乐东路35号,,,31.564406,120.314599
,肯德基(珺悦mall餐厅),无锡,新吴区,新安街道宁嘉路珺悦mall商厦2-118/119/120号,,,31.488678,120.383279
,肯德基(宜兴新源大统华店),无锡,宜兴市,新庄街道新源路商业广场D幢11室12室一层,,,31.364014,119.890769
,肯德基(新苏店),无锡,宜兴市,太滆路17号,,,31.370275,119.817675
,肯德基(无锡学院店),无锡,锡山区,锡山大道333号无锡学院桃园食堂1层,,,31.581814,120.467943
,肯德基(旺庄老街里车速取餐厅),无锡,新吴区,旺庄街道新光嘉园8-5-101一层,,,31.536256,120.341487
,肯德基(彩旸广场车速取餐厅),无锡,梁溪区,永乐西路彩旸广场,,,31.564071,120.313328
,肯德基(拈花店),无锡,滨湖区,马山街道灵山拈花湾度假村2-176号铺位,,,31.41807,120.07378
,肯德基(锡东九里仓店),无锡,锡山区,锡东新城商务区先锋东路九里仓商业中心一层,,,31.592992,120.451318
,肯德基(杨市园大街店),无锡,惠山区,杨墅苑1栋1单元1层1111-1112-1117-1118,,,31.626503,120.138919
,肯德基(无锡商校店)(暂停营业),无锡,滨湖区,知行路与春晖路交叉口北20米,,,31.560007,120.172351
,肯德基(荡口古镇店),无锡,锡山区,鹅湖镇北新巷2号6号8号一二层,,,31.527069,120.550502
,肯德基(五星店),无锡,江阴市,大润发,,,31.905902,120.238154
,肯德基(少年宫店),无锡,梁溪区,人民东路358号少年宫内,,,31.586373,120.320067
,肯德基(宜兴城中大统华店),无锡,宜兴市,人民中路237号一层,,,31.366354,119.819051
,肯德基(澄西大统华店),无锡,江阴市,文富北路178号一层,,,31.908318,120.244928
,肯德基(新泳安店),无锡,宜兴市,氿滨南路125号大润发(宜兴店)1层,,,31.341407,119.804604
,肯德基(山观店),无锡,江阴市,城东街道山源村龙山大街北蟠龙花园二期155单元1-2层,,,31.919481,120.354961
,肯德基(长山店),无锡,江阴市,江阴市开发区石山路东石牌路南-港龙商业广场1-2层,,,31.939042,120.344673
,肯德基(华士店),无锡,江阴市,华士镇和平弄2号1-3层,,,31.831293,120.468207
,肯德基(天鹤店),无锡,江阴市,天鹤路乐天玛特一楼,,,31.905641,120.294262
,肯德基甜品站(新公园店),无锡,梁溪区,公园街105(三阳广场地铁站9号口步行130米),,,31.578666,120.299486
,肯德基(人民桥店),无锡,江阴市,人民中路18号一层,,,31.904551,120.277414
,肯德基(江阴城南DT店),无锡,江阴市,中山路东通运路北侧新河天地一层,,,31.891588,120.267797
,肯德基(长寿店),无锡,江阴市,周庄镇永安路东侧长和新天地广场一层,,,31.811808,120.381005
,肯德基(周庄中翔店),无锡,江阴市,周庄镇世纪大道南288号中翔广场一层,,,31.855958,120.395933
,肯德基(江阴五洲店),无锡,江阴市,常澄路与辽河路交汇处五洲国际广场1层,,,31.851201,119.992793
,肯德基(江阴峭岐店),无锡,江阴市,峭岐人民路北侧德诚云禧广场一层,,,31.811093,120.296963
,肯德基(高塍店),无锡,宜兴市,高塍镇新城路150号,,,31.450337,119.821646
,KFC(茂业天地清扬店B座),无锡,梁溪区,清扬路128号茂业天地B座F1层,,,31.549822,120.308123
,肯德基(和桥店),无锡,宜兴市,和桥镇劳动居委西横街89号,,,31.483024,119.887658
,肯德基(江阴新桥店),无锡,江阴市,陶新路292号绿苑居1号楼一层,,,31.807041,120.50809
,肯德基(蛟桥店),无锡,宜兴市,人民中路228号F1层G4,,,31.367206,119.818641
,肯德基(新澄店),无锡,江阴市,人民中路150-158号江阴银泰百货1F层,,,31.906805,120.269215
,肯德基(澄西万达店),无锡,江阴市,人民西路281号万达广场2层2066-2069,,,31.898653,120.241974
,肯德基(江阴家乐福店),无锡,江阴市,绮山路290号,,,31.890412,120.289922
,肯德基(新周店),无锡,江阴市,周庄镇西大街125号周庄大统华超市旁,,,31.862688,120.407517
,肯德基(东璟大厦DT店),无锡,锡山区,东璟大厦一层,,,31.598403,120.352633
,肯德基(万石吉麦隆店),无锡,宜兴市,[],,,31.47762,119.935488
,肯德基(宜兴团氿店),无锡,宜兴市,新城路89号91号1+2层,,,31.35925,119.803108
,肯德基(金顾山公园店),无锡,江阴市,[],,,31.739579,120.557173
,肯德基(虹桥店),无锡,江阴市,虹桥南路256-282号八佰伴(南门店)F1层,,,31.896902,120.2703
,肯德基(阳羡店),无锡,宜兴市,阳羡东路大润发超一层KFC0510-,,,31.369206,119.839656
,肯德基(延陵店),无锡,江阴市,延陵路528号,,,31.908159,120.304204
,肯德基(深国投店),无锡,江阴市,澄江中路87-89号新一城F1层,,,31.923822,120.296603
,肯德基(广益路车速取餐厅),无锡,梁溪区,广益路与北新河交叉口西北侧(532号)一层,,,31.599073,120.313889
,肯德基(锡东红豆店),无锡,锡山区,东翔路558号锡东红豆万花城一层A123铺位,,,31.592281,120.458319
,肯德基(璟隆广场店),无锡,新吴区,梅村街道新锦路80号至82号璟隆广场,,,31.544825,120.447025
,肯德基(红塔路店),无锡,宜兴市,雁行东路南侧一层,,,31.389793,119.807618
,肯德基(马山睦邻中心店),无锡,滨湖区,梅梁路28号祥和睦邻中心1层铺位号18号,,,31.460138,120.116031
,肯德基(太湖号移动餐车店),无锡,新吴区,坊和路与坊广路交叉口西20米,,,31.569919,120.406171
,肯德基(水岸佳苑店),无锡,锡山区,安镇街道水岸佳苑70号一层,,,31.594708,120.481797
,肯德基(璜塘店),无锡,江阴市,徐霞客镇璜塘金都街5号一层,,,31.75778,120.342252
,肯德基(滨河睦邻车速取餐厅),无锡,梁溪区,滨河雅园4-3-农贸市场一层,,,31.531655,120.313358
,肯德基(梅里古镇餐厅),无锡,新吴区,梅村街道吴音水岸91号一层铺位209-,,,31.541675,120.438925
,肯德基(东港店),无锡,锡山区,东港镇香山路南健康路东一层,,,31.701001,120.545495
,肯德基(玉祁店),无锡,惠山区,玉祁街道堰玉路80号玉祁初级中学一层,,,31.713217,120.187776
,肯德基(丁蜀店),无锡,宜兴市,人民路以东蠡蜀路以南嘉华广场西侧D区,,,31.258075,119.848975
,肯德基(宜兴八佰伴店),无锡,宜兴市,解放东路288号八佰伴生活广场(长圩路店)1F层,,,31.358554,119.84371
,肯德基(桃溪店),无锡,宜兴市,张渚镇人民南路1号,,,31.265277,119.633923
,肯德基(阳泉店),无锡,宜兴市,宜城街道阳泉中路396号,,,31.381984,119.817809
,肯德基(江阴美嘉城店),无锡,江阴市,城东街道敔山湾银桂路美嘉城一层,,,31.887854,120.332299
,肯德基(江阴COCOCity店),无锡,江阴市,秦望山路19号1-3幢江阴星河COCOCity商场L1-002号,,,31.9327,120.307115
,肯德基(中石化宜兴阳泉店),无锡,宜兴市,宜兴氿西路218号,,,31.386495,119.797447
,肯德基(祝塘店),无锡,江阴市,祝塘镇镇北路315号现代生活广场一层315-6、315-7号铺位,,,31.774913,120.418433
,肯德基(申港红豆店),无锡,江阴市,红豆万花城1层117,,,31.898502,120.135278
,KFC(八佰伴中心店),无锡,锡山区,东亭街道锡沪路东亭西段1号八佰伴中心B1层,,,31.58513,120.350355
,肯德基(太湖学院店)(暂停营业),无锡,滨湖区,钱荣路60号无锡太湖学院校内9号楼一层,,,31.570275,120.225758
,肯德基(徐舍店),无锡,宜兴市,徐舍镇虹新路4号一层,,,31.396164,119.659416
,肯德基(吴越水街车速取餐厅),无锡,新吴区,鸿山街道锡梅路与飞凤路交叉口西北侧美华里吴越水街D1017D1018一层,,,31.509469,120.500288
,肯德基(宜兴车站店),无锡,宜兴市,宜城镇氿滨北路320号,,,31.382134,119.811284
,肯德基(江阴申港店),无锡,江阴市,江阴临港经济开发区镇澄路以北、航空设备厂以西、临港街道粮埠河以南,,,31.886326,120.146444
,肯德基(江阴利港店),无锡,江阴市,利港镇兴港路418号华平广场F1层,,,31.909591,120.078416
,肯德基(长江之心店),无锡,江阴市,临港新城珠江路2-8号,,,31.902278,120.192197
,肯德基(东氿万达店),无锡,宜兴市,宜城街道城东H地块万达广场2号门2楼(星巴克楼上),,,31.363734,119.849265
,肯德基(三阳精选店),无锡,梁溪区,"中山路343号大东方百货A栋B2层地铁一号线三阳广场站北翼商铺4-6号,9号口下步行10米",,,31.57754,120.299778
,肯德基(周铁梦想城店),无锡,宜兴市,周铁大梦想城·亲子游乐园南1门旁,,,31.42909,120.000856
,肯德基(丁蜀宝龙店),无锡,宜兴市,丁蜀镇赵庄社区丁蜀宝龙广场M1L1-037/038L2-035号商,,,31.271544,119.836712
,肯德基(飞马水城店),无锡,江阴市,新桥镇庄园路88号飞马商场1+2层,,,31.796276,120.500024
,肯德基(云亭店),无锡,江阴市,云亭镇云新路35号一层,,,31.861877,120.340824
,肯德基(官林梦想城店),无锡,宜兴市,官林镇官丰路西侧官林梦想城一层,,,31.51038,119.719165
,肯德基(江阴月城餐厅),无锡,江阴市,月城镇花园路25号,,,31.805425,120.226175
,肯德基(江阴中石化先锋DT店),无锡,江阴市,绮山路28号先锋加油站,,,31.898832,120.285322
,肯德基(江阴璜土店),无锡,江阴市,璜土镇迎宾东路9号11号一层,,,31.871066,120.041468
,肯德基(澄东吉麦隆店),无锡,江阴市,人民东路977号吉麦隆贯庄店一层,,,31.896983,120.312763
,肯德基(东郊睦邻餐厅),无锡,宜兴市,学府农贸市场一层,,,31.377157,119.869477
,肯德基(青阳吉麦隆生活卖场店),无锡,江阴市,青阳镇公园路28号吉麦隆生活卖场(青阳店),,,31.761887,120.258021
,肯德基(新长江车速取餐厅),无锡,江阴市,夏港街道新长江路350-1-2号,,,31.890387,120.210071
,肯德基(张渚梦想城店),无锡,宜兴市,张渚大梦想城,,,31.254182,119.631205
,肯德基(顾山车速取餐厅),无锡,江阴市,顾山镇金顾山公园停车场配套用房一层,,,31.739698,120.557136
,肯德基(窑湖小镇餐厅),无锡,宜兴市,张渚镇窑湖小镇景区荆溪街22-1号商铺,,,31.211522,119.675439
,KFC(万达广场),无锡,江阴市,人民西路281号万达广场2层2066-2069,,,31.898672,120.241971
,肯德基(江阴利港车速取餐厅),无锡,江阴市,利港镇兴港路华平广场一层,,,31.909458,120.078446
,肯德基(荟聚甜品站KFC),无锡,锡山区,团结中路3号无锡荟聚中心四楼,,,31.58377,120.395056
,肯德基(江阴青阳店),无锡,江阴市,青阳镇府前路183号101室,,,31.762475,120.272175
,肯德基车速取餐点(太湖新城店),无锡,滨湖区,华润万家太湖万顺路一层,,,31.501184,120.285136
,肯德基车速取餐点(瑞景店),无锡,滨湖区,瑞景道199号华庄商业广场F1层,,,31.474513,120.339777
,肯德基车速取餐点(梁溪圆融店),无锡,梁溪区,融禾花苑商铺18-17华阳通明中医养生堂门前停车场,,,31.601325,120.304825
,肯德基(紫阳店),福州,晋安区,长乐北路王庄大润发一层商店街1号铺,,,26.080046,119.327107
,肯德基(师大学生街店),福州,仓山区,施埔路2号,,,26.036744,119.312448
,肯德基(五四路店),福州,鼓楼区,中的一层编号02商铺鼓东街道五四路118号(原与化民营路交叉处)闽侨大厦1-3层03商业,,,26.090483,119.306222
,肯德基(津泰店),福州,鼓楼区,津泰路222号,,,26.082425,119.306623
,肯德基(北二环店),福州,鼓楼区,北二环中路屏山苑1层,,,26.108564,119.297438
,肯德基(龙湖·天曜店),福州,晋安区,茶香路与化工路交叉口南360米龙湖天曜B1号楼,,,26.086459,119.344287
,肯德基(大儒店),福州,鼓楼区,洪山镇梅峰路2号仁文大儒世家国光新区F地块2号一层09商铺及10商业-0,,,26.09128,119.260939
,肯德基(宝龙店),福州,台江区,工业路193号宝龙城市广场一二层店面,,,26.061939,119.290979
,肯德基(温泉店),福州,鼓楼区,六一北路312号(东门地铁站A东北口步行200米),,,26.090039,119.315662
,肯德基(西河园DT),福州,鼓楼区,洪山桥街20号,,,26.073625,119.261225
,肯德基(金达店),福州,仓山区,建新镇金榕路与金达路交叉口东南角金榕大润发一层1号商铺,,,26.056606,119.264108
,肯德基(盘屿路店),福州,仓山区,新镇盘屿路855号汇和科技厂房改扩建5号楼整座一层5-311室,,,26.005331,119.282911
,肯德基(秀峰店),福州,晋安区,闽台AD创意园东南门旁,,,26.137784,119.324524
,肯德基(远洋DT店),福州,晋安区,远洋路351号,,,26.060114,119.353957
,肯德基(大学城DT店),福州,闽侯县,上街镇金屿村永辉城市生活广场15号楼一二层,,,26.068701,119.199478
,肯德基(福州万象店),福州,台江区,工业路691号万象城购物中心一、二层,,,26.064533,119.290111
,肯德基(科技东路店),福州,闽侯县,闽侯县高新区科技东路9号万福中心1号楼1层东裙楼B01号商铺,,,26.041096,119.217111
,肯德基(明腾广场店),福州,仓山区,六一南路209号明腾广场1层01号商铺,,,26.039985,119.322651
,肯德基(五一北路店),福州,鼓楼区,五一北路165-1号,,,26.078151,119.310991
,肯德基(澳门路店),福州,鼓楼区,三坊七巷历史文化街区澳门路32号,,,26.079613,119.297403
,肯德基(福州站四店),福州,晋安区,华林路502号福州站HC-76号点位,,,26.113216,119.320251
,肯德基(福州湖滨路店),福州,鼓楼区,湖滨路66号中福西湖花园1号楼B区1层B店面等部分店面,,,26.089714,119.289806
,肯德基(新东街口店),福州,鼓楼区,东街8号利达大厦A号B号楼连体1层01店面2层A号楼地下层1号商场,,,26.08628,119.300034
,肯德基(软件大道二店),福州,闽侯县,软件大道89号福州软件园F区4、6号楼连接体(CD楼)一层5号商铺,,,26.099433,119.246162
,肯德基(白马万科店),福州,台江区,白马路东侧交通路南北侧万科广场A地块一层S12-103商铺,,,26.068951,119.292707
,肯德基(上下杭店),福州,台江区,上下杭历史文化街区下杭路93号,,,26.053475,119.307083
,肯德基(福马路店),福州,晋安区,茶会路765号龙湖·天璞S1栋02商铺(五里亭地铁站B口步行110米),,,26.074928,119.337977
,肯德基(杨桥路店),福州,鼓楼区,杨桥中路119号121号123号商铺,,,26.083291,119.286222
,肯德基(飞凤山公园店),福州,仓山区,飞凤山奥体公园2号附属建筑一层编号02店面,,,26.018723,119.274625
,肯德基(苏宁广场店),福州,台江区,宁化街道工业路号的(福州)苏宁广场B13地块层(121B)号商铺,,,26.059669,119.287803
,肯德基(世欧广场店),福州,晋安区,18北侧A3-2-19-10晋连路18号福州世欧广场-1-21东侧A3-2-17-2,,,26.070744,119.326612
,肯德基(烟台山店),福州,仓山区,梅坞路,,,26.046056,119.316173
,肯德基(东百中心店),福州,鼓楼区,东百中心C馆叠水广场,,,26.084216,119.299375
,肯德基(排尾路店),福州,台江区,排尾路金域国际(澜悦花园)地块三C-S15号1层02商业,,,26.055178,119.325721
,肯德基(宏运·帝豪国际店),福州,鼓楼区,福州地铁1号线树兜站便民服务用房SP-01-SHD-01房产,,,26.097222,119.30681
,肯德基(南台大道店),福州,仓山区,上三路以南南台大道西侧中骏世界城3层商场自编号M338A/Z308号商铺,,,26.031675,119.322025
,肯德基(闽江大道店),福州,仓山区,金辉里1号楼,,,26.036975,119.288075
,肯德基,福州,闽侯县,邱阳西路与源江路交叉口东280米,,,26.068625,119.182525
,肯德基(金山大道店),福州,仓山区,金祥路847号(桔园洲地铁站D口步行350米),,,26.049694,119.24499
,肯德基(福州浦上店),福州,仓山区,二层01酒楼东侧浦上大道272号仓山万达广场A5号一层,,,26.03489,119.272664
,肯德基(金洲北路KFC),福州,仓山区,建新镇金洲北路16号福建海源华创新材料制品有限公司提升改造项目1-2号楼一层0203 0506单元,,,26.055825,119.257525
,肯德基(东二环泰禾店),福州,晋安区,竹屿路6号泰禾广场城市广场22号楼B1层第33号商铺,,,26.090308,119.336162
,肯德基(高新万达店),福州,闽侯县,南屿镇乌龙江南大道69号祥禾天地内的1015号,,,25.997538,119.226391
,肯德基(爱琴海店),福州,仓山区,金山街道浦上大道198号福州远洋德呈乐堤港L3层,,,26.040649,119.27898
,肯德基(融侨悦城店),福州,晋安区,竹屿路289号融侨悦城商业1号楼,,,26.096394,119.337836
,肯德基(福州软件大道店),福州,鼓楼区,软件大道A区双创新城6楼1层003室,,,26.111234,119.268633
,肯德基(国宾大道店),福州,闽侯县,国宾大道20号,,,26.072539,119.192925
,肯德基(城峰路店),福州,仓山区,海西·佰悦城2期西北1门北90米,,,25.995561,119.354409
,肯德基(联通大厦K-coffee),福州,鼓楼区,东街63号联通大厦1层,,,26.086402,119.302593
,肯德基(万达店),福州,台江区,鳌江路8号福州金融街万达商业广场一层(1-70)二层,,,26.053212,119.343709
,肯德基(福峡店),福州,仓山区,城门镇三角埕地块新天宇城市广场1层,,,25.991527,119.366734
,肯德基(福州大学店),福州,闽侯县,上街镇学园路2号福州大学生活一区丁香园01号,,,26.056746,119.192089
,肯德基(川正购物广场餐车餐厅),福州,仓山区,联建路18号联建新苑二区川正购物广场青创数字夜市商业集装箱自编001号店面,,,26.034723,119.285338
,肯德基(福州宜家店),福州,晋安区,福马路788号宜家家居商业广场L1层M108号,,,26.065719,119.366941
,肯德基(福兴大道DT),福州,晋安区,福兴大道85号,,,26.071652,119.36473
,肯德基(鳌峰永辉店),福州,台江区,鳌峰街道鳌峰路190号福州永辉商品交易中心整座建筑中1-2层部分,,,26.051085,119.355122
,肯德基(中石油福源店),福州,闽侯县,建平路与上南路交叉口东320米,,,26.051535,119.21293
,肯德基(爱琴海店),福州,仓山区,金山街道浦上大道198号红星晶海广场A-5-2摊位,,,26.040625,119.278975
,肯德基(万家广场店),福州,闽侯县,甘蔗街道昙石山大道136号闽侯万家广场5号楼1层001号商铺,,,26.145758,119.138426
,肯德基(牛岗山公园DT),福州,晋安区,岳峰镇鹤林路61号牛岗山公园停车场休闲餐吧商业用房1座,,,26.097418,119.347241
,肯德基(橘园洲万科里KFC),福州,仓山区,三环快速与金山大道交汇处东北处万科城市之光项目S16栋商业S16-102号商铺,,,26.05853,119.237469
,肯德基(新君竹店),福州,马尾区,君竹路亿载金城一层,,,25.992659,119.45792
,肯德基(三盛滨江店)(暂停营业),福州,仓山区,南江滨西大道96号三盛·滨江国际F1层,,,26.047379,119.333979
,肯德基(福州金桔店),福州,仓山区,金山街道桔园四路33号永辉金山生活中心一二层01商场,,,26.033047,119.24276
,肯德基(世纪金源购物中心KFC),福州,仓山区,林浦路闽江世纪城克拉公寓,,,26.023378,119.357409
,肯德基(福州茶亭店),福州,台江区,八一七中路262号(茶亭地铁站C口旁),,,26.068605,119.304345
,肯德基(霞镜店),福州,仓山区,建新镇金榕南路754号霞镜新城(三区)3-3号楼商业1层01-1单元,,,26.031007,119.280776
,肯德基(白湖亭万达店),福州,仓山区,东升街道则徐大道398号集祥天地1023-1025号,,,26.027562,119.332568
,肯德基(群升KFC),福州,台江区,洋中街道八一七中路760号群升国际二期E地块E2号楼1层01商场F1-02铺位,,,26.058838,119.305197
,肯德基(学院路店),福州,闽侯县,甘蔗街道学院路1号闽侯世贸滨江新城A1地块商务办公1号楼一层01号商铺,,,26.134437,119.149255
,肯德基(恒宇尊悦店),福州,晋安区,茶园街道六一北路19号恒宇尊悦公馆1号楼1层02商铺-2,,,26.102367,119.317206
,肯德基(榕发悦乐郡KFC),福州,晋安区,岳峰镇长乐北路与塔头路交叉口榕发悦乐郡(一区)A-1A号楼1层至2层07商业,,,26.090208,119.326682
,肯德基(凤凰池地铁站店),福州,鼓楼区,凤凰假日酒店北门旁(凤凰池地铁站D东南口步行80米),,,26.078869,119.274613
,肯德基(洋占路店),福州,长乐区,会堂南路89-49号,,,25.927187,119.498431
,肯德基(创业大厦店),福州,闽侯县,上街镇科技东路8号福州高新技术产业园创业大厦附属楼一层西侧01店面,,,26.042387,119.214382
,肯德基(魁岐路店),福州,马尾区,马尾镇魁岐路131号滨海星商务中心一层0708,,,26.021963,119.403759
,肯德基(旗山路店),福州,闽侯县,旗山路1号文城商业广场2号,,,25.979924,119.210766
,肯德基(阳光天地店),福州,仓山区,胪雷路16号1020A 1020B单元商铺,,,25.987532,119.385054
,肯德基(青年广场店),福州,台江区,苍霞路13号青年广场02-2商铺门前左侧,,,26.050069,119.309934
,肯德基(奥速中心店),福州,闽侯县,上街镇新洲村奥速电子集控中心1号楼1层01号,,,26.014725,119.227725
,肯德基(长乐店),福州,长乐区,建设路和胜利路交叉路口一二层店面,,,25.958582,119.5219
,肯德基(同晖府餐厅),福州,台江区,五一南路和新玉环路交叉口同晖府(老药洲街对面),,,26.055345,119.313834
,肯德基(七贤路餐厅),福州,晋安区,鼓山镇七贤路2号锦鸿佳园1层肯德基,,,26.072585,119.341978
,肯德基(滨江大厦KFC),福州,仓山区,建新镇闽江大道92号中联滨江大厦1层02商业部分03商业部分,,,26.073119,119.249614
,肯德基(荆溪中铁城店),福州,闽侯县,福荆溪镇荆溪中大道2号中铁城吉第(一期)A-S5号楼1层101-1号商铺,,,26.132605,119.179151
,肯德基(名城港湾店),福州,马尾区,江滨东大道68名城城市广场F1层,,,26.018057,119.398151
,肯德基(万星影视城店),福州,长乐区,航城街道吴航路988号长乐万星广场一层,,,25.953207,119.493622
,肯德基(洪湾店),福州,仓山区,洪湾中路与凤岗路东北侧葛屿新苑9号楼1层13A号铺,,,26.036642,119.249475
,肯德基(鼓山下院),福州,晋安区,福马路1000号鼓山下院游客服务中心一层店面(地铁A出口处),,,26.053036,119.375428
,肯德基(星光里二期店),福州,仓山区,杨周路与西三环路交叉口东80米,,,26.016215,119.256294
,肯德基(稻田小镇餐厅店),福州,晋安区,南平东路98号稻田创业小镇A8号创维楼8108,,,26.129774,119.312845
,肯德基(琅岐),福州,马尾区,琅岐镇劳丰村426号部分店面,,,26.085535,119.585478
,肯德基(福峰路店),福州,晋安区,新店镇福峰路68号福州奥林匹克花园二期A地块国际交流中心一层5-111号商,,,26.143532,119.333566
,肯德基(龙芝店),福州,连江县,马祖西路1号龙芝商业广场F2层,,,26.211968,119.542306
,肯德基(贵安新天地店),福州,连江县,贵江路4号世纪金源奥特莱斯购物广场F1层,,,26.242744,119.408813
,肯德基(长山湖店),福州,长乐区,航城街道龙门村长山湖广场一二层,,,25.955956,119.49965
,肯德基(长乐十洋店),福州,长乐区,郑和中路1号十洋富迪广场F1层,,,25.95748,119.515489
,肯德基(皇庭首占店),福州,长乐区,振铎路98-1号皇庭首占1号27号楼一层商铺,,,25.942907,119.48326
,肯德基(永荣大润发店),福州,长乐区,航城街道广场南路888号永荣城市广场一层,,,25.942629,119.494509
,肯德基(南江滨东店),福州,仓山区,江滨东大道榕城江上图商务中心3-05号3-06号3-07号商铺,,,26.009569,119.389293
,肯德基(福师大校园店)(暂停营业),福州,闽侯县,福建师范大学旗山校区李苑一层原千叶园餐厅01号商铺,,,26.034151,119.209188
,肯德基(莲荷店),福州,连江县,凤城镇莲荷东路1号楼一层第4号5号6号店面及7号店面部分区域,,,26.200616,119.536685
,肯德基(福港店),福州,长乐区,漳港街道长乐国际机场内候机楼J2-1地块长乐机场安检外11号门,,,25.92753,119.673038
,肯德基(连江万家店),福州,连江县,凤城镇丹凤东路15-392号,,,26.210194,119.534445
,肯德基(永泰南湖路店),福州,永泰县,南湖路13号1层01号商铺,,,25.864274,118.934844
,肯德基(富贵楼),福州,连江县,琯头镇拱屿村开放西路东川花园104-1号1-3号店面,,,26.135746,119.562135
,肯德基(虎溪公园),福州,福清市,阳下街道虎溪路57-1号(福清市市直幼儿园分园正对面),,,25.745098,119.374082
,肯德基(福州南新站房出发层店),福州,仓山区,福州南站HC-07号(麦当劳对面),,,25.986445,119.389095
,肯德基(长乐江田DT),福州,长乐区,江滨大道1-3号,,,25.821935,119.579179
,肯德基(清盛大道DT店),福州,福清市,清盛大道19号,,,25.705675,119.349875
,肯德基(青口商业广场店),福州,闽侯县,青口商业广场,,,25.894083,119.373882
,肯德基(融侨店),福州,福清市,清昌大道与龙江路交叉口西南角福清国际商展中心1层,,,25.719576,119.368678
,肯德基(金峰店),福州,长乐区,金峰镇胪峰大道永康广场A座一二层,,,25.979851,119.62883
,肯德基(福清万达店),福州,福清市,音西街道万达广场商业一层1025B、商业二层2030号商铺,,,25.715988,119.349247
,肯德基(裕荣汇店),福州,福清市,音西街道福和万达广场商业一层114-115号商铺,,,25.720365,119.351993
,肯德基(福清福业路店),福州,福清市,音西街道建设局大楼南面附属楼店面一层,,,25.717372,119.365221
,肯德基(砂之船奥莱店),福州,闽侯县,南通镇福通路88号砂之船小镇7号广场1层A-1-TM002餐车位置,,,25.972019,119.260968
,肯德基(马尾亭江店),福州,马尾区,亭江镇亭江路36号西亭康城10号楼综合体一层编号1A-03铺位,,,26.070021,119.503686
,肯德基(中石化清荣大道店),福州,福清市,石竹街道北前亭村福彤街与清荣大道交界处中石化加油站,,,25.721515,119.335455
,肯德基(罗源世纪金源店),福州,罗源县,松山镇江滨南路1号世纪金源购物中心C区,,,26.468936,119.595133
,肯德基(福清龙田DT店),福州,福清市,大真线三村融鼎新天地9号楼101复式商场,,,25.605242,119.448217
,肯德基(创业大道DT店),福州,福清市,创业大道融湾能源加油站2号楼1层,,,25.685644,119.397874
,肯德基(长乐安平广场店),福州,长乐区,漳港街道漳湖路9号安平商务总部2号楼A1011层部分,,,25.920604,119.626275
,肯德基(凯景国际KFC),福州,福清市,渔溪镇渔溪村凯景国际城15号楼一层110号111号126号127号128号店面,,,25.593408,119.293974
,肯德基(罗源司前店),福州,罗源县,凤山镇司前路1号一二层,,,26.486409,119.548014
,肯德基(福清东百利桥店),福州,福清市,龙山街道及龙江街道福清东百利桥特色历史文化街B2区一层1057号,,,25.715462,119.383124
,肯德基(福清高山餐厅),福州,福清市,高山镇六一路318号高华国际广场地上商业一层,,,25.470589,119.560819
,肯德基(东塘路店),福州,福清市,龙山大道喜盈门富居公馆二期3号楼一层商铺,,,25.710263,119.402346
,肯德基(学府公馆店),福州,福清市,福清学府公馆,,,25.702375,119.382627
,肯德基(福州外语外贸店),福州,长乐区,首占村福州外语外贸学院北区食堂一层部分及新教学楼部分,,,25.926266,119.501649
,肯德基(福玉路DT店),福州,福清市,宏路街道融侨锦江二期1号楼102商业街,,,25.703022,119.33454
,肯德基(闽清梅城店),福州,闽清县,梅城镇天行大街1号恒晟晶都17号楼一层152店面二层152F店面,,,26.221361,118.859907
,肯德基(翠园店),福州,平潭县,城镇城中村盛林庄(地号44-142)一二层,,,25.50558,119.794295
,肯德基(东湖数字小镇店),福州,长乐区,东湖数字小镇东湖·海西高新技术企业港软件开发基地四期B组团B106铺,,,25.874561,119.592322
,肯德基(福清一拂路店),福州,福清市,玉屏街道一拂路远东大厦A1店面,,,25.718779,119.385153
,肯德基(西航路店),福州,平潭县,西航路166号一层编号102-103-104铺位,,,25.498305,119.797078
,肯德基(平潭吾悦广场餐厅),福州,平潭县,瑶竹南路11号(福州平潭)新城吾悦广场号商铺,,,25.508625,119.761975
,融侨悦城KFC(融侨悦城店),福州,晋安区,竹屿路289号融侨·悦城,,,26.096352,119.337859
,肯德基(江阴店),福州,福清市,霸王茶姬(江阴荣江路店)-对面,,,25.452118,119.318823
,肯德基(东湖温泉度假村DT店)(暂停营业),福州,长乐区,漳江路与黄沙礁路交叉口北120米,,,25.874359,119.604766
,炸鸡兄弟(韩式熙街口店),福州,鼓楼区,华润万象城三期15号楼一层08C单元商铺,,,26.076662,119.277374
,肯德基(育秀店),厦门,思明区,工人体育馆中心广场B1层,,,24.489892,118.110844
,肯德基(嘉禾店),厦门,思明区,阳光世纪广场一二层(莲坂地铁站3号口步行320米),,,24.478175,118.120025
,肯德基(汇腾店),厦门,思明区,嘉禾路323号汇腾大厦1层(吕厝地铁站1号口旁),,,24.491887,118.12731
,肯德基(后滨店),厦门,思明区,后滨路12号1号楼一层(A-102)二层A-201,,,24.469954,118.097617
,肯德基(厦门湖滨南路店),厦门,思明区,湖滨南路86号第一层A面,,,24.468707,118.09197
,肯德基(海上世界店),厦门,湖里区,海上世界内L2,,,24.490168,118.076341
,肯德基(世贸店),厦门,思明区,厦禾路878-888号世贸中心1-2层,,,24.467887,118.114527
,肯德基(中山路中华城店),厦门,思明区,思明南路195号中华城北区B1层,,,24.453174,118.082065
,肯德基(文园路店),厦门,思明区,文园路68号(厦门将军祠商铺编码S1-L2-001),,,24.461179,118.100058
,肯德基(滨北店),厦门,思明区,湖滨北路海湾新城一期一号楼一层(建业路地铁站1A口旁),,,24.478275,118.083525
,肯德基(武汉大厦店),厦门,思明区,嘉禾路265号武汉大厦F1层,,,24.485128,118.123961
,肯德基(城市广场店),厦门,湖里区,江头街道嘉禾路468号SM一期,,,24.501848,118.12717
,肯德基(兴隆店),厦门,湖里区,兴隆路500号大唐世家一期G栋一层面,,,24.507913,118.121669
,肯德基(长浩店),厦门,湖里区,寨上1003号人和百货旁,,,24.524848,118.102869
,肯德基(厦门站店),厦门,思明区,厦禾路900号厦门站商业夹层JC-02号点位,,,24.46736,118.116297
,肯德基(厦门绿苑新城店),厦门,海沧区,沧林东路278号绿苑新城天虹商场一层,,,24.491181,118.048934
,肯德基(沧虹路店),厦门,海沧区,沧虹路403号海西国际广场F1层,,,24.498439,118.038102
,肯德基(钟林里店),厦门,海沧区,钟林里374号之一(马青路地铁口4号口旁),,,24.493222,118.029689
,肯德基(厦门金湖路店),厦门,湖里区,金湖路101号厦门五缘湾乐都汇购物中心一二层,,,24.511982,118.159735
,肯德基(金山路店),厦门,思明区,金山路1号厦门宝龙一城(岭兜地铁站1B口步行230米),,,24.486444,118.173268
,肯德基(火炬路店),厦门,湖里区,火炬路1号嘉禾新天地1003-1005店铺,,,24.512949,118.118799
,肯德基(枋湖南路店),厦门,湖里区,枋湖南路177号0102 0304单元部分一层,,,24.512354,118.150279
,肯德基(中山公园站餐车),厦门,思明区,厦门市轨道交通1号线中山公园站1号口,,,24.459187,118.090076
,肯德基(演武餐厅店),厦门,思明区,演武路4号富万邦商业广场1楼,,,24.437704,118.093089
,肯德基(南光路店),厦门,思明区,南光路12号,,,24.43423,118.099919
,肯德基(东方时代店),厦门,思明区,湖滨西路10-106号东方时代广场1-2层,,,24.461334,118.07953
,肯德基(美仁宫店),厦门,思明区,厦禾路与公园东路交叉口西南20米,,,24.462552,118.092976
,肯德基(塘边宝龙天地店),厦门,湖里区,园山南路宝龙天地S9号楼S9-L1-002商铺(近轨道交通1号线塘边站),,,24.506802,118.123002
,肯德基(龙山南路店),厦门,思明区,龙山南路123号之X1-03,,,24.483127,118.139665
,肯德基(鼓浪屿店),厦门,思明区,龙头路8号三友旅游城1F,,,24.445376,118.072413
,肯德基(瑞景店),厦门,思明区,莲前东路288瑞景商业广场东门C区,,,24.474847,118.161221
,肯德基(吕岭路店),厦门,湖里区,吕岭路1068号蔡塘爱琴海购物中心1层A18C、2层A18号,,,24.485304,118.157424
,肯德基(梧村汽车站店),厦门,思明区,厦禾路梧村汽车站改扩建工程一层,,,24.470682,118.116261
,肯德基(联发华美空间),厦门,湖里区,联发华美空间华昌路与悦华路交汇处,,,24.513825,118.098425
,肯德基(火炬新科广场店),厦门,湖里区,坂上社37号火炬新科广场建筑1号楼一层106铺位,,,24.526297,118.144464
,肯德基(七星西路店),厦门,思明区,七星西路3号思明万象里购物中心第一层L120号商铺,,,24.486042,118.095756
,肯德基(中山路巴黎春天店),厦门,思明区,中山路76-132号巴黎春天百货1层,,,24.45357,118.077816
,肯德基(海沧大道店),厦门,海沧区,海沧大道567-569号厦门中心EF座EF-1-3铺位,,,24.474591,118.039254
,肯德基(机场二店),厦门,湖里区,湖里高崎国际机场一楼到达大厅西侧T4-1-1-01单元,,,24.543233,118.147003
,肯德基(杏林店),厦门,集美区,杏林杏西路1号,,,24.564419,118.041751
,肯德基(闽南印象店),厦门,湖里区,祥店里163号(金舞鞋艺术中心对面),,,24.499419,118.143504
,肯德基(园博苑宝龙天地店),厦门,集美区,集杏海堤166-4号101-102商铺,,,24.569449,118.066576
,肯德基(机场二子店),厦门,湖里区,高崎国际机场3层隔离区内上夹层T4-4-2-1-01单元,,,24.544139,118.14787
,肯德基(岭兜西路店),厦门,思明区,岭兜西路621号107单元,,,24.484207,118.177195
,肯德基(塔埔路KFC),厦门,思明区,台北路1-7号J110室,,,24.493817,118.192632
,肯德基(新阳北路店),厦门,海沧区,新阳北路1668号1号楼105和109,,,24.529603,118.009751
,肯德基(港中路店),厦门,湖里区,赤山坪路与嘉义路交叉口南180米,,,24.549528,118.12321
,肯德基(厦门IOI店),厦门,集美区,杏林湾路218号,,,24.600496,118.0744
,肯德基(正顺广场KFC),厦门,海沧区,新埯村南片99号正顺广场F1-001-2店铺一层,,,24.520768,117.995096
,肯德基(罗宾森广场店),厦门,思明区,厦禾路885号罗宾森广场一层,,,24.469487,118.113806
,肯德基(未来海岸店),厦门,海沧区,未来海岸蓝月湾1期西南1门北50米,,,24.459615,118.032798
,肯德基(曾厝垵北路店),厦门,思明区,火炬高新区软件园曾厝埯北路1号元汇楼105-01单元,,,24.432436,118.115098
,肯德基(银江路店),厦门,集美区,银江路137号集美万达广场编号为2031AA号商铺,,,24.573682,118.093712
,肯德基(后埔发展中心店),厦门,湖里区,仙岳路1886号后埔发展中心二期F1层,,,24.496995,118.144296
,肯德基(日圆二里店),厦门,湖里区,日圆二里1号湾悦城一层L1-015A店铺,,,24.516203,118.16217
,肯德基(云顶北路店),厦门,湖里区,金湖路516号天虹购物中心五缘湾店二层2040号,,,24.510522,118.160157
,肯德基(莲前东路店),厦门,思明区,新华都购物广场前埔店二层,,,24.471125,118.172575
,肯德基(环岛东路店),厦门,思明区,环岛东路1703号JFC品尚中心B馆,,,24.474759,118.19154
,肯德基(厦门和美天地店),厦门,集美区,诚毅北路310-101号,,,24.605076,118.050482
,肯德基(厦门工学院店)(暂停营业),厦门,集美区,集美文教区厦门工学院食堂B座建筑1层铺位B18号,,,24.616303,118.064149
,肯德基(灌口南路店),厦门,集美区,灌口南路599号厦门汽车工业城零部件配套中心(二期)2号202单元一层1-114号铺位,,,24.599991,117.983798
,肯德基(天马路大学城店),厦门,集美区,天马路307号2层,,,24.631544,118.086714
,肯德基(兴港路KFC),厦门,海沧区,海景中路禹州华侨金海岸兴港六里10-106-101号一层,,,24.471349,118.02849
,肯德基(禹洲大学城店KFC),厦门,同安区,美人山一里1号1层1-1041-105号商铺,,,24.621446,118.129083
,肯德基(厦门大学翔安校区店),厦门,翔安区,香山街道翔安南路4221-126-205号,,,24.610323,118.316592
,肯德基(曾厝垵店),厦门,思明区,滨海街道曾厝埯村海鲜坊3号楼二三层KFC,,,24.425192,118.125196
,肯德基(滨海里店),厦门,翔安区,滨海里1号觅光里L1层1-106,,,24.663851,118.193479
,肯德基(乌石浦地铁站餐车餐厅),厦门,湖里区,厦门市地铁1号线乌石浦地铁站地下负一层1号口,,,24.504216,118.12659
,肯德基(厦门海沧招商花园城店),厦门,海沧区,新景东里200号招商花园城一层2号门肯德基,,,24.536843,117.998443
,肯德基(汇景新城店),厦门,翔安区,祥福五里23号汇景新城中心一层,,,24.619262,118.245307
,肯德基(世茂双子塔店),厦门,思明区,演武西路185号世茂大厦A3地块1号楼101单元,,,24.436089,118.089472
,肯德基(观日路店),厦门,思明区,思明区软件园二期观日路33号106-1单元,,,24.485587,118.186697
,肯德基(湖里万达店),厦门,湖里区,万达商业广场一层0592-,,,24.505327,118.176823
,肯德基(凌云玉石总部大厦店),厦门,湖里区,护安路652号凌云玉石大厦的建筑B栋1层107单元,,,24.529602,118.155293
,肯德基(新建厦门北站店),厦门,集美区,厦门北站JC-03号(厦门北站地铁站4号口旁),,,24.636328,118.074159
,肯德基(壳牌石油海新路店),厦门,海沧区,象屿壳牌加油站(海新路站),,,24.483226,117.991626
,肯德基(杏林万科里店),厦门,集美区,宁海一里11号楼的61-161号之三铺位号为135-1136,,,24.562286,118.062162
,肯德基(坂尚社区发展中心),厦门,湖里区,枋湖北二路928-323-1号G1层,,,24.521703,118.155082
,肯德基(同安宝龙店),厦门,同安区,双溪大道799号同安宝龙广场商铺编号为M1-L1-040,,,24.717382,118.164957
,肯德基(集美石鼓店),厦门,集美区,石鼓路88号1楼,,,24.57321,118.099235
,肯德基(浦南二路店),厦门,思明区,浦南二路11号101单元铺位编号为30-1-130-1-230-1-3-2,,,24.472895,118.130236
,肯德基(同安钟楼店),厦门,同安区,南门路75号夏商钟楼生活广场F1层,,,24.730539,118.152344
,肯德基(厦鼓码头候船大厅餐厅),厦门,湖里区,东港路24号厦鼓码头三层L302,,,24.482009,118.075469
,肯德基(集美杏东店),厦门,集美区,杏东路11号之11-之32一层,,,24.564196,118.046131
,肯德基(湖里大厦店),厦门,湖里区,泗水道619号一层101室之一A01至A02,,,24.527524,118.186146
,肯德基(康成一里店),厦门,集美区,杏滨街道康城一里33号一层101室,,,24.591077,118.024386
,肯德基(诚毅大街店),厦门,集美区,龙亭七里1-139-140,,,24.604542,118.053759
,肯德基(尚柏奥特莱斯店),厦门,集美区,华厦路与天水路交口的厦门尚柏奥特莱斯项目二层2F-078B-079,,,24.622028,118.073455
,肯德基(滨水路店),厦门,集美区,滨水路水晶湖郡B区三期11号滨水四里145-101/145-103/145-104号的部分铺位一层,,,24.590258,118.090802
,肯德基(阿罗海DT店),厦门,海沧区,行政中心南侧滨湖路阿罗海城市广场一层二层,,,24.479342,118.031981
,肯德基(翔安东路店),厦门,翔安区,昌文里6号L1层103单元(南部新城TOD锦悦里),,,24.581887,118.268006
,肯德基(翔安马巷店),厦门,翔安区,马巷镇巷南路翔安商业广场一二层,,,24.663304,118.252787
,肯德基(阳光小镇店),厦门,同安区,美峰六里路28号厦门海峡国际时尚创意中心项目A7地块75号楼1层132单元商铺,,,24.611246,118.139656
,肯德基(中交和美广场KFC),厦门,集美区,诚毅中路616-111号和美天地3号门,,,24.605066,118.05049
,肯德基(霞光东里店),厦门,海沧区,霞光东里200和201号一层,,,24.531202,118.029009
,肯德基(SM厦门海沧城市广场店),厦门,海沧区,孚莲路1818号SM厦门海沧城市广场F1层,,,24.539346,117.956598
,肯德基(湖边公寓商业楼店),厦门,湖里区,金山路湖边御景东侧约40米龙湫四里7号,,,24.492474,118.174234
,肯德基(加州商业广场KFC),厦门,思明区,莲前东路123号加州商业广场一层104-105号商铺,,,24.476934,118.158278
,肯德基(诚毅北大街店),厦门,集美区,软件园三期诚毅北大街61号106单元,,,24.614906,118.044618
,肯德基(厦门工学院店),厦门,集美区,海翔大道辅路与集美大道交叉口北380米,,,24.616386,118.06426
,肯德基(灌口万达店),厦门,集美区,灌口镇石笔路6号厦门灌口万达广场1001号商铺,,,24.611341,117.998206
,肯德基(闽篮新天地KFC),厦门,翔安区,新店地铁社区林前综合体宋洋二里7号闽篮新天地一层ZP17号铺位,,,24.575709,118.230328
,肯德基(长庚医院K咖啡小馆),厦门,海沧区,霞飞路123号门诊大楼地下一层病人生活辅助区B103店铺,,,24.534045,118.009734
,肯德基(何厝地铁站K咖啡小馆),厦门,思明区,环岛东路1803号天虹购物中心会展北店F1层,,,24.477178,118.19183
,肯德基(花莲路餐厅),厦门,思明区,花莲路8号越海营运中心1层106-107-108号商铺,,,24.484957,118.195735
,肯德基(首创奥特莱斯店),厦门,翔安区,新澳路857号首创奥特莱斯一层F1-A17,,,24.544934,118.237852
,肯德基(杏林万达店),厦门,集美区,杏前路262-101号的万达广场,,,24.589804,118.014815
,肯德基(五权路店),厦门,翔安区,五权路2588号新华都商场一楼6170-1-1号铺,,,24.65795,118.259177
,肯德基(杏林湾路店),厦门,集美区,杏林湾运营中心2007JG04-A6地块8号杏林湾路488号之2一层,,,24.592608,118.065258
,肯德基(环岛东路二店),厦门,湖里区,环岛东路2488号砂之船奥特莱斯B馆L2层,,,24.528222,118.191215
,肯德基(厦门同安爱琴海购物中心店),厦门,同安区,同安智谷东三路18号129室,,,24.661787,118.175264
,肯德基(金安大厦店),厦门,同安区,城西路178号金安大厦一层,,,24.730032,118.149223
,肯德基(龙荷二里店),厦门,集美区,侨英街道龙荷二里15号124号125号和126号,,,24.604726,118.079273
,肯德基(邻里中心店),厦门,翔安区,西炉路600号翔安产业园邻里中心A,,,24.664231,118.202382
,肯德基(集美大润发店),厦门,集美区,大润发(集美店),,,24.589406,118.106467
,肯德基甜品站(SM城市广场店),厦门,湖里区,嘉禾路SM城市广场一期一层,,,24.501791,118.127002
,肯德基(同安梧侣路店),厦门,同安区,同集路与梧侣路交汇处新景舜弘广场一层,,,24.689029,118.140248
,肯德基(同安城南店),厦门,同安区,城南路21-23号大唐世家三期一层,,,24.715824,118.146535
,肯德基(马銮湾财富广场餐厅),厦门,集美区,勤学路100号8-110(1001商铺),,,24.555434,118.032183
,肯德基(滨水中二里店),厦门,集美区,滨水中二里路32-33号一层L1-009号铺位,,,24.60217,118.077391
,肯德基(南洋学院餐厅),厦门,翔安区,南洋学院实训楼一层洪钟大道5068-11-101号5068-11-102号5068-11-103号商铺,,,24.5992,118.24964
,肯德基(软件园三期C区店),厦门,集美区,软件园三期溪西山尾路35号104-1单元,,,24.621245,118.03665
,肯德基(梧侣商贸中心店),厦门,同安区,同辉路东侧梧侣商贸中心1层467-,,,24.693471,118.120847
,肯德基(东孚服务区外卖点),厦门,海沧区,厦漳高速(厦门段)东孚服务区B01区,,,24.56461,117.931946
,肯德基宅急送(杏林万科里店),厦门,集美区,杏林街道宁海一里64-66号杏林万科里,,,24.562325,118.062275
,肯德基(乐海店),厦门,集美区,"乐海路23号,厦门嘉庚快速公交枢纽站边二楼",,,24.586027,118.109006
,肯德基(扬帆路小站餐厅),厦门,翔安区,厦门国际博览中心中央廊道第二层的A07商铺,,,24.552691,118.212294
,肯德基(滨海西大道店),厦门,同安区,西柯镇美峰三里1号一层1001-1002A1003A铺,,,24.632081,118.149393
,肯德基(钟宅路海天红星店),厦门,湖里区,钟宅路65号101单元一层4101号,,,24.531844,118.164083
,肯德基车速取餐点(高林中路店),厦门,湖里区,高林中路505号鼎丰万科103号铺,,,24.507674,118.18468
,肯德基(大连中山店),大连,西岗区,中山路261号(人民广场地铁站C口步行80米),,,38.911039,121.610224
,肯德基(越秀店),大连,西岗区,新岗区新开路82号,,,38.916064,121.617518
,肯德基(越秀店),大连,西岗区,新开路82号越秀大厦1层,,,38.916074,121.617518
,肯德基(福佳店),大连,沙河口区,西安路99B号一层(兴工街地铁站C2口步行60米),,,38.916844,121.588056
,肯德基(解放路店),大连,中山区,解放路青泥八号一层(友好广场地铁站A口步行180米),,,38.918159,121.636542
,肯德基(中央大道店),大连,沙河口区,西安路107号中央大道4层,,,38.915414,121.585629
,肯德基(大连辰熙店),大连,沙河口区,中山路688号1层(黑石礁地铁站B口步行130米),,,38.874598,121.558145
,肯德基(恒隆店),大连,西岗区,五四路66号恒隆广场4层412KFC,,,38.907013,121.608137
,肯德基(春柳店),大连,沙河口区,西南路872号五洲大厦,,,38.93766,121.577496
,肯德基(新罗斯福店),大连,沙河口区,西安路139号大连罗斯福广场B1层B1121号商铺,,,38.912157,121.586839
,肯德基(大连九州饭店),大连,中山区,胜利广场18号(友好广场地铁站D口步行190米),,,38.921065,121.635778
,肯德基(大连山东路店),大连,甘井子区,千山路28号(千山路地铁站D口步行120米),,,38.979381,121.581464
,肯德基(友好广场店),大连,中山区,友好广场8号(友好广场地铁站C1口步行110米),,,38.920731,121.639922
,肯德基(学苑广场店),大连,沙河口区,黄浦路199号(学苑广场地铁站C口步行110米),,,38.875407,121.54594
,肯德基(中南路店),大连,中山区,中南路219号肯德基餐厅,,,38.893743,121.676393
,肯德基(幸福店),大连,沙河口区,五一路104-6号地上一二层,,,38.90186,121.576526
,肯德基(柏威年店),大连,中山区,中山路129-3号柏威年购物中心B1层下沉广场旁,,,38.918424,121.629332
,肯德基(百斯德店),大连,甘井子区,华东路139号百斯德绿天地F1层,,,38.992617,121.597145
,肯德基(迎客路店),大连,甘井子区,迎客路6号,,,38.955365,121.556689
,肯德基(大连理工店),大连,甘井子区,软件园路82号,,,38.887755,121.531183
,肯德基(新生路店),大连,沙河口区,新生路万客园2号,,,38.937475,121.562775
,肯德基(大连金三角店),大连,甘井子区,松江路2号,,,38.968542,121.587366
,肯德基(高新万达店),大连,甘井子区,甘井子区高新区黄浦路502号大连苏宁易购广场1F北门,,,38.862777,121.532656
,肯德基(华南店),大连,甘井子区,中华西路22号安盛购物广场一楼,,,38.989148,121.588608
,肯德基(新马栏店),大连,沙河口区,黄河路益嘉广场19号商铺,,,38.919481,121.554666
,肯德基(数码广场店),大连,沙河口区,数码路30号北段肯德基车道取餐口,,,38.886483,121.542754
,肯德基(桃源1号店),大连,中山区,白云街88-7号一层(秀月街地铁站D口步行130米),,,38.884944,121.659079
,肯德基(大华锦绣店),大连,甘井子区,甘井子区高新园区博翔街49号一层102室,,,38.897277,121.525014
,肯德基(新甘百店),大连,甘井子区,甘井子街8号新甘百商城一层,,,38.974016,121.626083
,肯德基(红旗西路KFC餐厅),大连,甘井子区,祥满园1号楼1层2号公建,,,38.927425,121.533175
,肯德基(鲁迅路店),大连,中山区,鲁迅路29-5号,,,38.919722,121.655021
,肯德基(大连站南广场餐厅),大连,中山区,长江路259号大连站南一楼室外东侧(170平方米),,,38.921913,121.633425
,肯德基(张前路店),大连,甘井子区,张前路211号乐都汇购物广场1楼,,,38.959085,121.520799
,肯德基(星海百年汇店),大连,沙河口区,会展路43号环球金融中心A2酒店区一层,,,38.89067,121.587316
,肯德基(青云店),大连,中山区,岭前街246号(青云街地铁站C口步行150米),,,38.895153,121.649558
,肯德基(华南广场店),大连,甘井子区,山东路350号华南万象汇B117号,,,38.990884,121.585342
,肯德基(万盛店),大连,甘井子区,南关岭路777号万盛购物广场一楼,,,39.017589,121.595876
,肯德基(大连联合路DT店),大连,沙河口区,联合路185-1号1层南侧,,,38.903798,121.601189
,肯德基(周水子店),大连,甘井子区,大连机场一楼一号南航到达口,,,38.962091,121.545663
,肯德基(昌临店),大连,金州区,大连市经济技术开发区金马路232号,,,39.048216,121.786189
,肯德基(万科西山店),大连,甘井子区,红旗西路308-1-2号一层,,,38.940936,121.485991
,肯德基(新黄河路店),大连,沙河口区,黄河路科学家公寓2号副楼一层,,,38.910757,121.594952
,肯德基(北站店),大连,甘井子区,大连北站F2层夹层(大连北站地铁站C口步行330米),,,39.017254,121.607495
,肯德基(大连龙王塘店),大连,旅顺口区,百顺园23-8号(龙王塘地铁站B口步行370米),,,38.839109,121.403739
,肯德基(黄泥川店),大连,旅顺口区,宏川东路26号B1层104房间,,,38.859498,121.448032
,肯德基(星海广场店),大连,沙河口区,星海广场C3区31号一层1号,,,38.880026,121.584334
,肯德基(大连凯丹广场店),大连,中山区,长江东路80号凯丹广场1层F1-02B-04,,,38.923973,121.674463
,肯德基(大连梭鱼湾杉杉奥莱店),大连,甘井子区,敬业路100号一层连廊PCW101商铺,,,38.955213,121.624596
,肯德基(大连诚园店),大连,甘井子区,悦岭西街78-11-12-13号1层,,,39.010311,121.574269
,肯德基(金马店),大连,金州区,大连市经济技术开发区金马路189号安盛购物广场一层肯德基,,,39.049834,121.779711
,肯德基(银帆广场店),大连,金州区,大连市经济技术开发区开发区金马路409号一层,,,39.025695,121.800099
,肯德基(国会店),大连,中山区,人民东路56号东港音乐喷泉广场内(西侧),,,38.93134,121.670736
,肯德基(营城子店),大连,甘井子区,营城子街道营西路,,,38.984988,121.385856
,肯德基(开发区快轨站店),大连,金州区,大连市经济技术开发区辽河西路88号,,,39.053692,121.775315
,肯德基(凌水店),大连,甘井子区,凌水路154号,,,38.877721,121.525503
,肯德基(经开万达店),大连,金州区,大连市经济技术开发区辽河西路117号,,,39.060043,121.784893
,肯德基(典尊店),大连,金州区,五一路560号(鸿玮澜山地铁站B口步行290米),,,39.080577,121.751568
,肯德基(大连百合山庄 Smini店),大连,甘井子区,凌水路338号1层,,,38.878735,121.51252
,肯德基(星河广场店),大连,甘井子区,玉山路290号星河广场F1层,,,38.974462,121.545769
,肯德基(安盛店),大连,金州区,斯大林路677号安盛购物广场F1层,,,39.103415,121.717049
,肯德基(港湾奥莱KFC餐厅),大连,西岗区,海达北街与海顺街交叉路口,,,38.932078,121.6063
,肯德基(国会车速取餐厅),大连,中山区,人民东路东港商务区音乐喷泉广场,,,38.931141,121.670392
,肯德基(五一店),大连,金州区,金州新区先进街道五一路366-1号,,,39.090549,121.736455
,肯德基(金州吾悦店),大连,金州区,光明街道北山路1416号,,,39.095988,121.711243
,肯德基(华南沃特广场餐厅),大连,甘井子区,中华西路21号沃特1层肯德基,,,38.990201,121.591425
,肯德基(中央公园店),大连,金州区,拥政街道红塔村大阎家楼544号一层,,,39.12589,121.731867
,肯德基(庄河大学城店),大连,金州区,学府大街117号大连工业大学艺术与信息工程学院10号一层,,,39.085876,121.832029
,肯德基(学府店),大连,金州区,大连市经济技术开发区大连大学斜对面金凯隆购物广场一楼,,,39.098614,121.82547
,肯德基(旅顺大外店),大连,旅顺口区,学城路37-8号一层,,,38.813584,121.314802
,肯德基(纳米大厦KFC),大连,甘井子区,火炬路3号纳米大厦一层,,,38.85948,121.525919
,肯德基(中石化天元店),大连,甘井子区,张前路753号天元加油站,,,38.985774,121.518936
,肯德基(付家庄店)(暂停营业),大连,西岗区,付家庄滨海西路4号华能宾馆一楼,,,38.86671,121.624834
,肯德基(甘井子万达餐厅),大连,甘井子区,虹韵路6号万达广场,,,38.949831,121.539034
,肯德基(金虹东路店),大连,甘井子区,金虹东路289-3号,,,38.966234,121.464264
,肯德基(大华店),大连,旅顺口区,大华街2号,,,38.809737,121.265229
,肯德基(泉水瑞沃店),大连,甘井子区,百脉泉街瑞沃广场(北侧),,,39.006275,121.628045
,肯德基(大连北站南外卖站),大连,甘井子区,华北路666号大连北站南一楼A1售票厅西北侧点位,,,39.01671,121.607299
,肯德基(金石店),大连,金州区,金石滩国家旅游度假区丹枫路1-1号,,,39.086148,122.007457
,肯德基(中铁诺德KFC餐厅),大连,甘井子区,高新园区信达街30号1层,,,38.857471,121.509401
,肯德基(北乐店),大连,金州区,三十里堡北乐村,,,39.277091,121.797053
,肯德基(开发区亿合城地下一层餐厅),大连,金州区,金马路208号B1层KYB1105商铺,,,39.046941,121.781408
,肯德基(旅顺开发区兴发路店),大连,旅顺口区,兴发路216-20号1层,,,38.789502,121.157366
,肯德基(澳东世纪DT店),大连,金州区,经济技术开发区金普新区澳东世纪购物中心东侧,,,39.062987,121.847046
,肯德基(新丰荣店),大连,普兰店区,中心路二段148号1层,,,39.400983,121.963462
,肯德基(普兰万达店),大连,普兰店区,区振兴街68号万达广场1001-1002B,,,39.401505,121.941119
,肯德基甜品站,大连,甘井子区,虹韵路6号万达广场大连甘井子店B1层,,,38.948799,121.539572
,肯德基(水师营DT店),大连,旅顺口区,营顺路783号,,,38.851558,121.251203
,肯德基(小窑湾车速取餐厅),大连,金州区,黄海东路231-1号1层,,,39.05987,121.892149
,肯德基(石河智慧广场),大连,金州区,石河街道G202,,,39.345435,121.858876
,肯德基(大连长兴岛店),大连,瓦房店市,景翠路77号75-1775-1875-1975-49号公建1层,,,39.609346,121.463514
,肯德基(商业城店),大连,瓦房店市,共济办事处国光委新商业城一层,,,39.624134,122.002816
,肯德基(华太店),大连,瓦房店市,新华办事处北共济街一段50-3号家乐福,,,39.648097,122.003473
,肯德基(旺角店),大连,瓦房店市,旺角商贸区钻石街新建万成广场一层,,,39.62326,121.97455
,肯德基(普临购物广场店),大连,普兰店区,皮口街道海北路中段177-1号一层,,,39.402206,122.348617
,肯德基(塔富街店),大连,长海县,大长山岛镇塔富街18号,,,39.268139,122.584197
,肯德基(庄河店),大连,庄河市,黄海广场1号新天地商业城F1层,,,39.697555,122.976278
,肯德基(世纪店),大连,庄河市,世纪大街世纪海云天二期56号,,,39.680146,122.976427
,肯德基(新东特店),大连,甘井子区,华北路10c-b1号,,,38.946144,121.568121
,肯德基(摩墅公馆车速取餐厅),大连,金州区,金马路116号1-61-7号,,,39.04817,121.758427
,肯德基车速取餐厅(大连金地店),大连,甘井子区,关厢路金地檀境A4-21号1单元1层1号,,,39.034405,121.655722
,肯德基车速取餐点(硅谷店),大连,甘井子区,黄浦路600号(七贤岭地铁站B2口旁),,,38.857492,121.528387
,肯德基车速取餐点(营城子店),大连,甘井子区,营城子商场,,,38.984983,121.38586
,肯德基(龙湖天街店),济南,历下区,奥体西路与礼耕路交叉口西南处龙湖奥体天街(3F层铺位B-3F-08),,,36.668143,117.110122
,肯德基(省博店),济南,历下区,经十路,,,36.657333,117.095011
,肯德基(济南万象城店),济南,历下区,经十路11111号华润万象城第3层第L367号房屋,,,36.659713,117.099498
,肯德基(银荷店),济南,历下区,高新区齐鲁软件园西北新大街以南崇华路以东银荷大厦E座一层,,,36.672939,117.130773
,肯德基(华龙店),济南,历城区,华龙路1825号嘉恒商务大厦裙楼一楼,,,36.680487,117.073944
,肯德基(工业南路店),济南,历下区,工业南路59号银座购物广场1层(近国际会展中心),,,36.681999,117.121807
,肯德基(高新万达店),济南,历下区,贤文片区工业南路以北颖秀路西侧的万达广场2楼2028号,,,36.685854,117.129496
,肯德基(洪山路店),济南,历下区,洪山路与旅游路交界口银座购物广场花园店一层,,,36.645032,117.096351
,肯德基(山东建筑大学),济南,历城区,凤鸣路1000号校内厚德路1号,,,36.682285,117.185653
,肯德基(体育馆店),济南,市中区,经十路124号1层,,,36.645366,117.011035
,肯德基(山大路店),济南,历城区,山大路124号一层肯德基餐厅,,,36.674744,117.056274
,肯德基(海蔚店),济南,历城区,花园路101号,,,36.684065,117.062339
,肯德基(燕山店),济南,历下区,窑头路8号银座商城(燕山店)东馆F1层,,,36.654429,117.076906
,肯德基(经十路店),济南,历下区,经十路15785号,,,36.648901,117.05127
,肯德基(大观园店),济南,市中区,纬二路49号一层二层肯德基餐厅,,,36.660298,116.997168
,肯德基(荆山路店),济南,历下区,荆山路780号仁合商务楼一层,,,36.642833,117.07572
,肯德基(解放路店),济南,历下区,历下区中心医院隔壁(解放路105号一层),,,36.666911,117.049275
,肯德基(文东店),济南,历下区,文化西路1号,,,36.655581,117.037383
,肯德基(汉峪金谷店),济南,历城区,高新区经十路与舜华南路交汇处东南角汉峪金谷峪悦里A2区B1层,,,36.658589,117.145174
,肯德基(智育谷店),济南,历下区,和平路47号城基3期B1层1-2层,,,36.661551,117.049729
,肯德基(天环中心·星光汇店),济南,历下区,杨柳路与奥体西路交叉口东南140米(八涧堡地铁站E口旁),,,36.702585,117.104595
,肯德基(宽厚里店),济南,历下区,泉城路26号济南历下世茂广场东座1F层,,,36.664245,117.031933
,肯德基(华信店),济南,历城区,花园路78号华信购物广场,,,36.687703,117.082436
,肯德基(山大路店),济南,历城区,山大路124号一层,,,36.674737,117.056273
,肯德基(乐活港店),济南,市中区,ccpark乐活港,,,36.605129,117.02308
,肯德基(玉泉店),济南,历下区,泺源大街68号,,,36.660095,117.027873
,肯德基(万虹店),济南,历城区,工业北路60号万虹广场F1层,,,36.71696,117.132474
,肯德基(星艺佳店),济南,天桥区,清河路以北历黄路东侧的星艺佳生活广场一层,,,36.703724,117.035645
,肯德基(瑞泰大厦店),济南,历下区,解放东路13-2号L1层,,,36.662635,117.107799
,肯德基(龙湖北宸天街店),济南,历城区,凤凰路以西、工业北路北侧龙湖济南北宸天街购物中心负一层商铺号A栋-B1-37、38,,,36.721412,117.144008
,肯德基(北园大街店),济南,天桥区,北园大街225号红星美凯龙一层,,,36.690911,117.045324
,肯德基(经四路店),济南,市中区,纬一路以东经二路以南面向经四路的魏家庄万达商业广场东侧二层、三层,,,36.662985,117.004136
,肯德基(经十西店),济南,槐荫区,经十路23606-2号,,,36.648238,116.967706
,肯德基(融创店),济南,历城区,融创茂广场号商铺商场内餐厅,,,36.672037,117.200046
,肯德基(济南新泉城店),济南,历下区,泉城路185号新华书店一层二层,,,36.66516,117.024065
,肯德基(北园店),济南,天桥区,北园大街483号北园银座购物广场一层,,,36.685016,117.013365
,肯德基(中海富华里店),济南,历城区,华山片区光华大道以西丰华路以南前王路以北西B-2地块中海富华里北里1号2号3号号楼1层铺位号143-144-145,,,36.721665,117.057862
,肯德基(齐鲁科技金融大厦店),济南,历下区,虞舜街10号L1层铺位号(51-01),,,36.678107,117.107583
,肯德基(文体中心店),济南,历下区,兴港路中段北侧历下文体档案一层,,,36.675793,117.16765
,肯德基(中铁逸都店),济南,历城区,凤凰路6700号F1层,,,36.650838,117.15881
,肯德基(济高珑悦府DT店),济南,历下区,珑悦府B区西北侧L1层,,,36.691129,117.112588
,肯德基(银座新辰天地),济南,历城区,唐冶中路5199号银座新辰天地G层029,,,36.672867,117.224941
,肯德基(河王暖阳店),济南,槐荫区,经十路22799号银座中心一侧步行街入口处F1层126B商铺与F2层221商铺,,,36.649104,116.977492
,肯德基(金牛店),济南,天桥区,无影山北路南首东侧鑫福盛大厦一层二层肯德基,,,36.696689,116.977685
,肯德基(港西路店),济南,历城区,历城区高新区港兴三路北段未来创业广场A116,,,36.668487,117.224396
,肯德基(西苑),济南,天桥区,无影山中路100号(近西苑小区对面),,,36.683146,116.969415
,肯德基(高新绿城玉兰花园·润园店),济南,历城区,汉峪中路789号绿城玉兰花园3号楼一层铺位号102号,,,36.638375,117.141125
,肯德基(英雄山路),济南,市中区,六里山街道英雄山路165号幢10-A2号商铺,,,36.612625,117.005075
,肯德基(嵩山广场餐厅),济南,历城区,经十路7000号汉峪金融商务中心四区互联网大厦1A-212号,,,36.661219,117.148794
,肯德基(堤口店),济南,天桥区,堤口路80号1层(济南站北地铁站E口步行440米),,,36.674902,116.981495
,肯德基(会展店),济南,市中区,舜耕路28号,,,36.635556,117.023654
,肯德基(云泉中心店),济南,历城区,凤凰路5055号云泉中心一层L120L121号,,,36.665817,117.148503
,肯德基(荣祥店),济南,槐荫区,济兖路165号世购服装广场华联超市1楼,,,36.653062,116.921773
,肯德基(济微路店),济南,市中区,南辛庄西路320-13号华联超市1层,,,36.619265,116.95817
,肯德基(阳光新路店),济南,市中区,阳光新路69号银座购物广场鸿园店F1层,,,36.630898,116.982601
,肯德基(湖光里餐厅),济南,历下区,龙驰路1600号湖光里商业中心1层(105-1),,,36.633338,117.114668
,肯德基(苹果城店),济南,历下区,历山路118号文华园底层商业苹果城地下一层和一层的房产,,,36.659047,117.039189
,肯德基(印象济南店),济南,槐荫区,青岛路2668号印象济南泉世界一层,,,36.675691,116.908743
,肯德基(济泺路店),济南,天桥区,济泺路87-1号太阳城一,,,36.702125,116.993554
,肯德基(城发盛唐荟店),济南,历城区,唐冶西路以东贞元街以北城发盛唐荟一层,,,36.703358,117.220912
,肯德基(荣盛时代国际店),济南,历城区,北园大街9号荣盛时代国际B座一层临大润发,,,36.702571,117.062016
,肯德基(王舍人店),济南,历城区,工业北路28号,,,36.720041,117.155952
,肯德基(县西巷店),济南,历下区,县西巷5号,,,36.670118,117.028126
,肯德基(首创奥莱店),济南,历城区,唐冶片区唐冶东路西侧世纪大道北侧首创奥莱F2,,,36.691833,117.232941
,肯德基(复利广场店),济南,槐荫区,魏华西路以南腊山西路以东复利广场1层W129-1号,,,36.627275,116.901575
,肯德基(晶都店),济南,市中区,顺河东街银座晶都国际大厦1号楼一层,,,36.661025,117.007225
,肯德基(济南西部百联店),济南,槐荫区,海那城百联奥特莱斯广场一层B136/1商铺,,,36.71752,116.921738
,肯德基(玉函银座店),济南,历下区,经十路19288号鲁商广场地下一层,,,36.646115,117.014994
,肯德基(浪潮科技园外卖站),济南,历下区,浪潮科技园区06号楼B1层,,,36.662362,117.129498
,肯德基(东陈路店),济南,历城区,东陈路与君授路交汇处人民政府华山街道办事处圣豪商业街一层商铺号P04-101,,,36.738814,117.07159
,肯德基(东城逸家餐厅),济南,历城区,东城逸家逸贤园一区舜义路1976号一层部分商铺及1078号商铺,,,36.650468,117.145751
,肯德基(山水店),济南,市中区,二七新村南路9号,,,36.631427,116.990593
,肯德基(济南东站店),济南,历城区,坝王路高铁济南东站JND-CY-06号场地,,,36.747137,117.160036
,肯德基(出版大厦),济南,市中区,经十路山东出版智能产业大厦一层东北角,,,36.648265,116.987254
,肯德基(小清河大润发店),济南,天桥区,生产北路和小清河南路交叉口以南,,,36.701325,117.017225
,肯德基甜品站(玉函路店),济南,历下区,经十路106号映日湖北岸,,,36.645486,117.019816
,肯德基(领秀城店),济南,市中区,鲁能领秀城C区中心商业街华联家悦超市东邻,,,36.594373,117.010151
,肯德基(书苑餐厅),济南,市中区,二环南路和舜耕路交叉口西北角书苑广场一层,,,36.597913,117.010643
,肯德基(长清大学城店),济南,长清区,紫薇路2567号西城泉盈酒店一层,,,36.556625,116.819493
,肯德基(望岳路店),济南,市中区,望岳路1777号唐人中心一区东200米,,,36.587366,116.996374
,肯德基(力高·澜湖郡店),济南,天桥区,药山街道粟山路69号澜湖郡14号楼101,,,36.699064,116.947276
,肯德基(幸福街),济南,槐荫区,幸福街19号,,,36.676005,116.947279
,肯德基(玖玺广场餐厅),济南,历下区,经十路以北凤山路以西银丰玖玺广场一层(L118),,,36.674002,117.15438
,肯德基(东关大街DT店),济南,历下区,东关大街9号海右商厦一层,,,36.678561,117.044155
,肯德基(东部百联店),济南,历城区,济南市高新东区孙村片区春晖路6777号A150商铺,,,36.675292,117.291266
,肯德基(中海国际店),济南,市中区,泉海路中海国际便民服务中心,,,36.600325,116.977025
,肯德基(仲宫龙山路),济南,历城区,仲宫镇龙山路27号,,,36.500881,117.024066
,肯德基(济南西环车速取餐厅),济南,市中区,二环西路10266号院内11号仓库物业一层店铺号LHB-1,,,36.63512,116.934912
,肯德基(经七纬一KFC餐厅),济南,市中区,经七路107号一层,,,36.656945,117.002527
,肯德基(济南西客站出发层店),济南,槐荫区,济南西站出站大厅,,,36.668532,116.890911
,肯德基(省青少年宫),济南,市中区,经十一路纬二路交叉口,,,36.645905,116.997553
,肯德基(正安路店),济南,济阳区,正安路以东富阳路以北济南华百电影文化广场一层的房产,,,36.968078,117.175555
,肯德基(双山店),济南,章丘区,区双山大街鲁宏大道交界口明珠时代广场一层肯德基,,,36.700491,117.531463
,肯德基(肯律轻食经十路餐厅),济南,历下区,经十路15785号,,,36.648923,117.051231
,肯德基(山泉路店),济南,章丘区,山泉路以南原粮食局以西维华商业广场一层的房产,,,36.711014,117.533683
,肯德基(大明湖鹊华居餐厅),济南,历下区,大明湖路5号鹊华广场西侧,,,36.673497,117.032936
,肯德基(阳光100美乐汇),济南,槐荫区,阳光新路19/23号阳光壹佰美乐汇一层102A-1,,,36.636875,116.982525
,肯德基(济南遥墙机场店),济南,历城区,济南遥墙机场国内到达A区出口旁,,,36.852566,117.213661
,肯德基(济南站售票厅西首店),济南,天桥区,车站街19号济南站2层候车厅,,,36.670722,116.990968
,肯德基(山东财经大学圣井校区店),济南,章丘区,经十东路18602号,,,36.670914,117.373487
,河王暖阳肯德基,济南,槐荫区,济兖路569-4号,,,36.639879,116.854964
,肯德基(弘阳广场店),济南,槐荫区,兴福寺路济南弘阳广场一层,,,36.673855,116.908305
,肯德基(济南遥墙机场出发层店),济南,历城区,济南遥墙国际机场T1航站楼2F出发层安检一区入口,,,36.850015,117.213399
,肯德基(济南泺口商贸中心餐厅),济南,天桥区,济泺路64号泺口服装城商贸中心一层,,,36.706225,116.996125
,肯德基(大岳商城餐厅),济南,章丘区,文汇路以南金盛花园东区以西大岳商城L1层西北角,,,36.670852,117.523017
,肯德基(榆山路店),济南,平阴县,榆山路以西黄河路以东翠屏街以北茂昌银座新天地一期东部综合体101号商铺一层102号的房产,,,36.284566,116.45556
,肯德基(红石店),济南,莱芜区,文化南路8号银座一层二层,,,36.21133,117.677353
,肯德基(山师大长清湖校区店),济南,长清区,山东师范大学长清湖校区第二食堂,,,36.542893,116.830045
,肯德基(花园路店),济南,莱芜区,莱芜汶源大街以北花园北路以西一层,,,36.22178,117.684439
,肯德基(名景台餐厅),济南,槐荫区,腊山河西路与聊城路交叉口东北角济南佳乐家超市一层西北角,,,36.685677,116.908933
,肯德基(商河爱琴海店),济南,商河县,商中路和银河路交叉口西南角一层,,,37.298829,117.157938
,肯德基(创新谷晶格广场店),济南,长清区,海棠路8366号齐鲁创新谷晶格广场3号楼一层,,,36.508744,116.80772
,肯德基(刁镇中心大街),济南,章丘区,中心大街与北园路交叉口西南120米,,,36.883898,117.512936
,肯德基(闫千户华联店),济南,槐荫区,"段兴东路3号华联超市一层,铺位号为02号",,,36.660433,116.947003
,肯德基炸鸡(金牛小区北区店),济南,天桥区,金牛小区北区18号楼东门西50米,,,36.698659,116.979859
,肯德基(章丘正信楼店),济南,章丘区,汇泉路4566号银冠台湾不夜城六期正信楼商业一层,,,36.719775,117.508507
,肯德基(莱芜鲁商广场店),济南,莱芜区,龙潭西大街138号一层莱芜赢昊财富广场餐厅,,,36.226869,117.668194
,肯德基炸鸡店(东亚商业街店),济南,长清区,畜牧局西邻,,,36.557752,116.745594
,肯德基(莱芜钢城店),济南,钢城区,银座商城钢城店北门旁,,,36.066478,117.833218
,长宏肯德基门,济南,历城区,忠意花园东南门东160米,,,36.502191,117.021707
,长清大学城KFC,济南,长清区,张衡路与紫薇路交叉口西北20米,,,36.557125,116.819775
,肯德基(明珠店),济南,长清区,大学路1088号,,,36.557644,116.768177
,肯德基车速取餐点(万科新街坊店),济南,历下区,奥体西路2377号L1层,,,36.684695,117.107808
,肯德基车速取餐点(济南新泉城店),济南,历下区,泉城路185号新华书店一层二层,,,36.665164,117.023928
,肯德基车速取餐点(力高·澜湖郡店),济南,天桥区,药山街道粟山路69号,,,36.699087,116.947229
,济南市肯德基门•感应门•玻璃隔断批发厂,济南,天桥区,北马鞍山路与袁家庄西路交叉口西北220米,,,36.703112,116.972082
,肯德基门,济南,莱芜区,317省道与241省道交叉口东140米,,,36.453525,117.476113
,自动门肯德基门,济南,济阳区,纬四路与华阳路交叉口东160米,,,36.984615,117.193576
,济南肯德基门玻璃门自动门加工厂,济南,天桥区,清河北路黄台装饰材料批发市场北区,,,36.707941,117.040614
,泽昊肯德基隔热断桥门窗,济南,商河县,商展路董家桥东88米,,,37.305816,117.186691
,自动门伸缩门工业门肯德基门车牌识别系统门禁系统,济南,天桥区,济洛路154号院A区169号,,,36.683032,116.997992
,盛鸿肯德基门铜铝门,济南,商河县,利民街与兴隆街交叉口东120米,,,37.325163,117.159884
,肯德基(聚源店),哈尔滨,松北区,中源大道11188号,,,45.814133,126.535547
,肯德基(教化店),哈尔滨,南岗区,西大直街93号(哈工大地铁站2号口步行330米),,,45.746371,126.629244
,肯德基(第六大道),哈尔滨,道里区,群力新区群力第六大道与崂山路交口处,,,45.72086,126.52061
,肯德基(江畔店),哈尔滨,道里区,中央大街259号,,,45.780039,126.617807
,肯德基(安发店),哈尔滨,道里区,抚顺街281号,,,45.754027,126.617869
,肯德基(太古街店),哈尔滨,道外区,太古街210号大润发一层,,,45.783467,126.660088
,肯德基(建议店),哈尔滨,道里区,新阳路365号,,,45.748894,126.606081
,肯德基(学府店),哈尔滨,南岗区,学府路53号(黑龙江大学地铁站1号口步行160米),,,45.705062,126.613411
,肯德基(天竹店),哈尔滨,南岗区,松花江街8号(哈尔滨站地铁站3号口步行350米),,,45.758901,126.633005
,肯德基(商业大学店)(暂停营业),哈尔滨,松北区,学海街1号哈尔滨商业大学A区体育场,,,45.822352,126.565764
,肯德基(迎宾店),哈尔滨,道里区,埃德蒙顿路38号嘉茂购物中心1层(近凯德广场),,,45.73448,126.593029
,肯德基(大成店),哈尔滨,南岗区,烟草街1号,,,45.760319,126.669889
,肯德基(新锐汇店),哈尔滨,南岗区,东大直街319号(博物馆地铁站2号口步行270米)B1层,,,45.760302,126.646522
,肯德基(河松店),哈尔滨,道里区,河松街115号(财智大厦一楼),,,45.749243,126.584284
,肯德基(学院路店),哈尔滨,呼兰区,学院路158号泓林金色地标径育运动城,,,45.873459,126.547892
,肯德基(承德广场店),哈尔滨,道外区,承德街289号承德广场1楼,,,45.778149,126.642164
,肯德基(人和 店),哈尔滨,南岗区,果戈里大街206号,,,45.754471,126.655168
,肯德基(和兴商厦店),哈尔滨,南岗区,西大直街400号(和兴路地铁站2B口步行110米),,,45.732997,126.616426
,肯德基(新阳店),哈尔滨,道里区,安国街76号,,,45.763097,126.612977
,肯德基(翰林店),哈尔滨,呼兰区,呼兰利民开发区学院路569号,,,45.874064,126.531669
,肯德基(兴江路店),哈尔滨,道里区,群力大道灵江路和群力第四大道围合区域1栋1层101号兴江路2403号地上一层,,,45.737463,126.551733
,肯德基(群力第一大道店),哈尔滨,道里区,群力第一大道与阳明滩大道交叉口东北60米,,,45.741892,126.526927
,肯德基(宽城店),哈尔滨,南岗区,海富名都城西南门西北130米,,,45.766627,126.665899
,肯德基(北华店),哈尔滨,南岗区,东大直街338号(博物馆地铁站3A口步行50米),,,45.758437,126.644342
,肯德基(福顺店),哈尔滨,南岗区,学府路1-1号凯德广场地下一层,,,45.720741,126.609696
,肯德基(红博店),哈尔滨,南岗区,红军街38号(博物馆地铁站3B口步行170米),,,45.756691,126.643614
,肯德基(太阳岛店),哈尔滨,松北区,索道下方游园路与平原街交叉口,,,45.78621,126.600148
,肯德基(松北润发店),哈尔滨,松北区,世茂大道400号城市之星小区S1号综合体,,,45.807732,126.527783
,肯德基(顾乡店),哈尔滨,道里区,顾乡大街85号世纪联华超市一层,,,45.737021,126.586821
,肯德基(中央大街胶囊车店),哈尔滨,道里区,中央大街89号七道街马迭尔冷饮厅广场2层,,,45.772425,126.619475
,肯德基(新一百店),哈尔滨,道里区,石头道街118号,,,45.770014,126.62369
,肯德基(桐楠格大润发店),哈尔滨,道里区,四方台大道与龙腾路交口大润发1层,,,45.715313,126.5508
,肯德基(利民店),哈尔滨,呼兰区,利民大道901号,,,45.893406,126.563361
,肯德基(冰雪大世界店),哈尔滨,松北区,冰景路辅路与松北大道交叉口西南400米,,,45.777116,126.565281
,肯德基(松浦大桥店),哈尔滨,松北区,浦源路3022号哈尔滨松北区观江国际购物中心F1层,,,45.821411,126.643378
,肯德基(鞍山街店),哈尔滨,南岗区,东大直街下方地一大道210号穆斯林医院,,,45.764968,126.651333
,肯德基(哈尔滨吾悦店),哈尔滨,南岗区,清华大街235号,,,45.717327,126.595678
,肯德基(泰山店),哈尔滨,南岗区,一曼街副2号泰山电子城1栋1层102号,,,45.773786,126.666012
,肯德基(松北万达茂店),哈尔滨,松北区,世茂大道99号融创茂1层,,,45.803672,126.504999
,肯德基(黑科技店),哈尔滨,松北区,黑龙江科技大学知味园食堂西侧门市,,,45.816667,126.653178
,肯德基(革新店),哈尔滨,南岗区,果戈里大街86号-(教堂旁边),,,45.751407,126.660386
,肯德基(新永平店),哈尔滨,道外区,永平小区203-204栋一层原家乐福一楼肯德基,,,45.785028,126.674525
,肯德基(祥安北大街店)(暂停营业),哈尔滨,松北区,祥安北大街649号北岸观江国际一楼,,,45.821599,126.516998
,肯德基(中央公园店),哈尔滨,南岗区,红旗大街339号红博二期中央公园负2层食林区20号(滑冰场旁),,,45.757156,126.699272
,肯德基(黄河店),哈尔滨,南岗区,红旗大街301号(会展中心肯德基服务组招募中),,,45.754712,126.69822
,肯德基(民生路店),哈尔滨,香坊区,民生路178号家乐福一层肯德基,,,45.737486,126.654049
,肯德基(黑大中央红店),哈尔滨,南岗区,学府路74号(黑龙江大学地铁站3A口步行390米),,,45.709767,126.61376
,肯德基(松北万象汇店),哈尔滨,松北区,世茂大道555号哈尔滨松北万象汇F3层,,,45.809971,126.537181
,肯德基(新疆大街店),哈尔滨,平房区,新疆大街117号,,,45.605296,126.629767
,肯德基(西城红场店),哈尔滨,南岗区,哈西大街299号西城红场购物中心生活港5层F5019,,,45.702793,126.593368
,肯德基(兆麟店),哈尔滨,道里区,透笼街32号,,,45.7697,126.627933
,肯德基(群力银泰城店),哈尔滨,道里区,丽江路2399号银泰城购物中心F1,,,45.737333,126.541211
,肯德基(新先锋店),哈尔滨,南岗区,先锋路471号居然之家一楼肯德基,,,45.766643,126.68298
,肯德基(三合路店),哈尔滨,香坊区,三合路133号,,,45.713066,126.666351
,肯德基(东站店),哈尔滨,道外区,桦树街1号(哈尔滨东站地铁站2号口旁),,,45.78997,126.709712
,肯德基(东直店),哈尔滨,道外区,东直路389号,,,45.791749,126.698591
,肯德基(新乐松店),哈尔滨,香坊区,乐松广场2楼,,,45.719538,126.649134
,肯德基(保健路店),哈尔滨,南岗区,保健路大众新城G2-4号商服(征仪路2-3号),,,45.698962,126.633611
,肯德基(哈尔滨香坊万达广场店),哈尔滨,香坊区,衡山路17号万达广场哈尔滨香坊店1F层,,,45.739925,126.678308
,肯德基(黑龙江煊德香安店),哈尔滨,香坊区,中山路61-2号,,,45.728536,126.674794
,肯德基(深哈产业园店),哈尔滨,松北区,深哈产业园14号独栋商服,,,45.783425,126.461588
,肯德基(绿地国博城),哈尔滨,松北区,中源大道绿地东北亚国际博览城1号地块城市展厅,,,45.833634,126.627557
,肯德基(工大嘉园KFC餐厅),哈尔滨,南岗区,文道街18号嘉园大厦一层,,,45.737974,126.638842
,肯德基(工程校园店),哈尔滨,南岗区,南通大街145号哈工程大学院内第九公寓对面,,,45.777157,126.681306
,肯德基(近3号门店),哈尔滨,松北区,16999号枫叶小镇(近3号门)罗马广场附近,,,45.822422,126.462548
,肯德基甜品站(万达茂独立店),哈尔滨,松北区,世茂大道99号哈尔滨融创茂F3层,,,45.803672,126.504999
,肯德基(哈尔滨理工大学西区店),哈尔滨,南岗区,学府路52号哈尔滨理工大学西区一食堂,,,45.716353,126.615916
,肯德基(哈站站内店),哈尔滨,南岗区,铁路街1号哈尔滨站高架候车厅夹层西侧1-3号,,,45.76102,126.632156
,肯德基(哈西汇智餐厅),哈尔滨,南岗区,东方大街与规划路围合区域铁汇街汇智中心D座0910号商一层,,,45.710125,126.569825
,肯德基甜品站(哈尔滨中央大街店),哈尔滨,道里区,中央大街1号哈尔滨中央大街,,,45.772359,126.619434
,肯德基(金爵万象店),哈尔滨,南岗区,中兴左街2号金爵万象商业广场F1层,,,45.699303,126.583313
,肯德基(百年俪景店),哈尔滨,道里区,丽江路1383号百年俪景G栋商服,,,45.72102,126.556486
,肯德基(龙创新世纪店),哈尔滨,南岗区,华山路3-2号,,,45.741787,126.682732
,肯德基(淮河路店),哈尔滨,南岗区,淮河路75号,,,45.763501,126.703296
,肯德基(艺汇家店),哈尔滨,南岗区,红旗大街240号(艺汇家一层),,,45.753207,126.695389
,肯德基(枫叶小镇店),哈尔滨,松北区,中源大道16999枫叶小镇一楼罗马广场电梯下面,,,45.82307,126.463215
,肯德基(哈西万达店),哈尔滨,南岗区,中兴大街168号万达购物广场三楼,,,45.700056,126.589035
,肯德基(呼兰街店),哈尔滨,呼兰区,建设街文明小区5号楼北1门畅想国际购物中心一层,,,45.978077,126.606295
,肯德基(祥安北大街车速取餐厅),哈尔滨,松北区,规划11路以东规划18路以北区域祥安北大街649号,,,45.821599,126.517069
,肯德基(西十二道街店)(暂停营业),哈尔滨,道里区,西十二道街65号,,,45.770687,126.620456
,肯德基(金地峯范店),哈尔滨,南岗区,科学大道与中兴左街交角以北地段金地峯范项目1号楼10-14号,,,45.692809,126.572756
,肯德基(铜锣湾餐厅),哈尔滨,道里区,群力第五大道铜锣湾一层,,,45.733825,126.564525
,肯德基(汇智五洲城DT店),哈尔滨,香坊区,长江路与香坊南北路交口汇智五洲商场一楼,,,45.751843,126.778721
,肯德基(万科金域悦府店),哈尔滨,香坊区,拥军路与规划华北街交口西北侧万科金域悦府S5号楼门市,,,45.689884,126.686684
,肯德基国展店,哈尔滨,南岗区,西大直街40号,,,45.753653,126.641094
,肯德基(哈东万达),哈尔滨,香坊区,区香福路55号永泰香福汇地块-商业裙房1层3号,,,45.718099,126.760108
,肯德基(金城店),哈尔滨,阿城区,解放大街67号,,,45.538336,126.973703
,肯德基(解放大街店),哈尔滨,阿城区,解放大街与会宁路交叉口达仁印象城一层,,,45.537833,126.98162
,肯德基(凯旋K咖啡小馆),哈尔滨,香坊区,哈平路2号凯旋新生活购物广场一层,,,45.721301,126.64509
,肯德基(景观店),哈尔滨,双城区,中央红金源商场东南门旁,,,45.369639,126.317883
,肯德基(东滨广场餐厅),哈尔滨,香坊区,延福街南与升永街西交界处,,,45.7262,126.695468
,肯德基(解放大街店),哈尔滨,阿城区,解放大街与会宁路交叉口达仁印象城1层,,,45.537813,126.981687
,肯德基(绿海华庭店),哈尔滨,香坊区,旭升南街212-3号绿海华庭二期家得乐旁,,,45.690502,126.662272
,肯德基(太平洋商厦餐厅),哈尔滨,平房区,新疆大街8号,,,45.605775,126.633525
,肯德基(民生国际餐厅洗手间),哈尔滨,香坊区,民生路与文端街交叉口西南40米,,,45.737519,126.653818
,肯德基(宾州商厦店),哈尔滨,宾县,宾州镇文化街宾州商厦一层,,,45.758651,127.487266
,肯德基(华泰店),哈尔滨,巴彦县,巴彦镇东直路与集市路交口华泰购物中心一层,,,46.077759,127.408526
,肯德基(机场T2安检内43登机口),哈尔滨,道里区,太平国际机场安检内指廊43号登机口斜对面,,,45.621896,126.240547
,肯德基(五常新天地店),哈尔滨,五常市,文苑街新天地购物广场10号商服,,,44.917346,127.155745
,肯德基(阳光度假村店),哈尔滨,尚志市,亚布力滑雪旅游度假区亚布力阳光度假村4号酒店式公寓B区原车库1层,,,44.781756,128.450349
,肯德基(新尚志路餐厅),哈尔滨,尚志市,尚志镇利民委隆丰集贸大厦主楼1层(哈尔滨尚志市步行街27号),,,45.212265,127.967076
,肯德基(尚志服务区店),哈尔滨,尚志市,平安街与南站东路交叉口西南180米,,,45.194598,127.953133
,肯德基永平餐厅工会户外劳动者服务站点(乐松购物广场太平桥餐厅),哈尔滨,道外区,东直路与安华街交叉口东南60米,,,45.78497,126.674912
,肯德基(得莫利服务区),哈尔滨,方正县,得莫利服务区南区(往佳木斯方向),,,45.872792,129.027378
,肯德基(锦绣华城餐厅),哈尔滨,南岗区,学府路382号商场栋1-2层3233 34号商服一层,,,45.667689,126.622913
,肯德基肯悦咖啡,哈尔滨,香坊区,安通街万科智慧未来城AS-06栋商服未来城肯德基肯悦咖啡,,,45.695633,126.713964
,肯德基(金瑞林城店)(暂停营业),哈尔滨,香坊区,通乡街193-17号金瑞·林城(二期)商业单元瑞成购物中心1层主门旁,,,45.707239,126.687606
,肯德基甜品站(红博中央公园店),哈尔滨,南岗区,黄河路红博中央公园B1,,,45.758742,126.696285
,肯德基甜品站(哈西万达店),哈尔滨,南岗区,中兴大道168号万达广场哈尔滨哈西店3F层,,,45.699955,126.58685
,肯德基甜品站(哈西红场店),哈尔滨,南岗区,哈西大街299号西城红场生活港F3层,,,45.702716,126.593233
,肯德基车速取餐点(得莫利服务区店),哈尔滨,方正县,得莫利服务区F栋,,,45.872782,129.027376
,肯德基(呈贡万达店),昆明,呈贡区,呈贡新区驼峰街与彩云南路交叉路口的万达广场(1019-1020)号,,,24.871787,102.828605
,肯德基(呈贡吾悦店),昆明,呈贡区,彩云中路与祥和路交叉路口处昆明呈贡吾悦广场二楼,,,24.887775,102.825181
,肯德基(新亚洲店),昆明,官渡区,新亚洲体育城地铁站天桥下方星耀广场1楼,,,24.94675,102.768742
,肯德基(云南大学呈贡区店),昆明,呈贡区,兴园路5号,,,24.826288,102.857776
,肯德基(南悦城店),昆明,西山区,广福路1689号-1713号1层产权铺号4栋4111A,,,24.977384,102.712515
,肯德基(绿地东海岸店),昆明,呈贡区,绿地·东海岸,,,24.87991,102.801731
,肯德基(吉大店),昆明,盘龙区,集大广场一楼环城东路188号,,,25.043577,102.732498
,肯德基(世纪城店),昆明,官渡区,金源大道一号世纪金源购物中心一楼肯德基餐厅,,,24.977401,102.763539
,肯德基(昆明高铁到达店),昆明,呈贡区,呈贡高铁站(昆明南火车站地铁站出入口步行130米),,,24.870736,102.861403
,肯德基(大都摩天店),昆明,官渡区,彩云北路与珥季路交叉路口大都摩天购物中心一层A-102-1号,,,24.970382,102.768275
,肯德基(西山店),昆明,西山区,兴苑路507号,,,25.039185,102.65647
,肯德基(西福路店),昆明,西山区,广福路与西福路交叉口,,,25.007896,102.67157
,肯德基(美辰店),昆明,五华区,富春街98号美辰百货F1层,,,25.043363,102.702732
,肯德基(北城天地店),昆明,盘龙区,碧桂园北城映象北城天地8A栋,,,25.09178,102.744676
,肯德基(昆明广场店),昆明,盘龙区,同德广场负一楼肯德基(白云路地铁站A1口步行140米),,,25.068839,102.723898
,肯德基(新顺城店),昆明,五华区,崇仁街15号顺城购物中心1层,,,25.034696,102.707902
,肯德基(昆明大悦城店),昆明,西山区,环城南路618号好悦天地二期B1层,,,25.022026,102.714174
,肯德基(嘉年华店),昆明,五华区,霖雨路288号约会嘉年华购物中心F1层,,,25.094875,102.735559
,肯德基(财经大学KFC),昆明,五华区,龙泉路上马村云大教工小区1幢超市2号2层,,,25.083064,102.717258
,肯德基(北辰店),昆明,盘龙区,北辰大道2-4号(北辰地铁站D口步行50米),,,25.080654,102.733459
,肯德基(碧桂园·北城映象谷雨苑店),昆明,盘龙区,霖雨路5号碧桂园·北城映象谷雨苑,,,25.091247,102.745798
,肯德基(山姆店),昆明,官渡区,春城路沃尔玛一层,,,25.01326,102.730852
,肯德基(正大紫都城店),昆明,五华区,茭菱路1110号正大风尚广场F1层,,,25.049863,102.670343
,肯德基(融通中心店),昆明,盘龙区,北京路788号1层(穿心鼓楼地铁站A口步行300米),,,25.052425,102.719275
,肯德基(白云店),昆明,盘龙区,白云路1021号(白云路地铁站D口步行260米),,,25.067525,102.724725
,肯德基(正义路店),昆明,五华区,新大新百货北门西60米,,,25.04175,102.709649
,肯德基(昆明南站出发层店),昆明,呈贡区,昆明南站J20号商铺,,,24.871336,102.863045
,肯德基(云山路店),昆明,西山区,云山路与二环西路交叉口一二三层,,,25.038693,102.670501
,肯德基(富康城店),昆明,官渡区,进出口加工区浦发路与龙辉路交叉口富康城昆明经开中心1号门一楼,,,24.96701,102.793036
,肯德基(昆明湖店),昆明,盘龙区,北京路延长线融城昆明湖中坝15地块20栋1层104-105-106二层201,,,25.130142,102.762415
,肯德基(光辉城市店),昆明,西山区,光辉城市南1门北120米,,,24.987038,102.706234
,肯德基(安宁万达店),昆明,安宁市,昆孟线罗白馨苑南侧,,,24.9158,102.503381
,肯德基(龙泉店),昆明,五华区,龙泉路35-37号,,,25.067601,102.709318
,肯德基(新南亚店),昆明,西山区,滇池路南亚风情第一城A2栋一楼,,,25.009685,102.683977
,肯德基(螺蛳湾一期店),昆明,官渡区,彩云北路新螺狮湾一期市场W区W1-001号,,,24.933896,102.775117
,肯德基(廊桥阳光城),昆明,呈贡区,新城高新技术产业基地A-7-2-1地块廊桥阳光商业中心8幢9幢1层,,,24.776155,102.806797
,肯德基(云投中心店),昆明,西山区,云投财富商业广场一层112号铺,,,25.043887,102.682341
,肯德基(昆明瑞鼎城购物公园店),昆明,盘龙区,白云路爱琴海购物公园B1层,,,25.054294,102.74238
,肯德基(青年路店),昆明,五华区,人民中路17号新西南,,,25.041487,102.715479
,肯德基(会展奥莱店),昆明,官渡区,王府井滇池小镇3F-3街-015,,,24.942004,102.7091
,肯德基(昆明万象城店),昆明,官渡区,环城路东郊路口昆明万象城B134号商铺,,,25.03003,102.734365
,肯德基(云大附中店),昆明,五华区,7-ELEVEn旁边,,,25.055641,102.700239
,肯德基(新迎路餐厅),昆明,盘龙区,白龙路199-209-211号1层铺位号F111,,,25.052227,102.737939
,肯德基(滇池后海店),昆明,西山区,马街街道办事处碧鸡路2999号,,,25.015015,102.652927
,肯德基(七彩ME  TOWN  店),昆明,盘龙区,白塔路399号ME TOWN蜜糖购物中心F1层,,,25.048351,102.726787
,肯德基(广福路爱琴海店),昆明,西山区,广福路488号金科·爱琴海购物公园1F层,,,24.992264,102.684593
,肯德基(大板桥店),昆明,官渡区,中国石化大板桥服务区北区加油站(中交)南侧160米,,,25.126275,103.015225
,肯德基(石林店),昆明,石林彝族自治县,石林旅游服务中心区阿诗玛文化旅游城2栋2-L1012-L1022-L103层,,,24.83567,103.331798
,肯德基(海伦国际店),昆明,官渡区,金源大道与广福路交叉路口海伦国际大润发购买广场一楼,,,24.966378,102.742418
,肯德基(大屯店),昆明,安宁市,大屯路与珍泉交叉路口金色时代广场,,,24.913823,102.465321
,肯德基(首创奥莱店),昆明,五华区,昌源北路1390号昆明首创奥莱商业中心2号门一层F1-B30号铺,,,25.075051,102.641843
,肯德基(公园1903朵彩餐厅),昆明,西山区,公园1903负一层朵彩市集扶梯口左转肯德基,,,24.985825,102.676125
,肯德基(长水机场店),昆明,官渡区,长水国际机场候机楼负一楼,,,25.097291,102.927209
,肯德基(高新吾悦店),昆明,五华区,普吉街道办事处玉筇路与沙河路新城吾悦广场一层1031号商铺,,,25.090361,102.657347
,肯德基(前兴路万达店),昆明,西山区,前兴路688号万达广场西山店2层2027,,,25.006999,102.710349
,肯德基(创富中心店),昆明,嵩明县,玉明路与水真路路旁嵩明创富中心一层,,,25.333544,103.047459
,肯德基(昆明火车站店),昆明,官渡区,昆明站北进站口实名验证通道左侧一楼商铺,,,25.015827,102.722101
,肯德基(海鸥岛KFC),昆明,西山区,滇池度假区迎海路阳光外滩WT-3幢1-2层,,,24.983769,102.65121
,肯德基(机场安检内店),昆明,官渡区,昆明长水国际机场安检区内,,,25.097048,102.929779
,肯德基(安宁吾悦广场店),昆明,安宁市,金方路116号吾悦广场昆明安宁店F1层,,,24.924963,102.483041
,肯德基(里外里店),昆明,嵩明县,文苑路3号里外里商业中心F1层,,,25.238905,102.995994
,肯德基(晋宁吾悦广场店),昆明,晋宁区,区昆明街道办事处永乐大街东侧宝塔路以北晋宁新城吾悦广场一层1021号商铺,,,24.654203,102.593892
,肯德基(启鸿假日店),昆明,五华区,假日城市小区一层,,,25.062768,102.65677
,肯德基(宜良愿景城市广场),昆明,宜良县,鱼龙路与花园路交叉口东北侧愿景城市广场一期A区2幢F1-2层,,,24.919065,103.146327
,肯德基(机场出发浮岛店),昆明,官渡区,昆明长水机场出发层浮岛4层,,,25.095852,102.928079
,肯德基(和谐世纪店),昆明,五华区,小康大道和谐世纪一层,,,25.102447,102.732487
,KFC(昆明呈贡万达广场店),昆明,呈贡区,万达广场(昆明呈贡店),,,24.87171,102.828567
,肯德基(昆明宜家店),昆明,五华区,小屯路与王筇路交叉口昆明宜家家居商场L1层01A22号,,,25.087664,102.666498
,肯德基(昆明奥莱砂之船店),昆明,安宁市,太平新城街道办事处砂之船奥特莱斯商业广场一期一栋一层,,,24.917593,102.575256
,肯德基(禄劝秀屏路KFC),昆明,禄劝彝族苗族自治县,屏山街道办秀屏路137号,,,25.558515,102.470042
,KFC甜品站(集大广场店),昆明,盘龙区,环城东路188号沃尔玛购物广场一层,,,25.043465,102.732507
,KFC甜品站(美辰百货店)(暂停营业),昆明,五华区,人民中路富春街98号美辰百货F1层,,,25.043333,102.702798
,KFC甜品站(北辰店),昆明,盘龙区,北京路延长线财富中心E栋(北辰地铁站D口旁),,,25.080633,102.733575
,肯德基(星耀路店),昆明,官渡区,星耀路星都总部基地星世界A座1-2层,,,24.954722,102.767292
,肯德基-甜品站(家乐福店),昆明,盘龙区,北京路与金江路交叉口南180米,,,25.06751,102.724651
,品城肯德基门,昆明,官渡区,昌宏西路辅路与云南博富新商贸街交叉口西南220米,,,24.990054,102.756259
,云南凤牌肯德基门自动门公司(中南城店),昆明,安宁市,中南城不锈钢专业市场,,,24.905737,102.511721
,肯德基(合肥潜山路店),合肥,蜀山区,潜山路与望江西路交叉口乐购超市一楼肯德基,,,31.831662,117.232516
,肯德基(合肥华润五彩城店),合肥,蜀山区,望江西路128号蜀山万象汇F1,,,31.829156,117.251184
,肯德基(濉溪路店),合肥,庐阳区,新天地国际广场1层(白水坝地铁站A口步行290米),,,31.879998,117.28017
,肯德基(合肥唯品会店),合肥,蜀山区,金寨南路与南二环交口安粮唯品会购物中心1层F1001a铺位,,,31.81805,117.252821
,肯德基(万象城店),合肥,蜀山区,潜山南路与习友路交口华润万象城B123号商铺,,,31.798924,117.231902
,肯德基(怀宁路店),合肥,蜀山区,长江西路与怀宁路交叉口北京华联购物中心F2层,,,31.854497,117.222106
,肯德基(大洋店),合肥,蜀山区,三里庵肥西路和南一环交口之心城商业B1FT-A31商铺负1F,,,31.85463,117.257054
,肯德基(高新合家福店),合肥,蜀山区,长江西路691号(天柱路地铁站B口步行450米),,,31.854416,117.203333
,肯德基(桐山店),合肥,蜀山区,正大广场外侧一楼,,,31.78119,117.227868
,肯德基(合肥科大店)(暂停营业),合肥,蜀山区,金寨路鸿基商务大楼1幢1层,,,31.838178,117.26606
,肯德基(港汇广场店),合肥,蜀山区,望江路与潜山路交口东北角港汇广场一层,,,31.8334,117.232068
,肯德基(长江店),合肥,蜀山区,国购广场北门(三里庵地铁站出入口旁),,,31.854051,117.255801
,肯德基(合肥国购店),合肥,蜀山区,国购广场西南门旁(三里庵地铁站C口步行390米),,,31.852482,117.256849
,肯德基(观山隐秀店),合肥,蜀山区,创业大道以北蜀鑫路以西万科观山隐秀B栋1层101-102号,,,31.863549,117.208618
,肯德基(贡街店),合肥,包河区,繁华大道辅路与河北路交叉口西南100米,,,31.79422,117.328526
,肯德基(环球店),合肥,包河区,马鞍山路1000号新都会环球广场1-2层,,,31.847888,117.301477
,肯德基(长丰路店),合肥,蜀山区,长江西路环球金融广场b2座(安农大地铁站E口旁),,,31.858667,117.264785
,肯德基(曙光店),合肥,包河区,金寨路136号乐城生活超市一楼(中国科大东区地铁站A口步行330米),,,31.844807,117.271899
,肯德基(中环大润发店),合肥,蜀山区,翡翠路与繁华大道交叉口中环购物中心一层,,,31.781511,117.209345
,肯德基(百乐门苏果店),合肥,蜀山区,经济开发区繁华大道与莲花路交叉口百乐门苏果超市一楼KFC,,,31.775719,117.229362
,肯德基(南七天地店),合肥,蜀山区,金寨路与望江西路交口金隅南七天地,,,31.828828,117.263108
,肯德基(马鞍山路万达店),合肥,包河区,马鞍山路130号万达广场1层(包公园地铁站出入口旁),,,31.856164,117.301913
,肯德基(世纪金源店),合肥,包河区,方圆荟C区一层,,,31.742605,117.289547
,肯德基(合肥百货大楼店),合肥,庐阳区,1-38&A1-39铺位长江中路150号合肥百货大楼集团股份有限公司合肥百货大楼一层A1-37&A,,,31.862441,117.28737
,肯德基(井岗路店),合肥,蜀山区,井岗路与甘泉路交口CBC拓基广场一层,,,31.856462,117.172793
,肯德基(体育公园店),合肥,蜀山区,渡仙桥路与激水路交叉口一派荟邻里生活中心一层,,,31.877519,117.145782
,肯德基(永达店),合肥,蜀山区,永达餐厅(中国科大东区地铁站A口步行430米),,,31.845417,117.271141
,肯德基(宝利丰店),合肥,包河区,徽州大道宝利丰广场漫乐城一层铺位号1F1252F225,,,31.834988,117.285788
,肯德基(合肥超级家店),合肥,瑶海区,淮南路与淮吾路交叉口恒大中央广场40号商业一层109/110/111号铺,,,31.872625,117.303925
,肯德基(清溪路大润发店),合肥,蜀山区,合作化路与霍山路交口大润发超市一层,,,31.87143,117.250902
,肯德基(万科广场店),合肥,庐阳区,固镇路与紫杉路交口万科广场一层西南角1030号铺位,,,31.89156,117.233383
,肯德基(桃花百大奥莱店),合肥,肥西县,明珠路与玉兰大道交叉口东140米拓基广场,,,31.803906,117.160646
,肯德基(南艳湖店),合肥,蜀山区,锦绣大道与清潭路交叉口润宜家超市一层、二层,,,31.754261,117.260033
,肯德基(兴华苑店),合肥,瑶海区,新蚌埠路与物流路交口东北角新创公司兴华苑D区1号楼一层,,,31.903897,117.314606
,肯德基(胜利店),合肥,瑶海区,胜利路88号元一时代广场F1层,,,31.874458,117.307759
,肯德基(合肥欢乐颂店),合肥,庐阳区,长丰南路66号合肥欢乐颂购物中心,,,31.877451,117.261924
,肯德基(繁华新园餐厅),合肥,肥西县,桃花镇长古路与祝融路交口繁华新园社区中心1层0551-,,,31.775819,117.167361
,肯德基(合肥半边街店),合肥,蜀山区,环城南路8号半边街一层(大蜀山地铁站C口步行120米),,,31.850927,117.185136
,肯德基(和平路北华联店),合肥,瑶海区,和平路118号安徽华联购物广场1层,,,31.854688,117.331342
,肯德基(肥西绿地新都会KFC餐厅),合肥,肥西县,上派镇金寨南路绿地新都会G2幢1层,,,31.740156,117.180797
,肯德基(合肥软件园二期店)(暂停营业),合肥,蜀山区,创新大道与天峡路交叉口东260米,,,31.837857,117.136646
,肯德基(天下锦城店),合肥,包河区,祁门路与南屏路交口东南角锦城邻里中心1层,,,31.807776,117.257877
,肯德基(新华学院店),合肥,蜀山区,合肥高新技术产业开发区高新区玉兰大道新华学院西门商铺EQ-41EQ-42EQ-43,,,31.826819,117.181266
,肯德基(合肥百大心悦城店),合肥,包河区,紫云路与包河大道交口西北角心悦城购物中心一层1F-21-2商铺,,,31.741392,117.317461
,肯德基(肥西旭辉广场店),合肥,肥西县,翡翠路与派河大道交口西侧旭辉广场一层1F-014,,,31.737533,117.159396
,肯德基(太平洋森活广场餐厅),合肥,肥西县,香樟大道与明珠大道交口太平洋森活广场B2栋1层,,,31.806325,117.187875
,肯德基(肥西大润发店),合肥,肥西县,青年路与金寨南路交叉口(凉亭地铁站C口步行140米),,,31.725459,117.162814
,肯德基(高新银泰店),合肥,蜀山区,蜀山区高新区望江路与创新大道交口银泰城二层L2017号商铺,,,31.832445,117.132442
,肯德基(皇藏峪路店),合肥,瑶海区,新海大道888号,,,31.900128,117.337323
,肯德基(天鹅湖万达店),合肥,蜀山区,包河万达6号楼28楼,,,31.82065,117.221968
,肯德基(港澳广场店),合肥,蜀山区,港澳广场一层0551-,,,31.790949,117.209246
,肯德基(佳源广场店),合肥,包河区,洞庭湖路与庐州大道交口唯品会城市奥莱1F1036号铺位,,,31.733735,117.303197
,肯德基(合肥北城万达店),合肥,长丰县,阜阳北路与金峰路交口的万达广场1001号铺位,,,31.970365,117.262885
,肯德基(合肥南宁路店),合肥,包河区,庐州大道800号万达茂F1层,,,31.701992,117.303539
,肯德基(合肥龙河路餐厅),合肥,蜀山区,龙河路与肥西路交叉口,,,31.848417,117.25912
,肯德基(名邦大厦店),合肥,蜀山区,芙蓉路以西繁华大道以北名邦大厦裙楼B幢103-104号商铺,,,31.782584,117.263463
,肯德基(加侨国际店),合肥,包河区,东二环路与包河大道交叉口西南角加侨国际广场3号楼F1-F2层,,,31.815012,117.30227
,肯德基(融创城餐厅),合肥,蜀山区,合肥市开发区壶天路485号融科城创颐园S-1幢商业109/109上110/110上,,,31.793024,117.198776
,肯德基(禹州中央广场店),合肥,肥东县,长江东路辅路与文禹路交叉口东南220米,,,31.875087,117.440027
,肯德基(紫云路DT店),合肥,肥西县,金寨南路和紫云路交叉口,,,31.752878,117.199394
,肯德基(临泉路店),合肥,瑶海区,临泉路合家福1楼,,,31.876875,117.333822
,肯德基(宝业广场店),合肥,瑶海区,长江东路504号宝业·东城广场D区1-2层,,,31.870551,117.33752
,肯德基(肥西永辉店),合肥,肥西县,上派镇永辉超市一层肯德基0551-,,,31.720126,117.170904
,肯德基(世纪城店),合肥,长丰县,蒙城北路与双墩路交口世纪金源购物中心一楼,,,32.004592,117.24506
,肯德基(联投中心店),合肥,包河区,成都路与韶山路交口联投中心B座商103-104,,,31.709203,117.300323
,肯德基(东怡广场店),合肥,庐阳区,东怡广场C座(杏花公园地铁站B口步行260米),,,31.869927,117.278013
,肯德基(望湖城华联店),合肥,包河区,望湖中路与望湖西路交叉口西南角,,,31.806431,117.294964
,肯德基(合肥龙湖瑶海天街店),合肥,瑶海区,门台路与王岗路交口龙湖天街1楼3号门肯德基,,,31.866809,117.390151
,肯德基(新年邻里中心店),合肥,蜀山区,合肥经济技术开发区紫蓬路与清潭路交口红府邻里中心1层+2层,,,31.746853,117.268216
,肯德基(家天下乐购店),合肥,瑶海区,铜陵北路与扶疏路交汇处家天下生活广场B1,,,31.89492,117.325679
,肯德基(大众v-park店),合肥,蜀山区,云二路176号F1-A栋一层1F-1铺位,,,31.702446,117.241695
,肯德基(四里河永辉店),合肥,庐阳区,四里河路与北二环交叉口明发商业广场一楼肯德基,,,31.896963,117.234618
,肯德基(星海世纪广场店),合肥,瑶海区,濉溪路与嘉山路交叉口星海世纪广场肯德基餐厅,,,31.880366,117.293126
,肯德基(云谷缤纷店),合肥,包河区,西藏路与云谷路交口/华冶金谷广场一层1-1001/1-1002商铺,,,31.712579,117.280362
,肯德基(华盛大运城店),合肥,肥东县,裕溪路与合宁高速交口华盛大运城一楼肯德基餐厅,,,31.831588,117.41787
,肯德基(育才苑店),合肥,长丰县,朝阳路与富明路交叉口东60米,,,31.968194,117.154046
,肯德基(灯塔家园店),合肥,肥西县,灯塔路与妙道山路交口西北侧,,,31.706865,117.185114
,肯德基(合肥新交通大厦KFC店),合肥,瑶海区,长江东路1151号新交通大厦裙楼商业一层,,,31.863654,117.301469
,肯德基(车速取合肥中海环宇天地餐厅),合肥,包河区,龙川路以北西递路以东中海环宇天地项目S2号1层111-112b113b号商铺,,,31.79799,117.264869
,肯德基(硕金大街店),合肥,蜀山区,硕放路和金莲花路交口硕金大街2号楼一层,,,31.96196,117.032778
,肯德基(合肥罍街景区餐厅),合肥,包河区,宁国路1000号罍街2幢商106铺位,,,31.821599,117.293051
,肯德基(星隆大润发店),合肥,包河区,望江东路与东二环交口星隆大润发超市一层,,,31.826757,117.311761
,肯德基(柏堰湖KFC店),合肥,肥西县,合肥高新技术产业开发区柏堰湾路与文曲路交口龙湖欢肆项目1层L1-26号,,,31.815681,117.141174
,肯德基(蔚蓝商务港店),合肥,蜀山区,潜山路与天鹅湖东路交口蔚蓝商务港F座一层0551-,,,31.814221,117.23333
,肯德基(图书馆餐厅),合肥,蜀山区,祁门路与翡翠路交口东北角合肥市中心图书馆副楼西南角一层,,,31.809762,117.216495
,肯德基(大渡口佳利大厦店),合肥,蜀山区,大渡口镇206国道与大别山路交叉口佳利大厦一层,,,31.857953,117.13074
,肯德基(合肥弘阳广场餐厅),合肥,蜀山区,长江西路478号弘阳广场一层1F-08号商铺,,,31.85166,117.236911
,肯德基(庐阳大润发店),合肥,庐阳区,阜阳路和凤台路交界处大润发超市,,,31.893416,117.285121
,肯德基(包河万象汇餐厅),合肥,包河区,包河大道与龙川路交汇处合肥包河万象汇,,,31.808079,117.307114
,肯德基(坝上吾悦餐厅),合肥,瑶海区,芜湖路2号坝上街环球中心101-01新城吾悦广场一层1026号商铺,,,31.860821,117.307945
,肯德基(合肥银泰in77餐厅),合肥,蜀山区,祁门路333号合肥in77商场负一楼东北角,,,31.808113,117.231464
,肯德基(塘溪津门店),合肥,包河区,杭州路文一塘溪津门水街1层7-1-47-1-5号商铺,,,31.718604,117.315168
,肯德基(华孚城隍庙店),合肥,庐阳区,华孚城隍庙商业广场东北门西北70米,,,31.896687,117.275329
,肯德基(滨湖首创奥莱店),合肥,包河区,徽州大道与珠江路交口东北角,,,31.6923,117.288769
,肯德基(保利永辉店),合肥,瑶海区,新安江路与郎溪路交口保利广场B1层永辉超市旁,,,31.858977,117.358757
,肯德基(马鞍山路合家福店),合肥,包河区,马鞍山路与太湖路交叉口东北角合家福购物广场12层,,,31.833325,117.302125
,肯德基(滨湖银泰店),合肥,包河区,云谷路1718号银泰城B1,,,31.714325,117.300925
,肯德基(合肥观海路润宜家店),合肥,蜀山区,观海路3-111号,,,31.770642,117.270988
,肯德基(合肥新华书店餐厅),合肥,庐阳区,长江路与永贞路交叉口新华书店一层,,,31.861629,117.281621
,肯德基(泡泡岛音乐节咖啡车),合肥,包河区,合肥骆岗公园航站楼,,,31.779555,117.307825
,肯德基(连水路润宜家店),合肥,庐阳区,蒙城北路1166号恒盛皇家花园商业综合体A-商101,,,31.925016,117.266598
,肯德基(瑶海万达店),合肥,瑶海区,瑶海万达广场一楼,,,31.8782,117.349477
,KFC(蜀山万象汇店),合肥,蜀山区,望江西路121号蜀山万象汇蜀山万象汇L1层,,,31.829084,117.251238
,肯德基(城西桥家园店),合肥,蜀山区,城西桥家园C组团北门西240米,,,31.825042,117.084546
,肯德基(卧云邻里店),合肥,蜀山区,卧云路以南龙幡路以西卧云邻里中心一层,,,31.729893,117.253952
,肯德基(合肥中海九樾店),合肥,包河区,成都路与贵州路交口中海滨湖环宇天地街区5号楼106-107铺位,,,31.708904,117.270107
,肯德基(弘盛广场店),合肥,瑶海区,弘盛商业广场CD-106,,,31.933337,117.348015
,肯德基(要素市场店),合肥,包河区,滨湖新区南京路2588号要素市场一层商101-5室房屋,,,31.750603,117.283947
,肯德基(合肥满天星餐厅),合肥,瑶海区,临泉东路与戚继光路交口花溪龙庭商业2幢商101号满天星超市一层,,,31.875788,117.383476
,肯德基(合肥杉杉奥特莱斯店),合肥,包河区,杉杉奥特莱斯一楼B124,,,31.814566,117.340311
,肯德基(工经学院店)(暂停营业),合肥,包河区,祁门路与历口路交叉口西北80米,,,31.814933,117.325096
,肯德基(肥东润和尚品店),合肥,肥东县,位日出路与撮镇路交叉路口亿佰广场一楼肯德基0551-,,,31.852699,117.475339
,肯德基(融侨永辉店),合肥,庐阳区,阜阳北路融侨悦城永辉超市一二层,,,31.919209,117.28231
,肯德基(承寓东宸里店),合肥,瑶海区,和平路与障山路交口承寓东宸里9号商业楼1层A区,,,31.839444,117.379769
,肯德基(肥东伟星星悦店),合肥,肥东县,四顶山路辅路与山水路交叉口西北60米,,,31.85726,117.491318
,肯德基(肥东吾悦广场店),合肥,肥东县,桥头集路与长江东路交口吾悦广场一层1022号铺位,,,31.872029,117.457936
,肯德基(合肥数字科技园车速取餐厅),合肥,瑶海区,皇藏峪路数字科技产业园一期C3栋一层,,,31.897656,117.336766
,肯德基(东城永辉店),合肥,肥东县,撮镇镇东风大道东铁路北101室永辉华东生活广场一层,,,31.840246,117.418465
,肯德基(岗集祥和中央广场店),合肥,长丰县,岗集镇金岗大道与合瓦路交叉口祥和中央广场一层159/160/161号铺位,,,31.950954,117.193821
,肯德基(中心城店),合肥,庐江县,文明中路世纪中心MALL一层,,,31.243249,117.292133
,肯德基(星光国际餐厅),合肥,肥东县,店埠镇公园路星光国际广场3-S1幢125号商铺,,,31.886941,117.467373
,肯德基(合肥金地自在城店),合肥,长丰县,金地·方邻合肥北城店1号门旁,,,32.027179,117.240764
,肯德基紫蓬山店(暂停营业),合肥,肥西县,森林大道辅路与规划路二交叉口西南200米,,,31.747325,117.026175
,肯德基(撮街餐厅),合肥,肥东县,桥头集路与裕溪路交口,,,31.821848,117.457951
,肯德基(肥西丰乐服务区店台北方向),合肥,肥西县,妙道山路与灯塔路交叉口西北60米,,,31.706836,117.18508
,肯德基(肥西丰乐服务区店),合肥,肥西县,丰乐服务区西30米,,,31.59417,117.183589
,肯德基(三河新天地店),合肥,肥西县,合铜路西侧三河新天地7号1层0551-,,,31.514145,117.250037
,肯德基(幼儿师范站餐厅),合肥,瑶海区,磨店乡合肥幼儿师范站附属用房商铺,,,31.921099,117.372454
,肯德基(黄麓书香路店),合肥,巢湖市,蓝城·凤起巢鸣西门东南80米,,,31.614129,117.588875
,肯德基(磨合家福店),合肥,瑶海区,新站区文忠大道百大商业广场一层YY-MD-06N铺位,,,31.934741,117.37762
,肯德基(旺湖店),合肥,巢湖市,团结路59号市开发公司综合楼一楼,,,31.598141,117.867478
,肯德基(阳光里餐厅),合肥,包河区,黄河路与河南路交叉口商之都阳光里项目一层02号铺位,,,31.767056,117.342992
,KFC(利港大润发店),合肥,包河区,紫云路与庐州大道交口(紫庐地铁站A口步行110米),,,31.741969,117.303495
,肯德基(丰乐服务区东往合肥方向餐厅),合肥,肥西县,合安高速肥西丰乐服务区东区1层主入口,,,31.593964,117.186858
,肯德基(龙门寺服务区(西店店),合肥,长丰县,龙门寺服务区(蚌合高速合肥方向)龙门寺服务区1F层,,,32.13889,117.103087
,肯德基(巢湖安德利店),合肥,巢湖市,东风路79号安德利购物广场1层,,,31.594596,117.869753
,肯德基(城北安德利餐厅),合肥,巢湖市,巢湖北路城市之光商业楼安德利超市一层,,,31.615525,117.873875
,肯德基(肥东服务区餐厅),合肥,肥东县,合宁高速公路38公里处肥东服务区,,,31.854336,117.455012
,肯德基(汤池南山店),合肥,庐江县,汤池镇军二路与同兴路交叉口南山三食六巷二期48号栋一层,,,31.334086,117.100466
,肯德基(庐江安德利店),合肥,庐江县,庐城镇周瑜大道与五里路交叉口安德利广场购物中心一层,,,31.261618,117.271047
,肯德基(龙门寺服务区(东店店),合肥,长丰县,蚌合高速公路龙门寺服务区东区,,,32.139162,117.10636
,肯德基(槐林永乐辉),合肥,巢湖市,槐林镇槐林路永乐辉超市一层,,,31.421416,117.611864
,肯德基(庐江百货大楼店),合肥,庐江县,庐城镇文明中路88号1幢1层,,,31.245443,117.292783
,肯德基(巢湖万达广场店),合肥,巢湖市,太湖山路与东塘路交口万达广场一层1035号铺位,,,31.610963,117.883524
,肯德基(半汤合家福店),合肥,巢湖市,中国金巢大道和紫薇路交口岠嶂社区1号商业综合楼一层F1-1铺位肯德基餐厅,,,31.629451,117.907209
,KFC餐厅,合肥,肥西县,龙湖合肥欢肆(复兴集地铁站C口步行320米),,,31.815675,117.141125
,肯德基(夏塘里餐厅),合肥,长丰县,下塘镇夏塘里商业街,,,32.159851,117.234563
,肯德基(长丰红府超市店),合肥,长丰县,杨公路140号,,,32.463336,117.160522
,肯德基濉溪路店户外劳动者服务站点(新天地国际购物中心店),合肥,庐阳区,新天地国际广场1层(白水坝地铁站A口步行290米),,,31.879969,117.28009
,KFC甜品站(合肥滨湖方圆荟店),合肥,包河区,徽州大道5558号合肥滨湖方圆荟F1层,,,31.742749,117.28927
,陈埠服务区肯德基,合肥,庐江县,陈埠服务区与G4212合安高速交叉口西南480米,,,31.218526,117.16121
,肯德基车速取餐厅(名邦大厦店),合肥,蜀山区,芙蓉路以西繁华大道以北名邦大厦裙楼B栋103-104号,,,31.782988,117.263473
,肯德基车速取餐点(滨湖金融港店),合肥,包河区,徽州大道与扬子江路交口东南金融港A5A6幢1层,,,31.752816,117.288284
,肯德基车速取餐点(肥西旭辉广场店),合肥,肥西县,旭辉广场1层1F-014号,,,31.736493,117.160705
,合肥古克肯德基门全铝家居,合肥,包河区,淝河路369号,,,31.827947,117.328406
,盛宏肯德基门业,合肥,包河区,东二环与巢湖南路交叉口西南角,,,31.839156,117.32499
,肯德基车速取餐点(淝河广场店),合肥,包河区,淝河路118号淝河广场1层,,,31.836352,117.318291
,肯德基车速取餐点(肥西丰乐服务区店台北方向),合肥,肥西县,合安高速肥西丰乐服务区1层,,,31.594346,117.184048
,安徽大众V-park车速取餐厅,合肥,蜀山区,珠江路与天都路交叉口东北80米,,,31.702475,117.241825
,肯德基(航洋店),南宁,青秀区,民族大道131号航洋国际购物中心一、二层,,,22.813729,108.384065
,肯德基(望园店),南宁,青秀区,东葛路82号永凯现代城侧门一层,,,22.825069,108.353902
,肯德基(秀灵店),南宁,西乡塘区,秀灵路129号,,,22.844487,108.30144
,肯德基(南宁地王店),南宁,青秀区,金湖路59号地王国际商会中心一层,,,22.81626,108.369887
,肯德基(盛天地店),南宁,青秀区,中越路8号盛天华府B10号楼一层02号03号06号商铺,,,22.810766,108.401421
,肯德基(桃源路店),南宁,青秀区,教育路22号南湖御景大厦商业裙楼1-2层,,,22.800084,108.335032
,肯德基(南宁书城店),南宁,青秀区,民族大道98-1号图书大厦一层,,,22.81216,108.369228
,肯德基(绿地中央广场店),南宁,青秀区,东葛路163号绿地中央广场B地块购物中心GF层第101号102号商铺,,,22.831009,108.3753
,肯德基(柳沙阳光城店),南宁,青秀区,号商铺柳沙半岛柳园路1号阳光城江山璟原商业区负一层B156B157B158,,,22.783485,108.352029
,肯德基(大沙田店),南宁,良庆区,五象大道1号鑫利华大厦一层,,,22.760656,108.317975
,肯德基(建政路店),南宁,青秀区,建政路17号19号中国-东盟影视演艺中心项目一二层,,,22.824436,108.341072
,肯德基(北湖北店),南宁,西乡塘区,北湖北路6号柴和MOC0社区1-2层,,,22.847909,108.322563
,肯德基(西关店),南宁,兴宁区,西关路2号西关广场北1层,,,22.817532,108.319186
,肯德基(时代茗城店),南宁,兴宁区,望州南路90号时代茗城12号楼一层,,,22.831601,108.336532
,肯德基(大嘉汇店),南宁,兴宁区,降桥地铁站A口步行80米,,,22.863288,108.373193
,肯德基(正恒店),南宁,西乡塘区,明秀西路与南铁二街交叉口西南340米,,,22.833899,108.299225
,肯德基(天健城店),南宁,西乡塘区,新阳路296-1号天健城20号楼21号楼商铺一层1014号铺,,,22.822198,108.280574
,肯德基(仙葫大道店),南宁,青秀区,仙葫大道331号海富中心一层,,,22.809544,108.447894
,肯德基(江南龙光店),南宁,江南区,金凯路8号蓝鲸世界L153B商铺,,,22.769763,108.306525
,肯德基(长湖店),南宁,青秀区,长湖路富安居家居广场停车场独立2层小楼,,,22.823173,108.377537
,肯德基(新阳店),南宁,西乡塘区,新阳路286号阳光康城一层,,,22.818221,108.292656
,肯德基(青秀万达店),南宁,青秀区,东葛路118号万达广场一楼1033B号商铺,,,22.830418,108.371068
,肯德基(万达茂店),南宁,邕宁区,万达茂1号门营业时间22点-10点仅限外送和外带,,,22.769249,108.431165
,肯德基(南宁大唐天城店),南宁,西乡塘区,北湖北路2号大唐天城3层,,,22.84552,108.323071
,肯德基(飞云路店),南宁,良庆区,五象大道南侧飞云路西侧GIG国际金融资本中心1栋一层108-1号层商铺,,,22.764601,108.381305
,肯德基(南宁五象航洋店),南宁,良庆区,五象大道401号南宁航洋信和广场2层,,,22.767024,108.374959
,肯德基(安吉万达店),南宁,西乡塘区,高新大道以南安阳路以西的万达广场一层,,,22.870001,108.291506
,肯德基(世贸西城店),南宁,西乡塘区,大学路98号世贸西城广场B区一层,,,22.832165,108.290876
,肯德基(华尔街工谷店),南宁,西乡塘区,发展大道189号安吉华尔街工谷5号楼1座一层入户大堂,,,22.879655,108.284192
,肯德基(淡村店),南宁,江南区,五一路淡村商贸城,,,22.794198,108.306429
,肯德基(南宁高坡岭路店),南宁,青秀区,高坡岭路3号东方智尊堡区商业负一层,,,22.817452,108.427787
,肯德基(明秀店),南宁,西乡塘区,明秀西路122号城市碧园公寓首层,,,22.829801,108.290752
,肯德基(平乐大道店),南宁,良庆区,平乐大道12号的南宁宜家家居的L1层,,,22.75531,108.378441
,肯德基(南宁长虹路店),南宁,青秀区,长虹路7号万科城南区,,,22.842284,108.380358
,肯德基(古城梦之岛店),南宁,青秀区,古城路5号梦之岛购物中心F1层,,,22.807145,108.336022
,肯德基(南宁万科广场店),南宁,青秀区,长虹路10号万科广场(自编号)101-2号商铺,,,22.844919,108.384033
,肯德基(南宁玉洞店),南宁,良庆区,银海大道975-1号新百年国际商业,,,22.72362,108.337783
,肯德基(江南盛天地店),南宁,江南区,壮锦大道27号江南盛天地(盛天领域)1号楼一层,,,22.767798,108.272845
,肯德基(南宁七星路店),南宁,青秀区,新民路4号香港鼎丰·城市奥特莱斯1-2层,,,22.807905,108.329171
,肯德基(嘉和城二店),南宁,兴宁区,城高迪公馆裙房商业1层,,,22.896837,108.446097
,肯德基(古城餐厅),南宁,青秀区,民族大道民族宫立体停车场一至三层,,,22.814475,108.33609
,肯德基(西南商都店),南宁,兴宁区,兴宁区-朝阳路29号西南商都二、三层,,,22.815119,108.321268
,肯德基(三街两巷店),南宁,兴宁区,民族大道37号三街两巷街区,,,22.813517,108.31953
,肯德基(中石油金凤店),南宁,青秀区,云景路与凤凰岭路交叉口东中国石油金凤加油站,,,22.82455,108.409587
,肯德基(路桥融创茂店),南宁,兴宁区,望州路269号路桥融创茂购物商场GF层G007号,,,22.846734,108.338964
,肯德基(江南万达店),南宁,江南区,亭洪路48-1号江南万达广场1号门,,,22.789751,108.312448
,肯德基(兴宁吾悦店),南宁,兴宁区,金川路7号吾悦广场1号门,,,22.869925,108.369975
,肯德基(万秀天地店),南宁,西乡塘区,秀厢大道东段37号万秀天地一层肯德基餐厅,,,22.857522,108.313853
,肯德基(青秀山店),南宁,青秀区,凤岭南路6号青秀山风景区北门区附属工程6号楼,,,22.793037,108.391462
,肯德基(金域中央店),南宁,良庆区,平乐大道16号万科金域中央万科里S3/101号商铺,,,22.750693,108.381459
,肯德基(盛天东郡店),南宁,兴宁区,昆仑大道58号盛天东郡A地块项目3号楼一层103-106-107号商铺,,,22.863058,108.38175
,肯德基(绿港欢乐里店),南宁,江南区,经济开发区新屯路南侧、金阳路西面绿港欢乐里联排商铺一层101号、102号、103号商铺,,,22.771395,108.278651
,肯德基(南宁星艺荟),南宁,西乡塘区,罗文大道南侧新村大道西面1号综合楼1层,,,22.854067,108.223069
,肯德基(东方广场店),南宁,青秀区,蓉茉大道12号东方广场1层商场,,,22.807975,108.449301
,肯德基(天誉花园店),南宁,良庆区,庆林路16号天誉花园4组团13号15号17号楼商业裙楼一层,,,22.744579,108.413589
,肯德基(龙湖南宁青秀天街店),南宁,青秀区,凤岭南路36号龙湖南宁青秀天街F1层,,,22.795325,108.447525
,肯德基(五象万象汇店),南宁,良庆区,平乐大道37号(平良立交地铁站E口旁)五象万象汇B1层B103,,,22.725573,108.384992
,肯德基(南宁陈东店),南宁,西乡塘区,大学东路75号盛标·陈东购物中心F1层,,,22.838238,108.262677
,肯德基(南宁首创奥莱店),南宁,兴宁区,昆仑大道406号,,,22.872023,108.41418
,肯德基(百益上河城店),南宁,江南区,亭洪路45号67栋百益上河城A1号楼一楼,,,22.788409,108.30587
,肯德基(领秀前城店),南宁,青秀区,栋一层凤岭南路16号保利领秀前城·领秀广场北区集中式商业(FL-01号地块)S1,,,22.79592,108.422252
,肯德基(南宁学院)(暂停营业),南宁,邕宁区,龙亭路8号,,,22.7539,108.45413
,肯德基(幸福里店),南宁,青秀区,民族大道136-6号幸福里,,,22.810915,108.393644
,肯德基(民族博物馆K咖啡小馆),南宁,青秀区,广西民族博物馆主楼一层中庭连廊,,,22.774463,108.40184
,肯德基(南宁安吉地铁店),南宁,西乡塘区,安吉大道42号轨道交通3号线安吉客运站车站站厅直接连通的大型地下商业空间内,,,22.8783,108.297981
,肯德基(三祺广场店),南宁,青秀区,民族大道146号三祺广场地下一层LG-002号,,,22.812277,108.396263
,肯德基(金菊广场店),南宁,青秀区,翠竹路威宁邻家金菊广场,,,22.827602,108.396561
,肯德基(那马店),南宁,良庆区,兰海高速G75那马服务区上行线综合楼一层,,,22.618782,108.401082
,肯德基(天健和府店),南宁,江南区,北海路沛阳路小学旁诺培教育城一层,,,22.757679,108.277803
,肯德基(南宁东到达店),南宁,青秀区,南湖街道长虹路66号火车东站负一楼,,,22.840293,108.414568
,肯德基(亭子码头店),南宁,江南区,亭洪路与亭江路交汇处东北侧亭子滨江公园游客服务中心亭子码头1号楼一层1-04,,,22.790556,108.321577
,肯德基(荣和山水绿城),南宁,兴宁区,明秀东路88号荣和山水绿城B3组团一楼,,,22.853497,108.335207
,肯德基(朝阳里餐厅),南宁,兴宁区,朝阳路80号朝阳大厦一层,,,22.824328,108.318208
,肯德基(雅里综合楼店),南宁,西乡塘区,北际路17号雅里综合楼一层,,,22.810434,108.299591
,肯德基(南宁蓝鲸世界店),南宁,江南区,朋展路与金凯路交叉口东北80米,,,22.768865,108.306736
,肯德基(鲁班路餐厅),南宁,西乡塘区,鲁班路71号广源鲁班1号一层123-125号铺,,,22.835318,108.283303
,肯德基(广西民族大学餐厅),南宁,西乡塘区,大学东路188号广西民族大学相思湖校区北门商铺,,,22.848263,108.234936
,肯德基(富宁大厦店),南宁,江南区,五一西路1号富宁新兴苑富宁大厦1层,,,22.805967,108.270888
,肯德基甜品站(祖龙ACMALL购物中心店),南宁,良庆区,银海大道975祖龙ACMALL购物中心F1层,,,22.72363,108.337863
,肯德基(里建店),南宁,武鸣区,里建大帽天街,,,23.199409,108.180699
,肯德基(武鸣店),南宁,武鸣区,城厢镇标营路111号康和城商业广场10号楼一层,,,23.148416,108.288967
,肯德基(宾阳店),南宁,宾阳县,中和路与思远路交汇处保利大厦一层,,,23.215158,108.812169
,肯德基(杉杉奥莱店),南宁,江南区,杉杉奥特莱斯商业广场三楼,,,22.820752,108.248476
,肯德基(相思小镇店),南宁,西乡塘区,相思湖东路31号相思小镇鼓楼旁,,,22.859648,108.244799
,肯德基(南宁启美尊府餐厅),南宁,良庆区,区金象三区景华路6-2号启美尊府A号楼B号楼一层131号商铺,,,22.73573,108.326142
,肯德基(明阳餐厅),南宁,江南区,明阳工业区明阳三路135号广西职业技术学院南门,,,22.574866,108.236044
,肯德基(黎塘店),南宁,宾阳县,中营路1号,,,23.200504,109.128964
,肯德基(横县店),南宁,横州市,横州市太阳广场,,,22.684502,109.264777
,肯德基(伶俐北高速服务区店),南宁,青秀区,至宾阳段伶俐服务区上行(南区)高速服务区综合楼一层,,,22.838448,108.804794
,肯德基(宾阳南柳店),南宁,宾阳县,宾阳服务区东区1层,,,23.232774,109.05643
,肯德基(伶俐服务区店),南宁,青秀区,G72泉南高速与伶俐服务区交叉口东北420米,,,22.840375,108.803525
,肯德基(马山地王),南宁,马山县,白山镇金伦大道498号马山县名厦地王国际A栋104号商铺105号商铺,,,23.709365,108.166003
,杉杉奥特莱斯商业广场肯德基(杉杉奥特莱斯购物广场·南宁店),南宁,江南区,杉杉奥特莱斯商业广场三楼,,,22.820674,108.24847
,幸福里KFC(合作路餐厅),南宁,青秀区,中泰路与中新路交叉口北180米,,,22.811125,108.393725
,肯德基(华南城DT店),南宁,江南区,沙井大道56号南宁华南城榕树广场,,,22.804012,108.244725
,肯德基(城市春天餐厅)(暂停营业),南宁,西乡塘区,北湖北路20号云星﹒城市春天17号楼一层A020号商铺,,,22.85293,108.321111
,肯德基(自治区人民医院K咖啡小馆),南宁,青秀区,广西壮族自治区医院桃园院区二号住院楼一楼大厅,,,22.785833,108.495204
,KFC甜品站(天域·香格里拉店),南宁,西乡塘区,秀灵路东四里1号天域香格里拉一层,,,22.844448,108.301423
,肯德基(中山城店),南昌,东湖区,中山路177号(八一馆地铁站2号口旁),,,28.675959,115.892331
,肯德基(会展路店),南昌,红谷滩区,红谷滩区红谷滩万达广场2楼肯德基门店,,,28.691886,115.849125
,肯德基(都市方舟店),南昌,东湖区,地铁人民公园站(人民公园地铁站2-1口步行100米),,,28.684523,115.912685
,肯德基(时代广场店),南昌,红谷滩区,红谷滩区东湖区红谷滩新区凤凰洲地铁万科时代广场一层,,,28.703293,115.867375
,肯德基(绿地中心店),南昌,红谷滩区,红谷中大道998号绿地中央广场D2商业1层,,,28.685548,115.856316
,肯德基(大众店),南昌,东湖区,叠山路487号,,,28.684161,115.889021
,肯德基(新建欧尚店),南昌,新建区,解放路3号1层,,,28.677858,115.831097
,肯德基(新八一店),南昌,东湖区,中山路一号百货大楼1-2层,,,28.676519,115.903031
,肯德基(南昌红谷滩万象天地店),南昌,红谷滩区,金融大街969号红谷滩万象天地Y118商铺,,,28.68702,115.852236
,肯德基(经开店),南昌,新建区,榴云路与枫林大道转角一、二层(榴云路商业街项目中),,,28.73481,115.838769
,肯德基,南昌,红谷滩区,静思二路与启德路交叉口西北40米,,,28.669475,115.819625
,肯德基(南昌高铁店),南昌,红谷滩区,九龙湖南昌西站进站内场候车厅肯德基,,,28.624115,115.792928
,肯德基(火炬大街DT店),南昌,青山湖区,高新技术开发区火炬大街高新六路116号,,,28.691458,115.969595
,肯德基(澜湖广场店),南昌,东湖区,青山北路16号,,,28.705894,115.921006
,肯德基(万象中心店),南昌,新建区,长堎镇解放路西侧文教路南侧AB地块礼步湖大道288号世纪万象广场,,,28.685145,115.825169
,肯德基(阳光里店),南昌,新建区,广兰大道888号阳光里生活广场F1层,,,28.704971,115.8231
,肯德基(乐盈广场店),南昌,新建区,青山湖区经济技术开发区枫林西大街以北桂苑大道以西江西科技师范大学以东经开盈石广场一层,,,28.736442,115.842156
,肯德基(桃苑店),南昌,西湖区,桃苑大街288号汇海国际广场一楼,,,28.659612,115.88798
,肯德基(南昌西站店),南昌,红谷滩区,南昌西到达层北广场负二楼近2号线地铁进站口,,,28.62565,115.79465
,肯德基(广北店),南昌,东湖区,广场北路8号万达广场1层,,,28.676472,115.904828
,肯德基(香悦里店),南昌,青云谱区,三店西路百城商业广场,,,28.630672,115.90523
,肯德基(西湖万达店),南昌,西湖区,云锦路368号万达广场1号门一楼肯德基,,,28.633519,115.85845
,肯德基(南昌地铁大厦天虹购物中心店),南昌,红谷滩区,地铁大厦天虹购物中心1层,,,28.683754,115.852054
,肯德基(南昌高铁到达南店),南昌,红谷滩区,红谷滩新区九龙湖片区西客站南广场B2层,,,28.620985,115.791991
,肯德基(九洲天虹店),南昌,西湖区,九洲大街666号天虹购物中心南昌朝阳店L1层,,,28.634562,115.864139
,肯德基(欢乐大世界店),南昌,新建区,幸福北路289号A411-A4121层,,,28.696725,115.811671
,肯德基(青山湖龙湖店),南昌,青山湖区,高新南大道与解放东路交汇口青山湖龙湖天街购物中心1F层铺位1F-01,,,28.646156,115.955008
,肯德基(新建首创店),南昌,新建区,明矾路399号首创奥特莱斯F1层,,,28.706287,115.809112
,肯德基(新洪大店),南昌,西湖区,洪城路588号1-2层,,,28.654245,115.88723
,肯德基(南昌理工店),南昌,新建区,南昌经济技术开发区英雄大道901号室内游泳馆旁美食街1-3号店铺,,,28.784287,115.861351
,肯德基(青云谱店),南昌,青云谱区,井冈山大道悦达-家乐福国际购物广场一楼,,,28.631693,115.915226
,肯德基(玉河店),南昌,青云谱区,解放西路81-83号,,,28.654217,115.922588
,肯德基(梅岭大道店),南昌,新建区,梅岭大道599号1层(F1039B+F1040+F1041)号商铺,,,28.690442,115.743063
,肯德基(新上海路店),南昌,青山湖区,上海路203号(谢家村地铁站3号口步行410米),,,28.678519,115.940251
,肯德基(经开旭辉店),南昌,新建区,旭辉广场2号门入口,,,28.743045,115.835266
,肯德基(青湖商业广场),南昌,青山湖区,上海北路666号,,,28.693258,115.942033
,肯德基(王府井店),南昌,青云谱区,洪城路188号王府井购物中心F1层,,,28.654414,115.902924
,肯德基(南昌万象城店),南昌,红谷滩区,赣江南大道20号万象城负一楼B117商铺,,,28.655555,115.84776
,肯德基(上海南路店),南昌,青山湖区,上海路3号(楞上地铁站3号口步行470米),,,28.653429,115.939432
,肯德基(朝阳大悦城KFC),南昌,西湖区,抚生南路666号南昌大悦城购物中心负一楼(盒马对面),,,28.633907,115.861581
,肯德基(万象华庭店),南昌,青云谱区,城南大道1899号万象华庭1号楼,,,28.615496,115.946986
,肯德基(紫阳大道店),南昌,南昌县,青山湖区高新区紫阳大道1216号江西科技学院瑶湖校区正对面,,,28.673872,116.017638
,肯德基,南昌,南昌县,迎宾中大道1312号爱和汇·生活广场F1层,,,28.569515,115.91296
,肯德基(洪城大厦店),南昌,西湖区,北京西路156号洪城大厦百货F1层,,,28.673708,115.913627
,肯德基(天空之城店),南昌,南昌县,迎宾南大道与汽车大道万科天空之城2049商业一层KFC,,,28.528899,115.928942
,肯德基(云飞路)(暂停营业),南昌,西湖区,云飞路1668号一层,,,28.618785,115.875765
,肯德基(金沙大道店),南昌,南昌县,象湖新城金沙大道2777号演武广场F1,,,28.594357,115.895639
,肯德基(新建吾悦店),南昌,新建区,长堎大道666号吾悦广场(南昌新建店)L1层1030-1031,,,28.686217,115.800748
,肯德基(梦时代店),南昌,青山湖区,北京东路308号恒茂梦时代国际广场三号楼一层,,,28.673234,115.938554
,肯德基(蓝天碧水店),南昌,东湖区,青山南路72号1层,,,28.69241,115.904427
,肯德基(长胜园店)(暂停营业),南昌,南昌县,紫阳大道99号长胜园购物中心F1层,,,28.681225,116.02721
,肯德基(莲塘店),南昌,南昌县,莲塘镇五一路308号1层,,,28.542798,115.944132
,肯德基(百盛广场店),南昌,南昌县,莲塘镇迎宾中大道2013号1层,,,28.555902,115.917427
,肯德基(新建万达店),南昌,新建区,南昌新建城万达广场,,,28.650977,115.771713
,肯德基(悦佳店),南昌,南昌县,澄湖北大道以北莲西大道以东煌盛悦佳广场一层112至120商铺,,,28.557125,115.923025
,肯德基(新力都荟店),南昌,南昌县,金沙大道2133号中悦广场F1层,,,28.584088,115.892968
,肯德基(南昌万象汇店),南昌,青山湖区,华润万象汇负一楼LG07号商铺,,,28.675165,115.959799
,肯德基(南昌火车站候车层店),南昌,青山湖区,南昌站商业夹层JC-08商业点位,,,28.661971,115.919965
,肯德基(江西农大店)(暂停营业),南昌,新建区,江西农业大学生活服务中心内,,,28.757647,115.83952
,肯德基(南昌地铁万寿宫站店),南昌,西湖区,醋巷广润门住宅小区-二区东北侧约100米地铁万寿宫站,,,28.674946,115.886193
,肯德基(南昌工学院店),南昌,红谷滩区,上饶大街与狮子山大道交叉口西420米,,,28.613373,115.760662
,肯德基(青山湖万达店),南昌,青山湖区,青山湖万达京东南大道1666号万达广场1021,,,28.644789,115.96354
,肯德基(融创茂KFC),南昌,红谷滩区,南龙蟠街626号,,,28.579,115.792412
,肯德基(吾悦广场店),南昌,青山湖区,(南昌高新开发区)东元路新城吾悦广场2号门,,,28.711831,115.970136
,肯德基(京东天虹店),南昌,青山湖区,北京东路1819号1002A商铺京东天虹,,,28.674853,115.968332
,澳洲肯德鸡(建设西路店),南昌,西湖区,建设西路789号,,,28.649815,115.882401
,肯德基(科技学院店)(暂停营业),南昌,南昌县,紫阳大道115号江西科技学院学生宿舍10栋C座1层,,,28.684231,116.018974
,肯德基(九方荟店),南昌,安义县,赣电九方荟购物中心一楼L101层,,,28.846584,115.573446
,肯德基(瑶湖赣电DT店),南昌,南昌县,赣电东方城购物中心L1层L1-01L1-02-01,,,28.671698,116.037622
,肯德基(思强南路),南昌,南昌县,向塘镇思强南路255号向塘百货大楼1层,,,28.428293,115.969486
,肯德基(艾溪湖公园店餐厅),南昌,青山湖区,艾溪湖公园内区溪湖一路以北片区一层,,,28.684514,115.989401
,肯德基(进贤天虹店),南昌,进贤县,进贤大道和钟陵路的交叉口附近天虹(进贤店)L2层,,,28.360085,116.264806
,肯德基(瑶湖公园店),南昌,南昌县,高新区瑶湖郊野森林公园内瑶湖书院旁一层,,,28.67142,116.061511
,肯德基(江西应用科技学院店),南昌,新建区,江西应用科技学院南门,,,28.66266,115.702438
,肯德基(泉岭服务区西店),南昌,进贤县,福银高速进贤服务区西侧,,,28.39076,116.105881
,肯德基宅急送(南昌理工店),南昌,新建区,南昌理工学院(南昌校区)-实验楼西北侧80米,,,28.784226,115.86133
,肯德基(进贤吾悦广场店),南昌,进贤县,吾悦广场1001号商铺,,,28.390844,116.243815
,正德澳洲肯德鸡(东新店),南昌,南昌县,东岳新居东门南90米,,,28.588239,115.844191
,肯德基(鹏泰广场店),南昌,安义县,迎宾大道89号恒茂阳光加州小区47栋101号鹏泰购物广场1楼A1,,,28.840125,115.57264
,肯德基(泉岭服务区东店),南昌,进贤县,福银高速泉岭服务区东侧,,,28.390177,116.108335
,肯德基(岚湖路店),南昌,进贤县,岚湖路358号岚湖金融大街1号女人街时尚购物广场一层1FW-02号,,,28.369098,116.265613
,KFC甜品站(南昌高新新城吾悦广场店),南昌,青山湖区,艾溪湖北路与京东大道交叉口西240米,,,28.711956,115.970661
,肯德基(南昌地铁南昌火车站店),南昌,青山湖区,洛阳路辅路与工人新村二路交叉口西南280米,,,28.661971,115.919965
,肯德基(南昌融创茂店),南昌,红谷滩区,龙蟠街666号融创茂F1层,,,28.578848,115.792393
,肯德基(杉杉奥莱店),南昌,红谷滩区,九龙大道杉杉奥莱内,,,28.569528,115.777916
,肯德基汽车穿梭餐厅(颐高广场DT店),南昌,青云谱区,青云谱镇城南大道1899号颐高广场1楼,,,28.615577,115.94679
,肯德基(梵华里店),贵阳,白云区,龙井路南侧金湖路北侧云峰大道西侧,,,26.666993,106.622157
,肯德基(金阳北路店),贵阳,观山湖区,金朱路新世界项目G4区一层,,,26.660666,106.623613
,肯德基(云上店),贵阳,观山湖区,贵阳国际会议展览中心,,,26.644126,106.648863
,肯德基(观山东路店),贵阳,云岩区,贵乌北路199号中大国际购物中心F1层,,,26.605391,106.720351
,肯德基(花果园店),贵阳,南明区,中山南路43号(松花路地铁站B口步行110米),,,26.568769,106.6907
,肯德基(云岩益田店),贵阳,云岩区,鹿冲关路1号益田假日世界购物中心二层铺位号L2-003,,,26.604174,106.722881
,肯德基(贵阳北站店),贵阳,观山湖区,观山湖区火车北站候车层27A检票口2层,,,26.618786,106.673027
,肯德基(悦然天地店),贵阳,观山湖区,B1030观山东路与长岭北路交汇处美的悦然广场项目负一层铺位号,,,26.634002,106.647825
,肯德基(云潭路店),贵阳,观山湖区,云潭南路与观山西路交叉口万达广场1A015,,,26.631577,106.60926
,肯德基(市西路店),贵阳,云岩区,市西路590号友谊大厦一楼,,,26.581636,106.699114
,肯德基(花果园店),贵阳,南明区,花果园大街1号花果园购物中心GF-08号(1楼6号门右边),,,26.568708,106.690697
,肯德基(腾达店),贵阳,南明区,中山西路78号国晨百货一楼,,,26.577092,106.708038
,肯德基(方圆荟·海豚广场店),贵阳,南明区,花果园后街彭家湾花果园大街88号D区海豚广场B1F层B1040号,,,26.563264,106.686184
,肯德基(新添大道店),贵阳,乌当区,创新社区服务中心新添大道北段197号泉城首府泉城生活广场1楼,,,26.636639,106.77629
,肯德基(观山湖印象城店),贵阳,云岩区,北京西路与金阳南路交叉口印象城购物中心F2,,,26.600776,106.616956
,肯德基(机场路店),贵阳,南明区,机场路与10号路交叉路北侧奥特莱斯B2层,,,26.541005,106.780308
,肯德基(西南商贸城店),贵阳,观山湖区,宾阳大道杭州路1号3号馆南门,,,26.603084,106.583462
,肯德基(贵阳数博万达店),贵阳,云岩区,北京西路66号万达广场1031号商铺,,,26.592978,106.650694
,肯德基(喀斯特广场店),贵阳,观山湖区,喀斯特公园临金阳南路一侧国喜中心建设项目一期工程负一层143号,,,26.615357,106.62091
,肯德基(龙湾万达店),贵阳,花溪区,贵阳市经济技术开发区黄河路2号龙湾国际B地块1-7栋裙房万达广场内W,,,26.52354,106.701117
,肯德基(人民广场店),贵阳,南明区,遵义路人民广场地下室(河滨公园地铁站A口步行450米),,,26.569958,106.711087
,肯德基(珠江路店),贵阳,花溪区,长江路与珠江路交汇处贵阳万科广场F1,,,26.52268,106.711701
,肯德基(富水店),贵阳,云岩区,富水北路6号,,,26.581334,106.714244
,肯德基(云岩万达店),贵阳,云岩区,新添大道南段302号万达广场,,,26.620366,106.744348
,肯德基(贵大溪栖里KFC),贵阳,花溪区,溪北社区养牛村航天西路贵州大学扩建二期安置房建设项目4栋一层产业用房4-1-3号商铺,,,26.453251,106.659465
,肯德基(白龙大道店),贵阳,修文县,白龙路与诚意大道交汇处凯悦荟项目商业1楼,,,26.839896,106.606039
,肯德基(趣玩INTMO社区生活购物中心店),贵阳,白云区,趣玩INTMO社区生活购物中心,,,26.676375,106.653925
,肯德基(玖福城餐厅),贵阳,观山湖区,观山西路与金阳大道交叉口的金阳乾图中心广场即国贸集团玖福城购物中心一层3号门右侧,,,26.635525,106.621475
,肯德基(贵安群升店),贵阳,花溪区,贵安新区大学城思杨路8号群升·精彩城B区1号楼,,,26.396387,106.62503
,肯德基(黄河路店),贵阳,花溪区,黄河路42号海纳广场负二层,,,26.520142,106.702213
,肯德基(星悦茂喷水池店),贵阳,云岩区,延安中路地下商业星悦茂铺位号D-016以及A-043,,,26.58325,106.709719
,肯德基(清镇吾悦店),贵阳,清镇市,百花生态新城百马大道与清州大道交汇处新城吾悦广场1045号商铺,,,26.575543,106.484106
,肯德基(新贵阳东站店),贵阳,乌当区,东站候车厅2层G2-02商业点位,,,26.665248,106.744744
,肯德基(海豚广场餐厅),贵阳,南明区,花果园后街彭家湾花果园大街88号D区海豚广场B1F层B1040号商铺,,,26.56321,106.685792
,肯德基(明珠大道店),贵阳,花溪区,明珠大道万科大都会1FS4-104号,,,26.40843,106.670474
,肯德基(贵阳机场T2),贵阳,南明区,龙洞堡国际机场T2航站楼出发层T28号门CF2-01号商铺,,,26.542426,106.800111
,肯德基(清镇杉杉奥莱店),贵阳,清镇市,贵阳杉杉奥特莱斯广场5号门旁,,,26.581131,106.508835
,肯德基(贵阳机场T3店),贵阳,南明区,龙洞堡国际机场T3航站楼出发层三层安检外(24号门旁),,,26.54953,106.801625
,乡村肯德基,贵阳,开阳县,冯三镇人民政府南侧200米,,,27.175556,107.007838
,肯德基车速取餐厅(宇虹·万花城D组团店),贵阳,观山湖区,兴筑西路南侧宇虹万花城二期,,,26.619867,106.588996
,肯德基车速取餐点(新金阳店),贵阳,观山湖区,北京西路金源时代购物中心1层、2层,,,26.599495,106.624884
,肯德基车速取餐点(花溪十字街店),贵阳,花溪区,清溪雲廊东门旁,,,26.432155,106.675811
,肯悦咖啡腾达KFC,贵阳,南明区,中山西路97号腾达广场A栋一层,,,26.577065,106.708041
,肯德基车速取餐点(铜锣湾广场店),贵阳,南明区,遵义路与八达巷交接口,,,26.559654,106.705119
,肯德基(迎泽店),太原,迎泽区,迎泽大街228号1-2层(大南门十字路口西南角),,,37.858833,112.559027
,肯德基(太原怡丰店),太原,杏花岭区,府西街135号怡丰大厦1层,,,37.873278,112.544106
,肯德基(太原西中环店),太原,万柏林区,西中环南段123号15幢1层商业,,,37.833427,112.499879
,肯德基(五一店),太原,迎泽区,起凤街5号肯德基餐厅(五一广场地铁站A口步行250米),,,37.861865,112.572604
,肯德基(太原西华店),太原,万柏林区,迎泽西大街南寒村德馨花园底商,,,37.856252,112.473562
,肯德基(兴华店),太原,尖草坪区,兴华街299号山姆士超市一层肯德基餐厅,,,37.887608,112.518204
,肯德基(太原贵都店),太原,迎泽区,柳巷南路19号(即与开化寺街交叉口东南角贵都世纪广场),,,37.864214,112.567274
,肯德基(朝阳店),太原,迎泽区,公园街和七一路交叉口学府雅苑一层,,,37.854597,112.589261
,肯德基(太原长治路店),太原,小店区,长风街579号居然之家春天店建材馆(与长治路交叉口西北角)一层,,,37.818477,112.561384
,首开肯德基,太原,小店区,长治路与龙城南街东南角,,,37.769259,112.562288
,肯德基(太原百花谷店),太原,小店区,学府街129号,,,37.807275,112.547875
,肯德基(太原府东店),太原,杏花岭区,府东街华联超一层,,,37.871794,112.578072
,肯德基(长风店),太原,小店区,长风街705号和信时尚商城B1层,,,37.817928,112.556234
,肯德基(双西店),太原,迎泽区,双塔西街50号安业商务楼前,,,37.845575,112.560565
,肯德基(太原龙湖万达广场店),太原,杏花岭区,解放北路175号太原龙湖万达广场2F,,,37.885827,112.561197
,肯德基(盛世店),太原,杏花岭区,三墙路裕德东里10号东大盛世华庭1层,,,37.883023,112.568809
,肯德基(五一路店),太原,迎泽区,五一路77号美特好超一层,,,37.868614,112.573459
,肯德基(太原文兴路店),太原,万柏林区,文兴路86号明珠花园一层肯德基,,,37.878685,112.526874
,肯德基(太原高新店),太原,小店区,长治路学府街交叉口君宸大酒店1层,,,37.807186,112.562512
,肯德基(太原南内环西店),太原,万柏林区,南内环西街78号润景·园著,,,37.840201,112.518753
,肯德基(太原城尚城店),太原,尖草坪区,和平北路与营村北街交叉路口,,,37.9257,112.50594
,肯德基(亲贤店),太原,小店区,佳地花园墨苑底商一层肯德基餐厅,,,37.823865,112.572867
,肯德基(康达时光里店),太原,迎泽区,新建南路59号1层,,,37.851494,112.550463
,肯德基(西山店),太原,万柏林区,西矿街301号(西铭路地铁站D口步行100米),,,37.854302,112.458268
,肯德基(太原南站店),太原,小店区,北营太原南客站2层,,,37.792083,112.610534
,肯德基(太原万科紫郡店),太原,万柏林区,晋祠路一段91号万科紫郡,,,37.84243,112.530917
,肯德基(IFpark店),太原,小店区,南中环街426号国金中心一层,,,37.792665,112.561388
,肯德基(太原公园奥莱店),太原,迎泽区,双塔汇·商业广场1号门北160米,,,37.851414,112.597134
,肯德基(太原千峰南路店),太原,万柏林区,生活商城一层千峰南路长风观园2期新庄北街与交叉口西北角美好,,,37.827321,112.516497
,肯德基(太原许东店),太原,小店区,锦隆大厦东北侧,,,37.807172,112.602346
,肯德基(太原茂业天地店),太原,小店区,亲贤北街79号太原茂业天地购物中心2期L2层2006-1,,,37.823981,112.568559
,肯德基(公元时代城购物中心店),太原,万柏林区,迎泽西大街120号公元时代城购物中心F3层,,,37.856875,112.50867
,肯德基(北宫店),太原,尖草坪区,解放北路279号苏宁一层,,,37.913707,112.562497
,肯德基(太原东中环店),太原,小店区,东中环亲海国际一层(学府东街地铁站A口步行250米),,,37.812524,112.609262
,肯德基(平阳店),太原,小店区,平阳路144号平阳商贸城1层,,,37.827495,112.553442
,肯德基(太原晋阳街店),太原,小店区,晋阳街85号兴业大厦,,,37.788097,112.568442
,肯德基(太原富力店),太原,杏花岭区,胜利东街7号富力广场1层,,,37.898947,112.594265
,肯德基(下元店),太原,万柏林区,和平南路5号喜宝时光儿童城F1(下元地铁站B口旁),,,37.85679,112.510524
,肯德基(体育路店),太原,小店区,体育路许坦西街口公交站,,,37.801999,112.569673
,肯德基(太原东峰路DT),太原,杏花岭区,东峰路与凯旋街交叉口西北角(即太原市长江村工贸有限公司以东以南以西以北)千渡·东山晴2-26号商铺一层,,,37.88652,112.615661
,肯德基(龙城国樾湾KFC餐厅),太原,杏花岭区,北中环以北国樾龙城湾C区邻里市集商业项目22号楼一层,,,37.903255,112.587121
,肯德基(人民店),太原,小店区,人民南路1号,,,37.735356,112.568196
,肯德基(太原并东店),太原,迎泽区,并州北路48号中正天街商场1层肯德基餐厅,,,37.851137,112.57249
,肯德基(太原康兴路店),太原,晋源区,康兴路9号君威梧桐院5号楼一层1012号商铺二层2002号商铺,,,37.799769,112.51964
,肯德基(太原清控店),太原,小店区,南中环路清控创新基地D号楼一层商铺,,,37.795947,112.547923
,肯德基(太原印象城店),太原,小店区,太榆路99号太原印象城二层L2019+L2020号商铺,,,37.788543,112.605675
,肯德基(太原新桃园餐厅),太原,迎泽区,庙前街道新建路39号原天美名店1层1号商铺,,,37.865325,112.550994
,肯德基(太原北美N1店),太原,小店区,体育南路196号北美N1新奥莱B1层,,,37.789329,112.570584
,肯德基(太原旭辉DT店),太原,尖草坪区,和平北路299号商业一层岛铺,,,37.908117,112.508689
,肯德基(华润大厦店),太原,万柏林区,长兴路1号华润大厦,,,37.81017,112.528732
,肯德基(铜锣湾店),太原,迎泽区,解放路63号外文书店一层,,,37.868641,112.56795
,肯德基(龙城万达广场店),太原,小店区,龙城大街万达广场负一层商铺号B1015,,,37.772949,112.541613
,肯德基(太原中海KFC餐厅),太原,万柏林区,晋祠路中海国际中心西塔西南角,,,37.854339,112.53062
,肯德基(西宫店),太原,尖草坪区,和平北路158号西宫太原市山木拆迁安置服务楼一层,,,37.888696,112.51014
,肯德基(万象城店),太原,万柏林区,长兴路5号万象城西广场5层,,,37.807919,112.52946
,肯德基(太原公园大道店),太原,晋源区,新晋祠路(西寨村四至东至太原丰沃房地产公司用地南至奥体南北街西至北至西寨村农民集体)万科公园大道二号楼1008号商铺一层,,,37.760852,112.521638
,肯德基(泰享里店),太原,杏花岭区,敦化化工路与敦化北路交叉口东40米,,,37.893419,112.589066
,肯德基(太原茂业一期店),太原,小店区,亲贤北街313号茂业天地一期负一层及茂业天地二期二层,,,37.823824,112.566773
,肯德基(馨苑和平时代商业街店),太原,万柏林区,和平时代商业街2入口北340米,,,37.864483,112.510309
,肯德基(太原公元时代城店),太原,万柏林区,下元公元时代城三层F3-054-055,,,37.856815,112.510464
,肯德基(太原东环DT店),太原,杏花岭区,府东街与红沟东巷交叉口西200米,,,37.872025,112.59773
,肯德基(太原服装城店),太原,迎泽区,朝阳街39号同至人购物中心地下一层,,,37.85643,112.595006
,肯德基(迎新街),太原,尖草坪区,迎新路33号客都超市底商,,,37.95427,112.532423
,肯德基(太原健康西路店),太原,晋源区,西寨南街28号保利西江月1号商业楼,,,37.764336,112.526655
,肯德基(太原小井峪店),太原,万柏林区,小井峪路路东华峪东区A区1号楼底墒(原售楼部)一层,,,37.853855,112.498431
,肯德基(太原康宁店),太原,小店区,康宁街普拉斯百货1-2层,,,37.743058,112.575624
,肯德基(太原中北大学店)(暂停营业),太原,尖草坪区,中北大学行知楼裙楼一层,,,38.015002,112.449646
,肯德基(太原北方广场车速取餐厅),太原,杏花岭区,胜利街与五一路交叉口西北角北方广场商业C栋1层C108商铺,,,37.894442,112.572523
,肯德基(太原晋阳古城店),太原,晋源区,城南街34号(南大街南门入口处东侧转角一层),,,37.724897,112.485303
,肯德基(太原新坞城路餐厅),太原,小店区,坞城路59号龙珠大厦一层,,,37.80542,112.584235
,肯德基(晋祠餐厅),太原,晋源区,晋祠天龙山景区P1停车场商业楼,,,37.706912,112.452655
,肯德基(太原晋阳里店),太原,晋源区,环湖东路晋阳里P7-2一二层,,,37.749921,112.516207
,肯德基(绿地集团东山营销中心店),太原,迎泽区,[],,,37.818721,112.625381
,肯德基(太原吾悦餐厅),太原,万柏林区,漪汾街36号新城吾悦广场二层2001-2及2002号商铺,,,37.872843,112.518965
,肯德基(太原龙城天悦餐厅),太原,小店区,黄陵路77号龙城天悦写字楼0102号商铺一层,,,37.771026,112.596401
,肯德基(太原少年宫KFC餐厅),太原,迎泽区,解放南路8号太原市少年宫综合服务楼一层北侧,,,37.856437,112.557918
,肯德基(太原恒大御景湾店)(暂停营业),太原,尖草坪区,恒大御景湾楼盘恒大影城1层,,,37.929659,112.526435
,肯德基(太原小乐都店)(暂停营业),太原,小店区,康宁街2号乐都天地一层,,,37.741668,112.583649
,肯德基(太原东郡KFC餐厅),太原,小店区,南中环街保利东郡商业楼111号27幢1019-1020号一层商铺,,,37.794202,112.581754
,肯德基(泰享里KFC餐厅),太原,杏花岭区,胜利东街18号6号楼一层1002-1003号商铺,,,37.894045,112.580046
,肯德基(太原春和景明小站店),太原,万柏林区,开城路17号万科春和景明项目3-3号楼一层,,,37.871033,112.431061
,肯德基(民乐街店),太原,清徐县,徐沟镇民乐街,,,37.562729,112.505319
,肯德基(山西大学东山校区店)(暂停营业),太原,小店区,南中环东街63号山西大学东山校区非教学用房标的6快餐店,,,37.80341,112.651429
,肯德基(山西师范大学餐厅),太原,小店区,太榆路339号山西师范大学3011幢诚得购物中心一层西侧112号,,,37.742639,112.660442
,肯德基(中石化太原马练营店),太原,小店区,马练营路89号,,,37.71052,112.617394
,肯德基(双湖城店),太原,清徐县,清源镇紫林路北森泰大街东双湖城双湖水街商业街S1幢108-109号商铺一层,,,37.614486,112.35884
,肯德基(太原汾东餐厅),太原,小店区,汾东大街10号综合楼一层A7A8,,,37.689414,112.603686
,肯德基(古交金牛店),太原,古交市,金牛大街与大川东路交叉口金牛购物中心,,,37.908189,112.173208
,肯德基(清徐服务区南区店),太原,清徐县,京昆高速清徐服务区南区一层,,,37.617118,112.267367
,少年宫KFC餐厅,太原,迎泽区,南宫南街与南宫东路交叉口南140米,,,37.856475,112.558125
,肯德基(八一店),石家庄,桥西区,中山西路141号,,,38.043733,114.476969
,肯德基(织音店),石家庄,长安区,建设北大街57号,,,38.056325,114.513475
,肯德基(广安店),石家庄,长安区,中山东路326号北国先天下B1层,,,38.042493,114.527281
,肯德基(石家庄中山店),石家庄,长安区,北国商城对面燕春饭店一层底商,,,38.0434,114.510608
,肯德基(中石油石家庄1号店),石家庄,长安区,和平路,,,38.054658,114.544046
,肯德基(平安店),石家庄,长安区,中山东路97号肯德基餐厅(平安大街地铁站A东北口旁),,,38.043667,114.502397
,肯德基(南三条店),石家庄,长安区,中山西路与大经街交口新源NASA购物中心一层,,,38.044956,114.497504
,肯德基(红旗大街店),石家庄,桥西区,红旗大街666号商业北侧一层二层,,,38.01104,114.45894
,肯德基(裕彤店),石家庄,长安区,中山东路与体育大街交口东南角裕彤国际体育中心1F,,,38.042898,114.534993
,肯德基(石家庄尚峰汇店),石家庄,桥西区,友谊南大街西新石中路北尚峰汇大厦一层S102号商铺,,,38.016032,114.451711
,肯德基(石家庄新怀特店),石家庄,裕华区,育才大街265号怀特国际商城1-2层,,,38.022933,114.52933
,肯德基(新世隆店),石家庄,裕华区,建设南大街117号号新世隆超市一楼肯德基,,,38.027594,114.512554
,肯德基(裕东店),石家庄,裕华区,裕华东路112号北国超市1-2层,,,38.035396,114.540729
,肯德基(华安店),石家庄,新华区,中华北大街50号(现中华大街与新华路交口军创园2号综合楼103号房)一二层,,,38.04735,114.476826
,肯德基(中槐店),石家庄,桥西区,中华南大街325号北国益安一层肯德基,,,38.028521,114.478536
,肯德基(青园街店),石家庄,裕华区,青园街与建强路交口西南角肯德基,,,38.01842,114.517713
,肯德基(石家庄天山兴华DT店),石家庄,裕华区,天山北大街与汾河道交口西南角,,,38.046219,114.608622
,肯德基(友谊店),石家庄,桥西区,益友百货一层肯德基友谊餐厅(裕华路与友谊大街交叉口556号),,,38.034247,114.451455
,肯德基(益中店),石家庄,长安区,中山东路与东二环交口北国超市一、二层,,,38.044875,114.57584
,肯德基(天河店),石家庄,长安区,胜利北大街237号北国天河超市一楼北侧,,,38.07593,114.513201
,肯德基(火车站西广场店),石家庄,桥西区,京广西街200号新客站号西广场地下负二层2-13号铺位,,,38.011153,114.482554
,肯德基(石家庄裕华万达广场店),石家庄,裕华区,建华南大街136号万达广场1层,,,38.023787,114.543606
,肯德基(省院店),石家庄,新华区,和平路346号水源街交口,,,38.059025,114.467325
,肯德基(柏林店),石家庄,新华区,中华北大街和联盟路交叉口西北角金柏林商城一层,,,38.079033,114.477688
,肯德基(学贸商城店),石家庄,新华区,学府路河北经贸大学47号学贸商城,,,38.129395,114.498629
,肯德基(长安万达店),石家庄,长安区,中山东路583号万达广场石家庄长安店2F层,,,38.044245,114.562902
,肯德基(勒泰店),石家庄,长安区,中山东路39号勒泰中心L1层S1-15,,,38.044445,114.507799
,肯德基(益东店),石家庄,裕华区,塔北路南侧联邦东方明珠1层,,,38.009946,114.554754
,肯德基(天地荣域店),石家庄,裕华区,学苑路以南西小街以东天地荣域一层,,,38.013025,114.616976
,肯德基(天山店),石家庄,裕华区,石家庄学院对面一二楼,,,38.037861,114.604647
,肯德基(石家庄西站房店),石家庄,桥西区,中华南大街石家庄新火车站候车大厅2层,,,38.010639,114.485919
,肯德基(万象城店),石家庄,桥西区,中山路与中华大街交叉口华润万象城7层L728,,,38.041688,114.478041
,肯德基(民心广场店),石家庄,桥西区,民心广场裕华路与维明大街交口地下一层永辉超市一层,,,38.033215,114.46915
,肯德基(石家庄省二院店),石家庄,新华区,和平西路80号综合楼001号商铺,,,38.056134,114.483737
,肯德基(石家庄东胜广场KFC餐厅),石家庄,长安区,中山东路南翟营大街东侧东胜广场1层1F-02A肯德基&肯悦咖啡,,,38.043068,114.555024
,肯德基(乐惠家店),石家庄,裕华区,谈固东街与槐安东路交口永辉超市一层,,,38.024075,114.571077
,肯德基(石家庄湾里庙步行街店)(暂停营业),石家庄,桥西区,[],,,38.044598,114.483543
,肯德基(益元店),石家庄,新华区,联盟路368号益元百货一层,,,38.078443,114.463619
,肯德基(西丽店),石家庄,桥西区,中山西路与西里街交口西行50米路南永辉超市西侧,,,38.04186,114.456336
,肯德基(友谊公园店DT),石家庄,桥西区,新华路358号,,,38.048392,114.449887
,肯德基(西美花街店),石家庄,桥西区,红旗大街与汇丰路交叉口西美花街底商一层二层,,,37.994167,114.460473
,肯德基(石家庄石美集餐厅),石家庄,长安区,跃进路111号石美集城市微度假中心3号馆1层肯德基,,,38.050499,114.548799
,肯德基(东南智汇城店),石家庄,裕华区,裕泰路77号100FUNCITY一层W108W109号铺位,,,37.996557,114.535773
,肯德基(河北师范大学店),石家庄,裕华区,河北师范大学裕华校区国培大厦,,,37.995212,114.525089
,肯德基(龙泉东路店),石家庄,鹿泉区,龙泉路申后村北307国道路南壳牌加油站西边独栋物业001号商铺,,,38.065143,114.360938
,肯德基(石家庄新利广场店),石家庄,桥西区,汇安路15号新利广场1层W1-07,,,37.981697,114.464698
,肯德基(石家庄廊桥四季店),石家庄,裕华区,仓萌路2号众美城C区C-2号商业楼108号商铺一层,,,37.986294,114.556962
,肯德基(石家庄天河广场店),石家庄,新华区,景悦街6号天河方圆荟购物中心F1层,,,38.086948,114.440964
,肯德基(桥西勒泰广场KFC),石家庄,桥西区,槐安路255号桥西勒泰广场一层1015号商铺,,,38.025141,114.442139
,肯德基(北国未来城店),石家庄,桥西区,北国未来城,,,38.000075,114.475175
,肯德基(广厦财富购物中心店),石家庄,栾城区,大桥路以北鑫源路以南龙威街东侧育才街西侧广厦财富中心B区A楼1楼001商铺,,,37.886306,114.658702
,肯德基(中冶盛世国际广场·和悦汇店),石家庄,裕华区,建华南大街与南二环交口西北角中冶盛世国际广场·和悦汇F1层A-C131,,,38.003537,114.543814
,肯德基(石家庄学府路店)(暂停营业),石家庄,新华区,学府路河北经贸大学47号学贸商城,,,38.129325,114.498725
,肯德基(石家庄地铁博物院站D出口餐车),石家庄,长安区,中山东路与广安大街交叉口博物院地铁站D出站口,,,38.042936,114.522609
,肯德基(悦享天地店),石家庄,桥西区,中山西路700号悦享天地广场1层,,,38.03976,114.411528
,肯德基(蓝墨里餐厅),石家庄,桥西区,槐安东路4号蓝墨里购物中心一层F1-02商铺,,,38.023394,114.491947
,肯德基(平安加油站DT店),石家庄,长安区,胜利北大街97号平安中化加油站配房一层、二层,,,38.057596,114.500748
,肯德基(石家庄正定北国店),石家庄,正定县,恒山西路南侧成德街西侧106号正定北国商城一层001号铺位,,,38.151319,114.559068
,肯德基(石家庄地铁谈固站D口餐车),石家庄,长安区,中山东路与谈固南大街交叉口谈固地铁站D出站口,,,38.044217,114.560037
,肯德基(鹿泉店),石家庄,鹿泉区,北斗路与翠屏大街交叉口西北角北国商城一层,,,38.088515,114.305606
,肯德基(北国奥莱店),石家庄,鹿泉区,铜冶镇青龙山大道88号北国奥特莱斯D1004,,,37.956954,114.400215
,肯德基(卓达太阳城DT店),石家庄,栾城区,石栾大街与复兴大街辅路交口东北角古栾水镇商业街片区C-001商铺,,,37.949856,114.590472
,肯德基(西美花盛),石家庄,新华区,西美花盛,,,38.072274,114.409269
,肯德基(石家庄地铁留村站D口餐车),石家庄,裕华区,天山大街与长江大道交口留村地铁站D出站口,,,38.041617,114.614468
,肯德基(正定砂之船店),石家庄,正定县,新区奥体街以东河阳路以北砂之船奥莱一层B-1-14B-1-15商铺,,,38.117958,114.649649
,肯德基(石家庄博雅盛世店),石家庄,长安区,博雅盛世D区西门西南130米,,,38.080099,114.580706
,肯德基车速取餐厅(北郡DT店),石家庄,新华区,中华北大街358号商业楼一层001商铺,,,38.095735,114.477089
,肯德基(飞云店),石家庄,新乐市,鲜虞街与新开路交叉口西北角肯德基餐厅,,,38.346731,114.690529
,肯德基(石家庄藁城店),石家庄,藁城区,昌盛南街15号藁城信誉楼商厦藁城店F1层,,,38.026087,114.859702
,肯德基(汇鑫广场店),石家庄,藁城区,丘头镇丘头村工业大街汇鑫广场一层1F-A12-A13商铺,,,37.990518,114.692449
,肯德基(正定宝华车速取餐厅),石家庄,正定县,新城大街29号宝华广场二号楼一层,,,38.139015,114.621871
,肯德基(平山店),石家庄,平山县,冶河东路福美佳购物中心一层,,,38.256724,114.202794
,KFC甜品站(红滨路美食街店),石家庄,桥西区,红旗大街661号,,,38.01057,114.459014
,肯德基(石家庄地铁西王站A口餐车),石家庄,桥西区,中山西路与长兴街交叉口西王地铁站负一层A出站口,,,38.040125,114.408425
,肯德基(元氏信誉楼店),石家庄,元氏县,槐阳大街北段150号信誉楼百货,,,37.772467,114.535894
,肯德基(金圆店),石家庄,辛集市,北国商城出入口南50米,,,37.927926,115.215376
,肯德基(晋州信誉楼店),石家庄,晋州市,世纪大道东侧中兴路南侧信誉楼商场1层,,,38.023812,115.068145
,肯德基(石家庄地铁和平医院站D口餐车),石家庄,桥西区,中山西路与友谊大街交叉口和平医院地铁站D出站口,,,38.042077,114.452108
,肯德基(石家庄无极KFC餐厅),石家庄,无极县,建设路与平安街口西南角尚品怡家门市1栋1单元101号102号商铺,,,38.179123,114.97547
,肯德基(石家庄赵县店),石家庄,赵县,永通路北侧赵县哲恩教育大厦一层001商铺,,,37.753551,114.78285
,肯德基(行唐未来广场店),石家庄,行唐县,盛唐国际格瑞易购物中心北门旁,,,38.438367,114.55872
,肯德基(万瑞福店),石家庄,井陉县,万瑞福,,,38.026705,114.146075
,肯德基(正定机场安检内店),石家庄,正定县,正定机场2层安检内16号登机口,,,38.282649,114.692154
,肯德基甜品站(石家庄北国奥莱店),石家庄,鹿泉区,铜冶镇南铜冶村南甘子村北国奥特莱斯1层肯德基餐厅门前,,,37.956925,114.400225
,肯德基(高邑北国餐厅),石家庄,高邑县,文化路与顺城街交口西北角,,,37.611125,114.614825
,肯德基(辛集万达店),石家庄,辛集市,省直辖县级行政区划教育路北段西侧万达广场内W-1020A号商铺,,,37.94828,115.231799
,肯德基(南区河北美术学院店),石家庄,新乐市,伏羲南巷与幸福路交叉口东220米,,,38.341975,114.716425
,肯德基(万象店),石家庄,桥西区,裕华西路15号万象天成商业广场1层125铺,,,38.036235,114.480326
,肯德基(宝华广场店),石家庄,正定县,宝华广场,,,38.139037,114.621864
,肯德基(石家庄鹿泉上庄DT店),石家庄,鹿泉区,大车行村上庄大街和团结大街交叉口索昂商贸综合楼一楼,,,38.017032,114.377369
,肯德基车速取餐厅,石家庄,长安区,胜利北大街与平安北大街交叉口南120米,,,38.057568,114.500895
,肯德基甜品站(乐汇城),石家庄,长安区,中山东路11号新源乐汇城F1,,,38.044981,114.497529
,肯德基甜品站(天山店),石家庄,裕华区,开发区长江大道13号春龙大厦,,,38.037818,114.604738
,肯德基车速取餐点(中山店),石家庄,长安区,中山东路189号一层燕春底商,,,38.043427,114.51085
,肯德基车速取餐厅(果岭湾DT店),石家庄,鹿泉区,龙泉路申后村北307国道路南壳牌加油站西边独栋物业001号商铺,,,38.065143,114.360938
,光明肯德基门,石家庄,新华区,元月新兴产业基地1西05,,,38.104284,114.477544
,肯德炸鸡(太行西路店),石家庄,赞皇县,赞皇镇唐城小区门口对过,,,37.659762,114.381101
,肯德基门型材(燕山市场店),石家庄,裕华区,光明街燕山市场,,,38.046209,114.646529
,永顺门业蒙山肯德基铝材(光华市场店),石家庄,裕华区,和平东路691号光华市场,,,38.045597,114.650765
,玻璃隔断肯德基门高隔间,石家庄,裕华区,长江街道珠峰大街与海河道交叉口南150米路西,,,38.04887,114.602674
,批发肯德基电动门断桥纱门,石家庄,赵县,柏林大街与安林路交叉口北180米,,,37.735163,114.781413
,肯德基门卷闸门车库门断桥,石家庄,藁城区,渠北路与南关街交叉口西140米,,,38.029709,114.839402
,波波美味炸鸡(康乐小区店),石家庄,辛集市,康乐小区北门西170米,,,37.922323,115.229
,肯德基(南湖店),乌鲁木齐,水磨沟区,南湖路178号家乐福超市一层肯德基餐厅,,,43.818461,87.61407
,肯德基(新医店),乌鲁木齐,新市区,鲤鱼山路2号乌鲁木齐红桥商贸大厦1层,,,43.835214,87.585109
,肯德基(乌鲁木齐嘉和园店),乌鲁木齐,沙依巴克区,阿勒泰路313号1层,,,43.838813,87.569652
,肯德基(乌鲁木齐源凯店),乌鲁木齐,水磨沟区,南湖北路527号源凯项目26号楼1层,,,43.842271,87.605355
,肯德基(福润德店),乌鲁木齐,新市区,北京南路433号,,,43.848121,87.570549
,肯德基(友好店),乌鲁木齐,沙依巴克区,友好北路486号,,,43.824482,87.589297
,肯德基(七一店),乌鲁木齐,沙依巴克区,黄河路400号肯德基餐厅,,,43.781943,87.599642
,肯德基(苏州路店),乌鲁木齐,新市区,苏州东街796号,,,43.859416,87.568445
,肯德基,乌鲁木齐,新市区,肯德基北侧,,,43.912925,87.475125
,肯德基(新疆民街店),乌鲁木齐,天山区,龙泉街349号新疆民街(西南角),,,43.785358,87.61716
,肯德基(乌市经开万达店),乌鲁木齐,沙依巴克区,玄武湖路999号经开万达广场内(1B02B)号商铺,,,43.840549,87.517568
,肯德基(铁路店),乌鲁木齐,新市区,北京南路895号,,,43.868976,87.561917
,肯德基(长春中路店),乌鲁木齐,新市区,乌鲁木齐市高新技术产业开发区领秀新城新世界广场商业综合体A段高新区长春中路818号地上一层,,,43.881357,87.583245
,肯德基(长春路友好店),乌鲁木齐,新市区,长春南路216号肯德基餐厅,,,43.870058,87.583787
,肯德基(绿城店),乌鲁木齐,水磨沟区,红光山路888号绿城广场留香苑独立商业S5栋1层104-105,,,43.874398,87.608794
,肯德基(新疆高新万达店),乌鲁木齐,新市区,长春北路668号高新万达广场一层,,,43.910944,87.572017
,肯德基(乌鲁木齐喀什西路店),乌鲁木齐,头屯河区,乌鲁木齐市经济技术开发区喀什西路499号新和居小区龙海综合楼1层,,,43.886536,87.535701
,肯德基(乌鲁木齐西山友好店),乌鲁木齐,沙依巴克区,西山西街268号1层,,,43.801472,87.533874
,肯德基(时代广场店),乌鲁木齐,天山区,光明路39号时代广场时代广场地上一层F1-021-4商铺,,,43.803574,87.608769
,肯德基(新疆克西路万科店),乌鲁木齐,沙依巴克区,克拉玛依街333号万科都会传奇项目S3-104号1层,,,43.820373,87.57087
,肯德基(晨报大厦店),乌鲁木齐,天山区,光明路403号一层,,,43.802477,87.621023
,肯德基(万科翡翠天骄店),乌鲁木齐,天山区,大湾南路299号,,,43.758422,87.627762
,肯德基(乌鲁木齐德港店),乌鲁木齐,头屯河区,中亚南路260徳港万达广场1001号商铺,,,43.87744,87.532981
,肯德基(万科天山里店),乌鲁木齐,天山区,翠泉路388号万科天山府生活广场一层1F-144-145-14,,,43.797338,87.658574
,肯德基(东方100餐厅),乌鲁木齐,天山区,新华南路1号1层1020号商铺,,,43.793851,87.611868
,肯德基(温泉东路店),乌鲁木齐,水磨沟区,温泉东路1号乌鲁木齐市·7英里商业中心F1层,,,43.837908,87.659992
,肯德基(瑞安国际),乌鲁木齐,沙依巴克区,高铁南五路218号1层1002号,,,43.836606,87.527824
,肯德基(七一广场店),乌鲁木齐,水磨沟区,新民东街186号七一广场1层1021号,,,43.816953,87.622256
,肯德基(天华广场餐厅),乌鲁木齐,沙依巴克区,克拉玛依西街2229号天华广场城市综合体一期商业办公楼一层168号,,,43.818496,87.558454
,肯德基(汇嘉时代广场店),乌鲁木齐,新市区,北京中路147号西部国际超市小区商场一二层,,,43.877302,87.556611
,肯德基(东湖观澜店),乌鲁木齐,沙依巴克区,苜蓿沟北路2975号肯德基(紫金城店),,,43.777737,87.478433
,肯德基(奇台路万达餐厅),乌鲁木齐,沙依巴克区,德汇万达广场一期D2商业楼内的地上一层1001号商铺,,,43.78929,87.5863
,肯德基(乌鲁木齐火车站店),乌鲁木齐,沙依巴克区,新客站高架候车夹层餐饮区西一号,,,43.841089,87.529107
,肯德基(新城吾悦广场店),乌鲁木齐,水磨沟区,会展大道1666号新城吾悦广场2020号商铺,,,43.878333,87.628258
,肯德基(新疆新客站高铁二店),乌鲁木齐,沙依巴克区,北六路乌鲁木齐新客站高架候车夹层餐饮区东四-1号,,,43.840375,87.529225
,肯德基(万科锦荟里DT店),乌鲁木齐,新市区,长春路与河北路交叉口万科锦荟里S9号综合楼,,,43.889704,87.578651
,肯德基(炉院街餐厅),乌鲁木齐,沙依巴克区,炉院街333号盛世嘉业国际商贸城地王国际商城C-1M21C-1-10号商铺,,,43.781494,87.592122
,肯德基(炉院街餐厅),乌鲁木齐,沙依巴克区,炉院街333号地王商城3期,,,43.774729,87.592487
,肯德基(乌鲁木齐米古里店),乌鲁木齐,米东区,永丰南路479号米古里商业街1层A1038号商铺,,,43.961622,87.642713
,肯德基(米东吾悦店),乌鲁木齐,米东区,新疆府前西路600号新城吾悦广场1017号商铺,,,43.971043,87.648338
,肯德基(乌鲁木齐杉杉奥莱店),乌鲁木齐,新市区,东进东街2999号乌鲁木齐杉杉奥特莱斯广场F1层,,,43.937925,87.552425
,肯德基(中山路店),乌鲁木齐,天山区,"解放北路278号,在万宴城一楼",,,43.794459,87.621436
,乌鲁木齐市沙依巴克区黄河路400号KFC肯德基七一店工会驿站,乌鲁木齐,沙依巴克区,黄河路400号,,,43.782128,87.599569
,肯德基(新世界KFC),拉萨,城关区,贡布堂路拉萨新世界1栋A-1F-06商铺,,,29.64331,91.165279
,肯德基(嘎吉林广场店),拉萨,城关区,东区城关花园拉堆路和西二路交汇处嘎吉林广场商铺1F-24号,,,29.66619,91.166008
,肯德基(教育城店),拉萨,城关区,蔡公堂街道城东区教育城琅赛十一区(东区)勤学路4B12 3号商铺,,,29.640443,91.212085
,肯德基(北城新天地店),拉萨,城关区,吉拉路北城新天地1层,,,29.684694,91.14763
,肯德基(拉萨百货店),拉萨,城关区,宇拓路1号,,,29.650362,91.121868
,肯德基(力泰广场店),拉萨,城关区,当热东路以南藏热路以西力泰广场一层北面(C1-03C1-04C1-06),,,29.662322,91.15545
,肯德基(柳吾万达店),拉萨,堆龙德庆区,区柳梧新区顿珠金融城顿珠路1号万达广场,,,29.637647,91.101969
,肯德基(拉萨城关万达店),拉萨,城关区,纳金街道纳金东路万达广场内56号,,,29.656871,91.180475
,肯德基(功德林天街店),拉萨,城关区,北京中路47号功德林天街F1层,,,29.654373,91.109305
,肯德基(农垦大厦店),拉萨,城关区,金珠西路101号净土八一商业广场F1层,,,29.644712,91.072814
,肯德基(八廓街店),拉萨,城关区,大昭寺八廓古城八角街班觉林院一层,,,29.649033,91.135062
,肯德基(西郊百益店),拉萨,城关区,北京中路46号西郊百益超市一层,,,29.655515,91.10186
,肯德基(天海国际广场店),拉萨,城关区,天海路天海国际广场一楼LS012-21-1,,,29.657842,91.102695
,肯德基(北京大道餐厅),拉萨,堆龙德庆区,北京大道10号拉萨王府井购物中心F1层,,,29.625626,91.079533
,肯德基(堆龙龙腾餐厅),拉萨,堆龙德庆区,东嘎街道堆龙大道19号龙腾中心3栋2号铺,,,29.647674,91.004395
,必胜餐饮(拉萨)有限公司肯德基柳梧万达餐厅,拉萨,堆龙德庆区,南环路与金融路交叉口西260米,,,29.636918,91.096508
,肯德基(西宁北川万达店),西宁,城北区,纬二路与宁张路交汇处万达广场,,,36.696175,101.763105
,肯德基(新西大街店),西宁,城中区,西大街40号,,,36.622125,101.775875
,肯德基(西宁海湖路店),西宁,城西区,海湖路26号1号楼2号楼,,,36.634846,101.73401
,肯德基(西宁海湖店),西宁,城西区,海湖新区文景路与文汇路十字新华联一层,,,36.641736,101.720488
,肯德基(西宁商业巷店),西宁,城西区,西关大街42国芳购物中心西宁店F1层,,,36.628951,101.760763
,肯德基(西宁大象城店),西宁,城西区,五四西路68号LG层肯德基餐厅,,,36.646696,101.72056
,肯德基(西宁夏都大街店),西宁,城东区,夏都大街220号佳华产业综合楼,,,36.612946,101.790134
,肯德基(西宁长江路店),西宁,城中区,长江路128号BHG Mall北京华联西宁购物中心F1层,,,36.619129,101.773624
,肯德基(西宁新千店),西宁,城东区,建国南路66号王府井生活广场F1层,,,36.607388,101.799167
,肯德基(西宁门源路店),西宁,城北区,门源路16号民惠城二期一层,,,36.651375,101.767725
,肯德基(西宁互助路店),西宁,城东区,互助西路145号一楼,,,36.611945,101.818114
,肯德基(西宁新宁店),西宁,城西区,交通巷36号新华百货1层,,,36.63114,101.757626
,肯德基(西宁兴旺店),西宁,城西区,五四西路1号兴旺大厦负一层,,,36.633278,101.752945
,肯德基(唐道637店),西宁,城西区,文景路与文汇路十字新华联一楼,,,36.64137,101.718091
,肯德基(西宁柴达木路店),西宁,城北区,柴达木路副148号万科公园里,,,36.657467,101.713631
,肯德基(西宁海湖万达店),西宁,城西区,海湖新区广场路1号,,,36.64181,101.715219
,肯德基(西宁西钢店),西宁,城北区,青海省西钢职业技术学校西北侧70米,,,36.662161,101.675773
,肯德基(西宁香格里拉店),西宁,城中区,南川东路街道香格里拉路14号B1/1F,,,36.60808,101.755184
,肯德基(东大街店),西宁,城中区,东大街53号,,,36.619821,101.783646
,肯德基(西宁中惠万达店),西宁,城东区,南山东路84号万达广场,,,36.596125,101.797825
,肯德基(西宁水井巷店),西宁,城中区,北斗宫街2号,,,36.620567,101.778319
,肯德基(西宁城北吾悦餐厅),西宁,城北区,毛胜寺街西宁市海棠公园南门南侧新城吾悦广场1层号商铺,,,36.656825,101.756675
,肯德基(西宁新城吾悦店),西宁,城东区,八一路68吾悦广场F1层,,,36.585826,101.83634
,肯德基甜品站(西宁新千店),西宁,城东区,建国路66号3层,,,36.607615,101.799252
,肯德基(西宁麒麟广场店),西宁,城中区,南京路48号麒麟名都广场一楼肯德基餐厅,,,36.547983,101.709563
,肯德基(银川悦海店),银川,金凤区,正源北街BHGMall北京华联购物中心-1F-F1-30,,,38.494439,106.245842
,肯德基(银川金凤店),银川,金凤区,正源北街万达金凤广场1+2F,,,38.486256,106.248964
,肯德基(银川正源街店),银川,金凤区,正源北街303号建发大阅城王府井奥特莱斯一层104号,,,38.51421,106.255901
,肯德基(银川新华联店),银川,金凤区,满城街和北京路交汇处新华联购物中心4号门,,,38.487403,106.180575
,肯德基(银川沙海路店),银川,贺兰县,沙海路北公园华府商业7-1号0708号一层铺面,,,38.505806,106.274126
,肯德基(长城东路店),银川,兴庆区,民族南街12号综合楼1层,,,38.457164,106.272351
,肯德基(银川良田店),银川,金凤区,庆丰街288号新百良田超市,,,38.465359,106.241188
,肯德基(中环大厦店),银川,兴庆区,宁夏上海路与民族街十字东北角中环大厦1层,,,38.483016,106.282949
,肯德基(银川利民店),银川,兴庆区,解放西街126号KFC餐厅,,,38.467948,106.26955
,肯德基(银川火车站店),银川,金凤区,通达北街371号新火车站候车大厅二楼北侧,,,38.492522,106.175019
,肯德基(银川天鹅湖店),银川,贺兰县,虹桥南街与沙海路交汇处新百超市景博学校店一层,,,38.509112,106.295756
,肯德基(银川西夏店)(装修中),银川,西夏区,怀远东路与金波北街交汇处银川西夏万达广场F1,,,38.491516,106.149339
,肯德基(怀远西路店),银川,西夏区,怀远西路1号宁阳文化广场1层,,,38.4918,106.135882
,肯德基(民族店)(装修中),银川,兴庆区,民族南街星光花园14号综合楼3号房一二层,,,38.446075,106.269698
,肯德基(新解放店),银川,兴庆区,解放东街213号新华百货总部一楼,,,38.462987,106.292516
,肯德基(新百CCPARK店),银川,金凤区,北京中路196号新华百货CCPark店F1层D1门口,,,38.481611,106.215699
,肯德基(超越中心店),银川,兴庆区,塞上凝聚力商业中心37号综合楼1层114号商铺,,,38.454566,106.304179
,肯德基(银川贺兰太阳城店),银川,贺兰县,华美街2号1层,,,38.54423,106.334196
,肯德基(江山阅店),银川,永宁县,江山阅购物广场1层1016号,,,38.394675,106.261275
,肯德基(建发现代城店),银川,兴庆区,解放西街现代城1层121A号商铺,,,38.468108,106.27287
,肯德基(银川兴庆吾悦店),银川,兴庆区,北京东路新城吾悦广场号商铺,,,38.469531,106.319041
,肯德基(银川科技学院店),银川,西夏区,金波北街银川科技学院变配室1层,,,38.515135,106.155998
,肯德基(银川华雁湖畔餐厅),银川,金凤区,庆丰街412号华雁湖畔B区13号商业楼102号营业房,,,38.459475,106.239275
,肯德基(中海环宇店),银川,金凤区,中海环宇天地一层L106号铺位,,,38.422599,106.255002
,肯德基(建发悠阅城店),银川,金凤区,建发悠阅城,,,38.428188,106.239339
,肯德基(枫林湾小镇店),银川,金凤区,商铺宁安大街与大有巷交汇处枫林湾小镇57号楼1层57102,,,38.450136,106.224955
,肯德基(贺兰中心店),银川,贺兰县,银河路与茂源街十字东北角新百贺兰中心一层,,,38.554325,106.350325
,肯德基(灵武西平路店),银川,灵武市,西平街湖景商业街广场3号楼3号商业房,,,38.094164,106.33218
,肯德基(银川河东机场店),银川,灵武市,河东机场3号航站楼,,,38.320646,106.387862
,KFC(吾悦广场银川店),银川,兴庆区,北京东路与友爱街交叉口东北角吾悦广场(银川店)F1层,,,38.469642,106.31911
,华星肯德基门 感应门 系统窗,银川,兴庆区,丽景南街铝材市场B区32-35号,,,38.447325,106.292675
,沃莱美肯德基门,银川,永宁县,望远镇金盛恒达型材市场1-13到1-16,,,38.351688,106.261735
,沃莱美肯德基门型材,银川,兴庆区,六盘山路与友爱街交叉口南420米,,,38.42217,106.298514
,鑫永昌肯德基门电动门阳光房,银川,兴庆区,丽景南街铝材市场C-14,,,38.447023,106.295277
,鑫阳光肯德基门自动门系统门窗批发,银川,永宁县,金盛恒达型材市场8-3-4-5-38,,,38.352769,106.262126
,肯德基(南昌店),兰州,城关区,南昌路982号华联商厦1层,,,36.055607,103.845873
,肯德基(兰州佛慈大街店),兰州,城关区,层01铺佛慈大街68号佛慈1929文创广场1号楼(原药厂7幢)一,,,36.070584,103.835775
,肯德基(百安店),兰州,城关区,庆阳路296号肯德基百安餐厅,,,36.054909,103.826637
,肯德基(兰州航天店),兰州,城关区,南昌路167号一层,,,36.05108,103.869336
,肯德基(新亚欧店),兰州,城关区,中山路120号亚欧商厦2层,,,36.05971,103.818862
,肯德基(兰州国贸店),兰州,城关区,庆阳路326号国芳G99PARK生活公园F2层,,,36.054724,103.829064
,肯德基(兰州陇能店),兰州,城关区,北滨河东路66-88号陇能家园A区一楼肯德基餐厅,,,36.07159,103.852166
,肯德基(兰州雁南店),兰州,城关区,雁南路天庆嘉园太阳岛肯德基餐厅,,,36.055406,103.881214
,肯德基(兰州西站店),兰州,七里河区,西站西路44号西部广场一层,,,36.067634,103.769414
,肯德基(雁滩店),兰州,城关区,雁滩路3113号大润发超一层,,,36.060518,103.870697
,肯德基(兰州东岗店),兰州,城关区,东岗东路1469号东欧国际儿童城肯德基餐厅,,,36.041538,103.882083
,肯德基(敦煌路店),兰州,七里河区,敦煌路349号万辉国际广场肯德基餐厅,,,36.073017,103.768176
,肯德基(西客站店),兰州,七里河区,西津西路兰州西站2层(兰州西站北广场地铁站D口步行160米),,,36.068683,103.752502
,肯德基(兰州中心店),兰州,七里河区,西津西路16号兰州中心购物广场1层1-001/1-002、3层3-058、5层5-015,,,36.069399,103.773035
,肯德基(康桥店),兰州,安宁区,安宁西路3号,,,36.101436,103.730201
,肯德基(兰州雁北店),兰州,城关区,高新雁北路1575号-1层肯德基,,,36.066085,103.893524
,肯德基(张掖路新华书店),兰州,城关区,通渭路10-22号张掖路新华书店1层,,,36.059316,103.825423
,肯德基(兰州东方红B1店),兰州,城关区,广场南路8号附近东方红广场东侧肯德基餐厅,,,36.051927,103.841999
,肯德基(兰州安宁东路店),兰州,安宁区,安宁东路文化教育广场1层,,,36.095136,103.752372
,肯德基(土门墩DT店),兰州,七里河区,西津西路568号,,,36.075107,103.734138
,肯德基(名城广场店),兰州,城关区,南滨河东路名城广场一层2号门,,,36.0771,103.866349
,肯德基(兰州火车站店),兰州,城关区,火车站东路299号(兰州火车站地铁站C口步行280米),,,36.034781,103.852084
,肯德基(西津DT店),兰州,七里河区,西津东路575号西津广场(七里河地铁站D口旁),,,36.066007,103.782388
,肯德基(兰州九州店),兰州,城关区,九州东环路268号金岛大厦一层4号商铺,,,36.09463,103.813153
,兰州肯德基有限公司,兰州,城关区,天水中路3号盛达广场(兰州大学地铁站B口步行320米),,,36.053338,103.857216
,肯德基,兰州,榆中县,和平德一口腔诊所东北侧150米,,,36.000748,103.961467
,肯德基(兰州碧桂园店),兰州,城关区,青白石街道青白石路剑桥郡25幢1层101号,,,36.091067,103.901865
,肯德基(兰州兰石店),兰州,七里河区,兰石·豪布斯卡琨园南门东南170米,,,36.076046,103.750706
,肯德基(兰州金城中心店),兰州,西固区,西固中路118号虹盛·假日熊猫购物公园一层,,,36.095779,103.641066
,肯德基(兰州费家营店),兰州,安宁区,费家营十字东南角安宁西路381号飞天世纪新城商住小区临街商铺1层,,,36.103692,103.713802
,肯德基(马滩店),兰州,七里河区,马滩路2-518天恒·银滩花园B区,,,36.083919,103.721842
,肯德基(红星路爱琴海店),兰州,城关区,飞雁路1号爱琴海城市广场F1层,,,36.048542,103.901489
,肯德基(兰州双城门餐厅),兰州,城关区,庆阳路285号新胜利宾馆1层4号商铺,,,36.054505,103.818326
,肯德基(兰州杉杉奥莱店),兰州,城关区,新石沟村(碧桂园西侧)兰州杉杉奥特莱斯购物广场1层,,,36.096682,103.89513
,肯德基(安宁吾悦店),兰州,安宁区,建宁西路118号兰州吾悦广场,,,36.097111,103.708229
,肯德基(兰州中海店),兰州,安宁区,蓝科路8号中海广场北侧商业街15栋一层15-112至15-114铺,,,36.113004,103.687802
,肯德基(定远大名城店),兰州,榆中县,定远镇龙泉街与Y275交叉口大名城奥特莱斯万国风情商业街7号-1地块A1幢,,,35.938792,104.025224
,肯德基(兰州万达茂店),兰州,七里河区,万达茂购物广场1层中厅,,,36.089125,103.679125
,理工大肯德基店,兰州,七里河区,七里河区理工大学彭家坪校区肯德基店,,,36.057079,103.736561
,肯德基(兰州万达广场店),兰州,城关区,"天水北路兰州城关万达广场二,三层",,,36.063636,103.864211
,肯德基(兰州砂之船店),兰州,安宁区,北滨河西路1262号砂之船兰州奥莱F1层,,,36.13079,103.652924
,肯德基(京都之星购物中心店),兰州,皋兰县,兰州新区兴隆山路与中川街交岔路口建投时光京都之星商业广场1层,,,36.481104,103.673455
,肯德基(榆中新世界店),兰州,榆中县,新世界西南门西北190米,,,35.844275,104.118125
,肯德基(兰州新区奥莱店),兰州,皋兰县,兴隆山路1956号百年奥特莱斯F1层,,,36.504425,103.675125
,肯德基(兰州市第二人民医院雁滩分院店),兰州,城关区,雁北路16号医疗用品管理中心一层2-3号铺,,,36.061889,103.910134
,肯德基(领秀山青年街店),兰州,安宁区,保利领秀山一区C二期克拉公寓4栋101-1号商铺,,,36.130873,103.735811
,肯德基(西固合水路店),兰州,西固区,合水路125号世纪嘉汇项目1层,,,36.101319,103.62295
,肯德基(新西固餐厅),兰州,西固区,西固城街道玉门街8号芙瑞大厦商场1层005号商铺,,,36.098425,103.62401
,肯德基(兰州中川国际机场店),兰州,皋兰县,兰州中川国际机场出发大厅3楼5号门(D岛西),,,36.521966,103.635631
,豪门肯德基门,兰州,榆中县,和平镇毅德城不锈钢区10幢8号,,,35.996498,103.943808
,肯德基兰州机场T3安检内餐厅,兰州,皋兰县,百岁坊银器(C指廊店)南侧50米,,,36.525325,103.638975
,肯德基(兰州信息科技学院店),兰州,皋兰县,兰州信息科技学院丝路餐厅东北侧70米,,,36.553294,103.757237
,肯德基(名都店),兰州,红古区,海石湾镇红古路名都广场一层,,,36.34786,102.858214
,雁东KFC,兰州,城关区,武威肿瘤医院兰州院区住院部西侧120米,,,36.062324,103.910032
,肯德基(永登胜利街餐厅),兰州,永登县,新城胜利街西太华1层,,,36.724321,103.267458
,肯德基(瑞德店),兰州,城关区,东岗东路1999号王府井百货1层,,,36.043174,103.871887
,肯德基(万中店),呼和浩特,赛罕区,中商世界里智慧生活Mall,,,40.823387,111.751372
,肯德基(蒙苑店),呼和浩特,新城区,兴安北路169号北京华联一层,,,40.838659,111.694046
,肯德基(新城店),呼和浩特,新城区,新城南街108号1层(近鼓楼立交桥),,,40.821247,111.691039
,肯德基(呼和浩特万悦店),呼和浩特,赛罕区,大学东街与丰州路交口维多利万悦城一层,,,40.821102,111.73329
,肯德基(呼和浩特金穗店),呼和浩特,赛罕区,大台什路118号怡园小区1号楼-02号商铺一层,,,40.802789,111.711627
,肯德基(万达广场店),呼和浩特,赛罕区,新华东街26号万达广场F2层,,,40.836196,111.736194
,肯德基(通道北街店),呼和浩特,回民区,通道北路102号,,,40.823304,111.655381
,肯德基(金地名峰店),呼和浩特,新城区,国华路与民泰路交叉口东南220米,,,40.873594,111.718241
,肯德基(呼和浩特郦城店),呼和浩特,玉泉区,石羊桥南路以西郦城商业综合体B区一层,,,40.785458,111.673167
,肯德基(呼和浩特融城店),呼和浩特,玉泉区,锡林南路万锦融城一层(五里营地铁站出入口旁),,,40.778005,111.683645
,肯德基(果园店),呼和浩特,回民区,牛街与新华西街交口美特好超市1楼,,,40.816912,111.6496
,肯德基(金游城店),呼和浩特,赛罕区,南二环路以南丰州路以西鹏欣金游城购物中心一二层,,,40.799123,111.740755
,肯德基(呼和浩特体育场店),呼和浩特,新城区,天府花园东门旁,,,40.848535,111.656525
,肯德基(呼和浩特金桥店),呼和浩特,赛罕区,阿拉坦大街和达尔登北路交口金宇星城0471-,,,40.776394,111.72854
,肯德基(呼和浩特七彩城店),呼和浩特,玉泉区,石羊桥路以西大学西路以北七彩城购物中心下沉广场夹层钢结构一层1号,,,40.802992,111.662994
,肯德基(爱民街中天DT店),呼和浩特,新城区,爱民街呼和春天1号院S1商业楼101-102号一层,,,40.848679,111.706179
,肯德基(长乐宫店),呼和浩特,赛罕区,东风路358号长乐宫(东影路地铁站C口旁),,,40.830115,111.708137
,肯德基(广龙苑店),呼和浩特,回民区,成吉思汗大街广龙苑小区北门S9-10,,,40.849629,111.637266
,肯德基(呼和浩特喜悦店),呼和浩特,新城区,兴安北路38号维多利喜悦汇一层,,,40.864675,111.692375
,肯德基(金地名峰店),呼和浩特,新城区,毫沁营北路金地名峰底商,,,40.873675,111.718525
,肯德基(呼和浩特学鲤店),呼和浩特,赛罕区,学鲤高职园区18号楼一层2铺3铺,,,40.903532,111.843628
,肯德基(昭乌达路店),呼和浩特,赛罕区,昭乌达路56号(喇嘛营地铁站D口步行60米),,,40.756267,111.730774
,肯德基(滨海友谊店),呼和浩特,新城区,哲里木路与成吉思汗大街交口处滨海友谊购物中心商场一层,,,40.857335,111.679102
,肯德基(呼和浩特名都和景餐厅店),呼和浩特,新城区,成吉思汗大街以南东二环以东名都和景商业一层,,,40.859217,111.737503
,肯德基(星河北街店),呼和浩特,玉泉区,滨河北路4号,,,40.77001,111.64072
,肯德基(呼和浩特万象城KFC),呼和浩特,玉泉区,大学西街万象城3楼L0367,,,40.805825,111.675075
,肯德基(金地峯启未来DT),呼和浩特,赛罕区,金地峯启未来2期南门保全街以北肯德基,,,40.787641,111.757723
,肯德基(呼和浩特大召店),呼和浩特,玉泉区,大召西夹道大召前街23号附近阿拉坦汗广场南侧羊绒城商场一、二层,,,40.798899,111.653
,肯德基(呼和浩特心想是城店),呼和浩特,赛罕区,昭乌达路心想是城一层,,,40.809774,111.695218
,肯德基(白塔机场到达层店),呼和浩特,赛罕区,白塔国际机场1F到达层东侧,,,40.856268,111.821359
,肯德基(呼和浩特东站二层夹层餐厅),呼和浩特,新城区,呼和浩特东站二层夹层,,,40.851074,111.765256
,肯德基(阅立方KFC餐厅),呼和浩特,新城区,新华大街富邦商务中心102青城阅立方底商,,,40.827435,111.695635
,肯德基(恒泰广场店),呼和浩特,玉泉区,恒盛广场AB裙楼一层F1-2铺位,,,40.754562,111.695754
,肯德基门(光明大街店),呼和浩特,回民区,光明路办事处光明路中段牵手KTV俱乐部东50米路北,,,40.819387,111.630376
,肯德基(呼和浩特妇幼DT),呼和浩特,新城区,万通路以西察哈尔大街以北集通凯宸嘉苑4号商业楼一层14-15-16号铺位总计使用面积为174平方米,,,40.870176,111.74424
,王府井奥莱肯德基餐厅(王府井奥莱如意小镇店),呼和浩特,新城区,机场高速路176号,,,40.844692,111.766605
,肯德基(回民区万达店),呼和浩特,回民区,成吉思汗西街阿拉善路交口万达广场一层,,,40.832255,111.609513
,肯德基(金翡丽店),呼和浩特,新城区,中山东路48号金翡丽购物中心一层,,,40.81698,111.671365
,肯德基(凯德诺和木勒餐厅店),呼和浩特,玉泉区,鄂尔多斯大街38号凯德广场F1层,,,40.797236,111.678034
,肯德基(呼和浩特海光大厦餐厅),呼和浩特,新城区,海拉尔东路22号海光大厦综合楼1至2层1011-1021铺位,,,40.837091,111.671447
,肯德基(金地峯启未来DT车速取餐厅),呼和浩特,赛罕区,保全庄金地峯启未来2期S2-101号,,,40.787407,111.757889
,内蒙古工业大学肯德基餐厅,呼和浩特,新城区,新城区工业大学北区思源餐厅一楼肯德基,,,40.850174,111.681684
,肯德基(呼市哈素海北区餐厅),呼和浩特,土默特左旗,哈素海服务区北区一层总计使用面积为130平方米,,,40.691423,110.982718
,哈素海服务区肯德基,呼和浩特,土默特左旗,中国石油哈素海服务区加油站东侧170米,,,40.697577,111.006495
,哈素海服务区肯德基,呼和浩特,土默特左旗,哈素海服务区北30米,,,40.695376,111.005781
,肯德基甜品站(喜悦广场店),呼和浩特,新城区,维多利喜悦汇,,,40.864777,111.69272
,肯德基(海口远大店),海口,秀英区,长滨四路7号远大购物中心,,,20.047193,110.190742
,肯德基(海口大华店),海口,秀英区,长滨七路大华锦绣国际一层127-128号商铺,,,20.049099,110.179038
,肯德基(理想海店),海口,秀英区,长滨东四街19号华盛理想海商场一层C-101号商铺,,,20.043137,110.196236
,肯德基(永万路DT店),海口,秀英区,永万路11号,,,20.021539,110.265496
,肯德基(滨海店),海口,秀英区,秀英区海港路1号,,,20.018777,110.282937
,肯德基(海垦店),海口,龙华区,海垦路西岭华庭广场1层肯德基,,,20.007471,110.307801
,肯德基(海口居然之家店),海口,秀英区,滨海大道路102号海口居然之家一层商铺,,,20.019925,110.284325
,肯德基(海口秀英万达店),海口,秀英区,万达广场1001铺,,,19.980451,110.278366
,肯德基(海大店),海口,美兰区,海南大学海甸校区紫荆公寓负一层001号商铺,,,20.054625,110.332575
,肯德基(海秀店),海口,美兰区,海秀东路明珠广场1-2层,,,20.030455,110.343173
,肯德基(友谊南海城店),海口,龙华区,南海大道115号友谊南海城一层021商铺,,,19.996256,110.297129
,肯德基(海口仁恒里店),海口,秀英区,紫园路3号海口仁恒里一层A1-6号商铺,,,20.012623,110.265868
,肯德基(海口活力城店),海口,龙华区,盐灶路活力城一层,,,20.038049,110.329472
,肯德基(国贸店),海口,龙华区,国贸大道28号金贸商城首层肯德基,,,20.026158,110.320336
,肯德基(道客店),海口,琼山区,道客和悦城一层121-122号商铺,,,20.008315,110.342101
,肯德基(群上广场店),海口,美兰区,白龙街道办事处群上村南侧群上路群上广场1层,,,20.021819,110.369572
,肯德基(中山路店),海口,琼山区,中山北路20号天茂商场一楼(府城三角公园旁边),,,20.003265,110.35553
,肯德基(金茂店),海口,龙华区,国贸三横路国贸城C区1楼金茂肯德基,,,20.027669,110.317086
,肯德基(国兴店),海口,美兰区,国兴大道北侧盛达景都一层,,,20.017183,110.374741
,肯德基(友谊店),海口,龙华区,龙华路1号友谊商场一楼,,,20.037893,110.337479
,肯德基(上邦店),海口,龙华区,金龙路98号上邦百汇城2号楼一楼肯德基餐厅,,,20.021233,110.322097
,肯德基(长流餐厅),海口,秀英区,长流镇长康路东侧供销广场一层101号商铺,,,20.011103,110.201378
,肯德基(南沙店),海口,龙华区,南沙路65号长弘·御府商业1层108号商铺,,,20.002813,110.324793
,肯德基(金棕榈店),海口,龙华区,解放西路9号金棕榈文化商业广场1层D栋101商铺,,,20.039749,110.340914
,肯德基(海甸店),海口,美兰区,人民路12号民博大厦1楼(海甸三西西路与人民桥交汇处),,,20.051902,110.341025
,肯德基(白龙店),海口,美兰区,青年路4附近,,,20.036796,110.36253
,肯德基(新海港店),海口,秀英区,新海港客运综合枢纽二层安检内2035A号商铺,,,20.052562,110.155938
,肯德基(滨濂国际店),海口,龙华区,滨涯路15号,,,20.002611,110.309621
,肯德基(海口椰海店),海口,琼山区,府城镇迈仍村椰海家园小区一层105,,,19.978951,110.358662
,肯德基(金世纪店),海口,美兰区,海秀路20号亿圣和商场一楼肯德基餐厅,,,20.026425,110.339175
,肯德基(龙昆南店),海口,龙华区,龙昆南路58号和信广场一楼,,,20.005386,110.339027
,肯德基(海口吾悦店),海口,龙华区,迎宾路18号海口新城吾悦广场,,,19.977518,110.337774
,肯德基(海府店),海口,美兰区,海府路18号南亚广场家乐福首层,,,20.030885,110.351388
,肯德基(秀英店),海口,秀英区,秀英大道26号鹏泰兴购物广场一二层,,,20.003834,110.280548
,肯德基(海口绿色佳园店),海口,琼山区,凤翔东路6号绿色佳园10-110商铺一层(琼山五小对面),,,19.991421,110.37684
,肯德基(海口民声路店),海口,龙华区,茉莉路与民声东路交叉口东北侧2号楼一层101号商铺,,,20.028899,110.305863
,肯德基(宜欣广场店),海口,龙华区,宜欣城一楼,,,20.024966,110.312893
,肯德基(海口灵山店),海口,美兰区,灵山镇琼文大道123号洪都百货一楼,,,19.964421,110.439717
,肯德基(名门店),海口,美兰区,五指山路名门广场一楼,,,20.023545,110.35123
,肯德基(龙湖光年店),海口,龙华区,南海大道15号龙湖海口时代天街一期6号楼一层1-051-06号商铺,,,19.997066,110.328925
,肯德基(鹏晖店),海口,美兰区,海甸岛和平大道鹏晖商业广场一楼,,,20.057251,110.349412
,肯德基(云上方舟店),海口,美兰区,海甸一东路6号云上方舟项目一层001号铺面,,,20.047457,110.345763
,肯德基(白驹大道店),海口,美兰区,白驹大道与顺达路交叉口西280米,,,20.015667,110.410929
,肯德基(海口东站店),海口,龙华区,凤翔西路海口东站1层(海口东高学校对面),,,19.98391,110.34318
,肯德基(幸福汇店),海口,秀英区,南海大道889号南海幸福汇15号楼一层C-07C-08C-09号商铺,,,19.981156,110.174718
,肯德基(胤达城店),海口,美兰区,新埠大道6号胤达城一层C1-05C1-06号商铺,,,20.064987,110.366427
,肯德基(龙湖天街餐厅),海口,龙华区,南海大道15号龙湖海口天街二层B-2F-15号商铺(内场),,,19.997705,110.332157
,肯德基(高兴里店),海口,琼山区,凤翔街道办事处大园社区振兴路78号高兴里商业街影城一楼1号铺面,,,19.992326,110.345584
,肯德基(海口骑楼餐厅),海口,龙华区,长堤路18号骑楼肯德基一楼,,,20.04374,110.341933
,肯德基(椰博店),海口,琼山区,新大洲大道北侧椰风水韵北区商业街一层1-10号,,,19.978219,110.387436
,肯德基(日月广场店),海口,琼山区,国兴大道8号C01地块日月广场,,,20.014918,110.350443
,肯德基(美丽沙店),海口,美兰区,海甸岛美丽沙路5-1号,,,20.072039,110.319578
,肯德基(大致坡),海口,美兰区,大致坡镇园林东街11号,,,19.80359,110.6872
,肯德基(恒福居店),海口,美兰区,海甸五西路32号恒福居3号楼3-105号商铺一层和3-106号商铺,,,20.062022,110.325702
,肯德基(海口安华领秀城餐厅),海口,美兰区,五西路北侧安华领秀城一层A-103号商铺,,,20.061791,110.315267
,肯德基(海经院店),海口,美兰区,江东新区海涛大道1001号海口经济学院教师活动中心海经影城项目1层A5-A8号,,,19.963472,110.494792
,汽车穿梭餐厅(秀英时代广场店),海口,秀英区,滨海大道161秀英时代广场F1层,,,20.018747,110.282911
,肯德基(美兰美购城店)(装修中),海口,美兰区,航空旅游城,,,19.940245,110.462803
,KFC甜品站(展兴颐龙名居店),海口,美兰区,文明东路42号展兴颐龙名居,,,20.036674,110.362353
,肯德基(步行街店),三亚,天涯区,解放路461号解放路步行街,,,18.249659,109.502395
,肯德基(解放店),三亚,天涯区,解放路668号三亚明珠广场一层,,,18.257408,109.503753
,肯德基(港华店),三亚,吉阳区,商品街一巷港华商业城一楼,,,18.24487,109.515192
,肯德基(国际店),三亚,天涯区,旺豪超市东门旁,,,18.236599,109.507189
,肯德基(宝盛店),三亚,天涯区,解放二路002号宝盛百货广场一二层,,,18.241056,109.506316
,肯德基(阳光广场店),三亚,吉阳区,阳光金融广场1楼肯德基,,,18.274028,109.51328
,肯德基(三亚站店),三亚,吉阳区,东环高铁三亚站站内肯德基餐厅,,,18.29619,109.49278
,肯德基(金润店),三亚,天涯区,新风路100号金润广场一层1-2号商铺,,,18.251359,109.507779
,肯德基(百业昌盛店),三亚,吉阳区,荔枝沟路荔枝沟南新农贸市场东侧百业昌盛商场一楼1F-24号商铺二楼2F,,,18.295525,109.525893
,肯德基(山水国际店),三亚,吉阳区,凤凰路三亚山水国际城市公寓一层商业一楼大堂商铺,,,18.243153,109.521087
,肯德基(上东海岸店),三亚,天涯区,金鸡岭路上东海岸商业综合体一二层,,,18.27892,109.497252
,肯德基(三亚学院店),三亚,吉阳区,[],,,18.338345,109.558765
,肯德基(红树林店),三亚,天涯区,凤凰路红树林度假菩提酒店一楼大堂内,,,18.285751,109.491439
,肯德基(荔枝沟店),三亚,吉阳区,荔枝沟路和同心路交汇处,,,18.298013,109.538745
,肯德基(金凤凰店),三亚,天涯区,青春里沃美超市旁一楼,,,18.260546,109.495013
,肯德基(购物中心三亚夏日站店),三亚,吉阳区,育秀路2号车站夏日站购物中心3A号楼一层0102 03号商铺,,,18.295478,109.489792
,肯德基(蓝海华庭店),三亚,吉阳区,新风街蓝海购物广场一层A028商铺,,,18.253073,109.513695
,肯德基(红沙同心家园餐厅),三亚,吉阳区,榆亚路535号6号楼一层B101号商铺,,,18.238422,109.553411
,肯德基(半山半岛店),三亚,吉阳区,鹿回头路半山半岛4期中央海景大道1号楼首层,,,18.212503,109.496808
,肯德基(三亚千古情店),三亚,吉阳区,迎宾路千古情景区,,,18.290475,109.531075
,肯德基(新鸿港店),三亚,吉阳区,迎宾路新鸿港市场1号楼林达奥特莱斯,,,18.279572,109.579108
,肯德基(三亚海坡店),三亚,天涯区,新城路93号三亚丽禾温德姆一层S14号商铺,,,18.291554,109.42943
,肯德基(凤凰镇店),三亚,天涯区,凤凰路339号,,,18.300206,109.449254
,肯德基(海虹路DT店),三亚,天涯区,海虹路鲁能三亚湾美丽五区项目2号楼1层0304号商铺车道,,,18.292379,109.441224
,肯德基(百花谷店),三亚,吉阳区,亚龙湾开发区G-23地块百花谷商业街一层A102号商铺,,,18.23136,109.643096
,肯德基(大东海游客中心店),三亚,吉阳区,东海路大东海旅游区游客中心一层1-3号商铺,,,18.221529,109.524531
,肯德基(三亚大悦城餐厅),三亚,吉阳区,迎宾路三亚大悦城L3-36号商铺,,,18.281973,109.519257
,肯德基(鸿洲游艇中心店),三亚,吉阳区,榆亚大道2号鸿洲时代海岸内,,,18.231819,109.511056
,肯德基(宜华广场店),三亚,海棠区,南田路宜华商业广场一楼H2-101号商铺,,,18.390975,109.722225
,肯德基(三亚海旅免税城店),三亚,吉阳区,迎宾路北侧303号海旅免税城六层6-006号商铺,,,18.29032,109.528978
,肯德基(亚龙湾店),三亚,吉阳区,亚龙湾亚泰商业街,,,18.23396,109.644533
,肯德基(三亚海昌店),三亚,海棠区,海岸大道168号三亚海昌梦幻不夜城一层112-2商铺,,,18.314792,109.72688
,肯德基(三亚西岛餐厅),三亚,天涯区,西岛旅游区肖旗港商业街一层2号1-07和2号1-08号商铺,,,18.292456,109.368514
,肯德基(三亚青年城店),三亚,吉阳区,青年城B8-1号-,,,18.290078,109.612035
,肯德基(崖州金茂店),三亚,崖州区,甘农大道与规划路交汇处三亚金茂湾4号地12号楼一层47号A商铺,,,18.348273,109.168448
,肯德基(三亚崖州店),三亚,崖州区,崖州区保利崖州湾大社区崖州肯德基,,,18.352853,109.172776
,肯德基(崖州科技城店),三亚,崖州区,崖州区崖州湾科技城创新路深海魔方文化产业园区一层1号商铺,,,18.327039,109.16102
,肯德基(海棠湾店)(暂停营业),三亚,海棠区,三亚国际免税城1期,,,18.372525,109.750725
,肯德基(三亚天涯小镇餐厅),三亚,天涯区,马岭街42号晴空野民宿一层,,,18.305606,109.333635
,肯德基(海棠湾君悦店),三亚,海棠区,海棠湾镇海棠北路君悦酒店商业街103号部分,,,18.343858,109.737086
,肯德基(亚龙湾水岸君悦店),三亚,吉阳区,亚龙湾度假区龙海路26号水岸君悦商铺,,,18.22929,109.627797
,肯德基(凤凰机场到达餐厅),三亚,天涯区,凤凰机场T1航站楼到达厅,,,18.308004,109.413257
,肯德基(喜棠餐厅),三亚,海棠区,红龙路喜棠商业广场一层A-21号商铺,,,18.28672,109.716472
,肯德基车速取餐点(金凤凰店),三亚,天涯区,青春里沃美超市旁1楼停车场内,,,18.260571,109.49512
,肯德基(香洲店),珠海,香洲区,凤凰南路1130号,,,22.276553,113.578407
,肯德基(柠溪店),珠海,香洲区,柠溪路284号柠溪文化广场F1,,,22.264899,113.55785
,肯德基(吉大店),珠海,香洲区,景山路免税商场一楼218号,,,22.25535,113.579407
,肯德基(优特汇店),珠海,香洲区,银桦路102号(珠海优特汇)L2层L281号商铺,,,22.278185,113.559818
,肯德基(紫荆店),珠海,香洲区,紫荆路301号至尊堡大厦1、2层,,,22.278851,113.56541
,肯德基(珠海站店),珠海,香洲区,拱北昌盛路9号来魅力口岸城A001号肯德基(珠海轻轨总站),,,22.214986,113.550552
,肯德基(海天公园店),珠海,香洲区,规划展览馆西北侧海天公园南侧的海天公园服务配套项目优和巷103商铺,,,22.294899,113.575977
,肯德基(仁恒店),珠海,香洲区,新香洲人民西路仁恒星园商业街,,,22.267312,113.535173
,肯德基(时代广场店),珠海,香洲区,人民西路与敬业路交汇处城市风景时代广场商业群楼华润万家(华润万佳)一楼,,,22.267027,113.526342
,肯德基(融德广场店),珠海,香洲区,前山永德街8号的融德广场L1层017号商铺,,,22.248588,113.524138
,肯德基(珠海奥园店),珠海,香洲区,梅界路金发购物中心首层L1-21铺位,,,22.282721,113.515571
,肯德基(侨光店),珠海,香洲区,侨光路37号,,,22.219651,113.55249
,肯德基(珠海万科城店),珠海,香洲区,扣扉路2125号房产,,,22.270849,113.504348
,肯德基(城市阳台店),珠海,香洲区,珠海大剧院南侧情侣中路西侧海滨北路东侧香炉湾城市阳台S1-117商铺,,,22.263328,113.582048
,肯德基(珠海山姆店),珠海,香洲区,明珠北路338号印象城一层F104商铺,,,22.275668,113.509123
,肯德基(南屏华润万家店),珠海,香洲区,珠海大道33号天朗海峰国际中心华润万家一楼1F1007号商铺,,,22.225887,113.519333
,肯德基(华发商都店),珠海,香洲区,珠海大道8号华发商都A馆1号楼一层A1028A1029号(肯德基),,,22.224109,113.510186
,肯德基(格力广场店),珠海,香洲区,九洲大道中格力广场2137号,,,22.238657,113.554923
,肯德基(迎宾广场店),珠海,香洲区,迎宾南路1144号迎宾广场首层12号商铺,,,22.223462,113.553342
,肯德基(富华里店),珠海,香洲区,九洲大道2023号的中海富华里中心12栋一层110-111-112号,,,22.23393,113.541486
,肯德基(明珠店),珠海,香洲区,明珠南路1389号新美百货1层,,,22.245951,113.519872
,肯德基(高新宝龙店),珠海,香洲区,宝龙广场一楼47号商铺,,,22.381004,113.550483
,肯德基(香山湖店),珠海,香洲区,香山湖公园3期,,,22.284574,113.532754
,肯德基(中大珠海荔园),珠海,香洲区,中山大学珠海校区荔园食堂二层,,,22.351922,113.587655
,肯德基(唐家湾分店),珠海,香洲区,唐家湾轻轨站香山中心一楼肯德基,,,22.362678,113.552592
,肯德基(金同路店)(暂停营业),珠海,香洲区,金同路2000号教学t4一楼101-102,,,22.350255,113.522516
,肯德基(北京理工大学餐厅),珠海,香洲区,唐家湾金凤路6号北京理工大学(珠海)综合楼1层,,,22.363402,113.545259
,肯德基(夏湾店),珠海,香洲区,夏湾路夏湾市场一层,,,22.22395,113.540611
,肯德基(珠海招商花园城店),珠海,香洲区,翠微西路288号商场招商花园城一期10栋第一层第78号商铺,,,22.255212,113.525346
,肯德基(长兴路店),珠海,香洲区,喜悦荟长兴路81号83号85号87号商铺,,,22.268743,113.512748
,肯德基(九洲港出发店),珠海,香洲区,情侣南路货柜码头九洲港国内航线,,,22.240154,113.59117
,肯德基(金山软件园店),珠海,香洲区,香洲区高新区情侣北路1858号珠海金山软件园二期9号楼101-1101-2,,,22.348182,113.599415
,肯德基(港湾一号店),珠海,香洲区,高新区湾创路92号港湾1号科创园·创意云端1层位置编号为16的商铺,,,22.362794,113.59873
,肯德基(华发国际店),珠海,金湾区,西湖片区启动区山湖海路南侧金鑫路西侧金湾华发商都D区C1002-C1004a号商铺,,,22.120163,113.362199
,肯德基(家和城店),珠海,斗门区,湖心路1138号F区商业1层1004A/1005号铺,,,22.154969,113.351216
,肯德基(城市阳台二店餐厅),珠海,香洲区,正方优和汇城市阳台南区A-L108L107A商铺,,,22.262397,113.581386
,肯德基(华发水岸店),珠海,香洲区,珠海大道3888号C3区1层C305号,,,22.195203,113.432884
,肯德基(横琴店),珠海,香洲区,横琴新区宝兴路79号商铺81号商铺,,,22.113706,113.549778
,肯德基(华发悦天地店),珠海,香洲区,横琴新区濠江路968-110号、968-111号、984号、986号,,,22.134101,113.5289
,肯德基(新苏豪餐厅),珠海,香洲区,港一路新苏豪一层122-123号商铺,,,22.231184,113.53341
,肯德基(鹏瑞中心店),珠海,香洲区,前河东路66号鹏瑞·珠澳湾中心,,,22.214825,113.537275
,肯德基(华发十字门店),珠海,香洲区,银湾路268号十字门华发商都二期,,,22.173058,113.520328
,肯德基(格力电器餐厅),珠海,香洲区,格力电器食堂二楼东南角,,,22.265635,113.543372
,肯德基(横琴华发商都餐厅),珠海,香洲区,横琴新区琴海东路981号华发广场B1013商铺,,,22.152763,113.540158
,肯德基(格力海岸店),珠海,香洲区,情侣北路1号楼半岛二路18号101商铺,,,22.349255,113.620401
,肯德基(珠海格力电器股份有限公司店)(暂停营业),珠海,香洲区,金鸡路789号珠海格力电器股份有限公司食堂二楼东南角,,,22.23298,113.496066
,肯德基(横琴国际商务中心店),珠海,香洲区,横琴新区横琴国际商务中心一期环岛东路3002号-02,,,22.144049,113.544759
,肯德基(海上城市店),珠海,金湾区,百汇路16号万熙街6号燕羽路546号及燕羽路548号商铺,,,22.077637,113.400326
,肯德基(赛纳科技园餐厅),珠海,香洲区,和正路199号赛纳科技中心9号楼01商铺,,,22.201649,113.467137
,肯德基(横琴汇通路餐厅),珠海,香洲区,横琴新区汇通三路102号商铺,,,22.159469,113.535872
,肯德基(斗门大信店),珠海,斗门区,井岸镇中兴中路328号一层大润发超市1001号商铺,,,22.21544,113.296695
,肯德基(朝福店),珠海,斗门区,井岸镇新民路144号一层,,,22.2101,113.296586
,肯德基(湾仔鸿景花园店),珠海,香洲区,沿海路与南湾南路交叉口东140米,,,22.196309,113.535813
,肯德基(金湾华发商都店),珠海,金湾区,华发商都一楼商铺B1012B1013,,,22.114219,113.361536
,肯德基(华发又一城店),珠海,斗门区,井岸镇水郡新天地商业街1层,,,22.153279,113.304066
,肯德基(金鼎餐厅),珠海,香洲区,金峰中路173-1号商铺,,,22.379948,113.539782
,肯德基(平沙店),珠海,金湾区,平沙镇美平三街309号3栋(钰海国际广场)一层美平西路332-334-1号,,,22.096032,113.175671
,肯德基(映月店),珠海,金湾区,三灶镇映月路益百家百货首层,,,22.048455,113.350598
,肯德基(珠海斗门世荣万达广场店),珠海,斗门区,知行路118号珠海斗门世荣万达广场F1层,,,22.166785,113.302761
,肯德基(珠海机场店),珠海,金湾区,三灶镇海澄机场候机大楼主楼(中指廊)二楼出发大厅SD025号,,,22.008717,113.376636
,肯德基(金湾市民中心K咖啡小馆),珠海,金湾区,金鑫路137号金湾航空城产业服务中心市民服务中心一楼A区,,,22.11604,113.365502
,肯德基(白蕉峰尚餐厅),珠海,斗门区,白蕉镇峰尚商业街18号20号22号禾生二路138号140号142号144号商铺,,,22.197557,113.332518
,肯德基(南水市场餐厅),珠海,金湾区,南水镇南港中路17号南水市场一层,,,22.02742,113.235454
,肯德基(金湾国际人才港),珠海,金湾区,金湾人才港广场L106号商铺,,,22.097549,113.287684
,仁恒KFC,珠海,香洲区,仁恒星园商业街入口旁,,,22.267316,113.535026
,肯德基(正光广场店),珠海,金湾区,南翔路与虹晖二路交叉口西120米,,,22.131167,113.340984
,肯德基(朝安南路店),佛山,禅城区,朝安南路51号,,,23.022345,113.134699
,肯德基(星星广场DT店),佛山,禅城区,同兴路2号P1P2号(镇安地铁站B口步行50米),,,23.016062,113.145379
,肯德基(桂城天河城店),佛山,南海区,南海大道北路46号桂城天河城1层129号,,,23.041009,113.141173
,肯德基(佛山万科金融中心店),佛山,禅城区,季华五路57号B1层美食广场,,,23.012642,113.121248
,肯德基(普君店),佛山,禅城区,普祥路8号首层P56号,,,23.027344,113.124832
,肯德基(海三路店),佛山,南海区,桂城叠南村圣堂618号鸿大广场F1层,,,23.049466,113.134811
,肯德基(玫瑰园店),佛山,禅城区,大福南路22号首层101房及二层201房,,,23.004858,113.122853
,肯德基(佛山王府井店),佛山,禅城区,季华四路70号佛山王府井紫薇港·WALKIN F1层,,,23.008647,113.101352
,肯德基,佛山,南海区,桂城街道轩城路9号时代灯湖天境D区,,,23.070225,113.133325
,肯德基(天虹店),佛山,禅城区,号铺石湾街道天虹购物中心负一楼B1017号铺,,,22.990716,113.130927
,肯德基(东建世纪店),佛山,禅城区,季华五路26号首层E1号(自编E1-1)号铺,,,23.011547,113.117338
,肯德基(京华广场店),佛山,南海区,融和路16号京华广场3座1层(1305、1306、1307、1308、1309号铺),,,23.068859,113.162189
,肯德基(华强广场店),佛山,禅城区,高基街209号佛山华强广场首层L1-25-1-26号铺,,,23.03981,113.111051
,肯德基(季华园万科里店),佛山,禅城区,汾江南路3号季华园万科里首层2号铺3号铺,,,23.006695,113.108138
,肯德基(帝欧店店),佛山,禅城区,江湾一路43号帝欧家居大厦首层,,,23.015665,113.094148
,肯德基(华南创谷店),佛山,禅城区,张槎一路115号一座首层6号铺,,,23.028959,113.058056
,肯德基(灯湖领秀店),佛山,南海区,南海大道北8号中建广场V+MALLF1层,,,23.061229,113.140428
,肯德基(桂南名都店),佛山,南海区,桂城街道南桂东路66号首层肯德基,,,23.032949,113.154697
,肯德基(星耀广场店),佛山,顺德区,乐从镇乐从社区居民委员会佛山新城裕和路141号星耀广场商铺1号1层自编号W,,,22.96558,113.115117
,肯德基(乐安DT店),佛山,南海区,罗村桂丹路华泓商业城侧,,,23.062219,113.098368
,肯德基(佛山泷景店),佛山,禅城区,前进路3号首层1213 1415号商铺,,,22.981914,113.102584
,肯德基,佛山,南海区,叠滘二路与海五西路交叉口西南60米,,,23.055125,113.128175
,肯德基(南海新天地店),佛山,南海区,桂平西路新天地首层A031-A034铺,,,23.033508,113.158581
,肯德基(崇文金城店),佛山,禅城区,绿景东路a28号,,,22.996072,113.154887
,肯德基(岭南新天地KFC),佛山,禅城区,祖庙路17号瑞安新广场首层1F-S2号铺,,,23.030813,113.11293
,肯德基(佛平店),佛山,南海区,佛平路和桂平路交汇处(太港广场)首层,,,23.02888,113.19409
,肯德基(绿岛广场店),佛山,禅城区,季华西路129号D1座首层,,,23.002892,113.03595
,肯德基(罗村DT店),佛山,南海区,罗村大道南8号佛山新能源汽车配件城内,,,23.048052,113.042898
,肯德基(乐从风度广场KFC),佛山,顺德区,乐从镇乐从社区居民委员会映翠北路1号风度广场B105-B110B198-B205商铺,,,22.949355,113.084326
,肯德基(源海国金商业广场店),佛山,禅城区,工业一路与季华二路交叉口东南80米智慧新城站,,,23.010448,113.0609
,肯德基(河滨路店),佛山,顺德区,乐从镇乐从居委会新乐从家具城西区一座首层商铺一二三,,,22.951411,113.089755
,肯德基,佛山,南海区,兴海二路与规划一路交叉口东南80米,,,23.109725,113.144675
,肯德基(北湖店),佛山,南海区,罗村镇北湖一路圣地广场首层(罗村实验小学对面),,,23.068133,113.052155
,肯德基(同心荟店),佛山,禅城区,人民西路13号5号楼一层C1001号铺,,,23.031725,113.104925
,肯德基(大沥梦乐城店),佛山,南海区,大沥镇联滘滘口路13号171房,,,23.114294,113.144729
,肯德基(南海佰德广场店),佛山,南海区,穗盐西路43号佰德广场F1层,,,23.093403,113.172516
,肯德基(富凯国际店),佛山,禅城区,湖景路25号三座首层1号2号3号商铺,,,22.999338,113.140342
,肯德基(季华七路店),佛山,南海区,桂澜南路45号鹏瑞利季华广场F1层,,,23.011725,113.154571
,肯德基(顺联公园里店),佛山,南海区,8号铺部分(自编8-107号)铺桂城街道季华东路27号丽日广场8座首层,,,23.013492,113.164723
,肯德基(石湾文创园店),佛山,禅城区,石湾街道镇中路12号A11栋101号,,,23.003376,113.084019
,肯德基(新松岗KFC),佛山,南海区,狮山镇松岗昇宝广场停车场出口,,,23.097059,113.176965
,肯德基(樵高路DT店),佛山,南海区,百胜广场北门东北60米,,,22.950026,112.985704
,肯德基(广佛路DT店),佛山,南海区,城际大厦南门西南70米,,,23.105923,113.184456
,肯德基(松岗店),佛山,南海区,狮山镇松岗昇宝广场出口,,,23.145309,113.101429
,肯德基(白陈路店),佛山,顺德区,陈村镇合成社区居民委员会白陈路190号景盛佳园11栋26号铺,,,22.947963,113.242771
,肯德基(小塘店),佛山,南海区,狮山镇小塘四环路66号紫悦明都一层自编1F001二层自编2F001,,,23.088598,112.985797
,肯德基(精智广场DT店),佛山,顺德区,北滘镇北滘社区合成路30号首层101-104铺,,,22.93327,113.204632
,肯德基(北滘广场店),佛山,顺德区,北滘镇北滘居委会人昌路10号北滘广场首二层S08S28,,,22.932877,113.215294
,肯德基(怡海港店),佛山,南海区,桂城街道简平路7号南舜广场5座2栋首层1019-1024号,,,23.022818,113.167905
,肯德基(恒福国际店),佛山,禅城区,季华六路11号首层P12号恒福国际购物中心(自编)A115,,,23.012599,113.139013
,肯德基(怡翠尊堤店),佛山,南海区,大沥镇奇贤路时代天韵旁尚园1座首层商铺编号P7P8,,,23.077693,113.139183
,肯德基(碧霞路店),佛山,南海区,德昌大厦,,,22.958675,112.979275
,肯德基(杏头DT店),佛山,禅城区,吉利大道西128号一座首层K-01号铺,,,22.953027,113.039147
,肯德基(永润广场店),佛山,南海区,里广路50号一层,,,23.184878,113.194968
,肯德基(乐平店),佛山,顺德区,乐从镇乐从居委会跃进路A56号一层,,,22.958907,113.085363
,肯德基(桂城金铂餐厅),佛山,南海区,桂城街道桂业路88号金铂商业中心B1层13号铺,,,23.011325,113.156275
,肯德基(顺联广场店),佛山,顺德区,陈村镇佛陈路与白陈路交汇处顺联广场八号楼华润万家生活超市首层,,,22.953088,113.239234
,肯德基(裕和路店),佛山,顺德区,乐从镇乐从社区居民委员会佛山新城裕和路109号保利东瑞广场1层1060号,,,22.965104,113.13196
,肯德基(金沙洲金铂店),佛山,南海区,黄岐建设大道星港国际广场1座145铺,,,23.143545,113.200123
,肯德基(狮山大学城店)(暂停营业),佛山,南海区,狮山镇狮山大学城创业18MALL首层肯德基,,,23.144384,113.03096
,肯德基(龙江店),佛山,顺德区,龙江镇盈信广场文华路5街1号,,,22.870608,113.076341
,肯德基(智造汇DT店)(暂停营业),佛山,顺德区,顺联机械城11座16-18仓,,,22.977246,113.232893
,肯德基(黄岐金铂店),佛山,南海区,大沥镇黄岐段广佛路121号2座二层219铺,,,23.109871,113.188546
,肯德基(祥瑞路店),佛山,南海区,青平路11号慧品天汇·商业中心F1层,,,22.911408,113.026958
,肯德基(三乐路DT店),佛山,顺德区,北滘镇科业路1号1号楼1层,,,22.905266,113.218945
,肯德基(民乐公园KFC),佛山,顺德区,北滘镇碧江社区泰宁东路16号碧江文体中心A座一层A1-14,,,22.941194,113.264098
,肯德基(海北建设大道店),佛山,南海区,黄岐金沙洲建设大道1号金沙湾财富广场首层,,,23.141931,113.208715
,肯德基(龙江大润发店),佛山,顺德区,龙江镇龙洲西路99号自编12号,,,22.86802,113.072612
,肯德基(金银湾店),佛山,南海区,大沥镇盐步河东中心路3号之3首层自编1002,,,23.096053,113.189296
,肯德基(巴黎春天店),佛山,南海区,大沥巴黎春天步行街M9-M12,,,23.106569,113.121098
,肯德基(北滘广场店),佛山,顺德区,北滘镇北滘居委会人昌路10号北滘广场1层S08,,,22.932802,113.215463
,肯德基(盛达广场店),佛山,顺德区,伦教街道常教社区伦常路888号置富花园富顺阁首层铺,,,22.879801,113.210887
,肯德基(龙成大厦DT店),佛山,顺德区,龙江镇广湛公路嘉信龙成大厦101-104号商铺,,,22.87832,113.055355
,肯德基(文昌店),佛山,高明区,文昌路31-33号物业广场购物中心首层,,,22.897116,112.885836
,肯德基(太平大道店),佛山,南海区,大沥镇太平村太平大道18号1座首层1S-01-081S-01-091S-01-10,,,23.104227,113.101375
,肯德基(星汇云锦-店),佛山,南海区,悦汇广场A区(桂城地铁站A口步行150米),,,23.030325,113.141575
,肯德基(兆阳广场店),佛山,禅城区,华远路63号兆阳广场首层A-07、A-08商铺,,,22.999837,113.11741
,肯德基(杏龙路店),佛山,顺德区,河北路80号宏汇城F1层,,,22.793002,113.174807
,肯德基(樵岭国际店),佛山,南海区,官山城区江浦东路26号一层1A-10,,,22.941774,112.986535
,肯德基(凤山店),佛山,顺德区,大良镇凤山中路26号(大良钟楼地铁站E口步行190米),,,22.837784,113.25245
,肯德基(樵岭购物公园店),佛山,南海区,江浦东路26号樵岭购物公园F1层,,,22.941765,112.986722
,肯德基(佛罗伦萨小镇店),佛山,南海区,桂城街道疏港路28号佛罗伦萨小镇二楼肯德基,,,23.005791,113.22836
,肯德基(上朗车速取餐厅),佛山,禅城区,张槎塱宝西路9号1栋首层1112-1113铺及取餐车道,,,23.0463,113.057776
,肯德基(九江信基店),佛山,南海区,九江镇大正路信基广场肯德基,,,22.841309,113.013842
,肯德基(顺科大厦店),佛山,顺德区,智城路1号大自然集团总部大楼,,,22.837139,113.302811
,肯德基(汇翠广场店),佛山,南海区,桂城街平东社区柏丽翡翠大道7-10号信汇广场1首层自编号JP1-05P1-07铺,,,23.02362,113.210679
,肯德基(广海大道店),佛山,三水区,西南街道健力宝南路44号21座首层铺号为108-1109,,,23.16415,112.896368
,肯德基(南国店),佛山,顺德区,大良街道南国中路30号顺成大融城首层,,,22.826751,113.273257
,肯德基(中一大厦店)(暂停营业),佛山,南海区,大沥镇黄歧渤海路中一大厦1座悦荟里肯德基,,,23.113918,113.180342
,肯德基(大良万达店),佛山,顺德区,大良街道南江社区南霞新路9号美的大良悦然广场1栋104铺,,,22.793433,113.283677
,肯德基(狮山星河店),佛山,南海区,核心博爱中路68号长华汇F1层,,,23.119568,112.998781
,肯德基(海北广场店),佛山,南海区,大沥镇黄岐泌冲村三乡路南地段海北广场二期一楼A05号,,,23.131312,113.188146
,肯德基(南庄吉利店),佛山,禅城区,南庄镇南庄二马路89号吉利明珠生活广场1层及2层,,,22.969014,113.015628
,肯德基(爱车小镇店),佛山,南海区,桂城街道海八西路辅路与文华北路交叉口时代爱车汇首层,,,23.069635,113.127802
,肯德基(比高广场店),佛山,南海区,里水大道南89号首层L1-24-1L1-25号铺,,,23.144179,113.163127
,肯德基(嘉信店),佛山,顺德区,兴顺路1号大良兴顺路嘉信城市广场一期,,,22.796407,113.289961
,肯德基(沧江路店),佛山,高明区,荷城街道沧江路大润发首层,,,22.894553,112.872812
,肯德基(保利水城店),佛山,南海区,桂城海六路与灯湖东路交界保利水城广场首层,,,23.059394,113.148464
,肯德基(联沙广晟店),佛山,南海区,沙边联沙广晟肯德基,,,23.107859,112.922356
,肯德基(美的置业广场店),佛山,顺德区,北滘镇君兰居委会林上北路诚德路1号美的悦然广场负一层B1021-B1022,,,22.932314,113.217113
,肯德基(龙船里车速取餐厅),佛山,南海区,桂城街道叠南社区洙泗村591号龙船里创意园H栋首层101号铺,,,23.05541,113.126392
,肯德基(高登汇店),佛山,三水区,号西南街道建设二路3号汇信华府1座商业中心首层自编1001,,,23.173032,112.858478
,肯德基(顺德大信店),佛山,顺德区,大良街道德和居委会新城区彩虹路1号大信新都汇顺德店首层L1049,,,22.79704,113.296595
,肯德基(容桂店),佛山,顺德区,容桂镇凤祥南路2号宏建大厦首层,,,22.776749,113.276053
,肯德基(顺碧DT店),佛山,顺德区,北滘镇碧江桥西侧碧桂园西苑门口,,,22.949353,113.263541
,肯德基(水藤广场店),佛山,顺德区,水藤东屯后街乐从镇水藤村水藤商业街市场B座1层,,,22.918258,113.072632
,肯德基(新南海万达KFC),佛山,南海区,桂城街道桂澜北路28号佛山南海万达广场南8栋之一1063号铺,,,23.063034,113.156358
,肯德基(山海名门店),佛山,南海区,里水镇洲村里广路2号广物国际广场首层L1-01A号铺,,,23.174422,113.206371
,肯德基(博爱店),佛山,南海区,狮山镇博爱中路61号和信商业广场一层1A013铺、二层2A015铺、三层3A013铺,,,23.120826,113.005031
,肯德基(广轻大店),佛山,南海区,狮山镇信息大道中广东轻工职业技术大学体育路第二食堂一层,,,23.161803,113.037062
,肯德基(瑶平路DT店),佛山,南海区,官窑瑶平路汇利广场肯德基,,,23.223475,113.073998
,肯德基(骏杰大都汇店),佛山,顺德区,佛陈路9号之1号骏杰大都汇,,,22.971166,113.168494
,肯德基(顺业路店),佛山,顺德区,机械装备产业园2栋首层,,,22.745636,113.217812
,肯德基(万科金域中央-店),佛山,南海区,桂城街道永胜东路4号金域中央万科里(备案名万科金域花园)28栋28-101,,,23.064735,113.171829
,肯德基(和顺DT店),佛山,南海区,里水镇和顺花园大道38号和顺商业广场F栋自编1座,,,23.248975,113.140775
,肯德基(富弘广场餐厅),佛山,南海区,富弘广场,,,23.059213,113.045737
,肯德基(里水嘉洲广场店),佛山,南海区,嘉洲广场(佛山南海里水店),,,23.16993,113.147648
,肯德基(保利西雅图店),佛山,南海区,桂城街道港口路2号号保利心语花园28栋首层101-102铺,,,23.033327,113.246292
,肯德基(顺德里KFC店),佛山,顺德区,伦教街道荔村村委会南苑东路3号保利名苑首层,,,22.866104,113.225711
,肯德基(东菱广场店),佛山,顺德区,勒流街道办事处勒流社区居民委员会政北路15号东菱帝苑首层,,,22.855863,113.126979
,肯德基(丹灶店),佛山,南海区,丹灶镇珍丰路步行街珍丰广场一楼肯德基,,,23.04014,112.920417
,肯德基(保利中交大都汇店),佛山,禅城区,紫洞北路32号保利中交大都汇6座(B9座)首层23-4,,,23.003188,113.009655
,肯德基(新展路店),佛山,顺德区,容桂容里居委会新展路28号荟景花园首层,,,22.760425,113.301056
,肯德基(杏坛店),佛山,顺德区,杏坛镇建设东路港杏豪庭首层肯德基餐厅,,,22.782968,113.159061
,肯德基(丹灶奥园DT店),佛山,南海区,丹灶镇迎金一路1号上林一品苑一期商业首层02号03号04号05号商铺,,,23.0542,112.962519
,肯德基(凤凰湾店),佛山,顺德区,自编1号铺容桂街道办事处高黎社区居民委员会翠河南路1号容桂碧桂园风情荟庭1座110号,,,22.791831,113.344564
,肯德基(佛山乐平大道-DT店),佛山,三水区,乐平镇乐平大道38号5座一楼,,,23.253738,113.017334
,肯德基宅急送(万科金色梦想店),佛山,顺德区,北滘镇工业大道41号之一万科金色梦想,,,22.911625,113.210475
,肯德基(风度广场店),佛山,三水区,乐平镇乐南路8号钜隆君玺花园,,,23.264575,113.012925
,肯德基(延年路店),佛山,顺德区,大良镇延年路8号首层,,,22.822049,113.255729
,肯德基(广佛保利城KFC店),佛山,顺德区,伦教街道荔村村教育东路东3号保利云启雅苑,,,22.870267,113.234808
,肯德基(智富新天地KFC),佛山,顺德区,杏坛镇高赞村智富新天地4栋108肯德基餐厅,,,22.846625,113.251694
,肯德基(保发外卖点KFC),佛山,顺德区,伦教街道羊额村翡翠路1号保发珠宝产业中心正门口右侧7座园区1号商铺区域自编701号,,,22.876268,113.17984
,肯德基(悦荟里车速取餐厅),佛山,南海区,大沥镇黄歧渤海路中一大厦1座首层悦荟里DT肯德基餐厅,,,23.11392,113.18031
,肯德基(保利广场店),佛山,顺德区,大良街道办事处德和社区居民委员会观绿路3号保利广场首层自编1001号商铺,,,22.798478,113.305686
,肯德基(大兴DT店),佛山,三水区,大塘镇大㘵沙大兴大道中98号万豪广场101、110、111号,,,23.424249,112.909732
,肯德基(四季花城KFC),佛山,南海区,黄岐浔峰洲路8号万科四季花城假日广场16号,,,23.152333,113.187446
,肯德基(张槎地铁站D出口早餐车),佛山,禅城区,张槎(地铁站),,,23.011037,113.067748
,肯德基(顺德欢乐谷-店),佛山,顺德区,大良街道碧桂路以东欢乐大道欢乐海岸陆公园1102号商铺之二,,,22.815686,113.306205
,肯德基(保利紫山店),佛山,南海区,里水镇里水大道南53号绿琴花城班芙温泉小城商业街1栋115、116、117、118,,,23.155401,113.158452
,肯德基(铂都汇店),佛山,高明区,荷城街道泰华路铂都汇广场首层肯德基,,,22.900314,112.856767
,肯德基(美的鹭湖店),佛山,高明区,杨和镇高明大道218号安纳希小镇7栋首层101-111铺,,,22.839842,112.765084
,肯德基(骏杰大都汇车速取餐厅),佛山,顺德区,陈村镇大都村委会佛陈公路南侧骏杰大都汇首层自编号5号,,,22.971224,113.168498
,肯德基(钧明城店),佛山,高明区,荷城街道荷富路801号(高明钧明城首层肯德基)L1-12L1-13自编号,,,22.917656,112.863531
,肯德基(顺控大厦外卖点KFC),佛山,顺德区,大良街道办事处德和社区居民委员会新城区观绿路4号恒实置业广场1号楼裙楼商铺,,,22.803416,113.300541
,肯德基(新悦路DT店),佛山,顺德区,新悦路与北流路交叉口西180米,,,22.806327,113.387439
,肯德基(石梁地铁站D出口早餐车),佛山,禅城区,石梁(地铁站),,,22.992525,113.118725
,肯德基(三水万达广场店),佛山,三水区,云东海街道南丰大道13号万达广场1031b+2031a号铺,,,23.177308,112.903162
,肯德基(三水新动力广场店),佛山,三水区,西南街道西青大道8号(A块地)首层二层,,,23.172991,112.868062
,肯德基(潭州会展外卖点KFC),佛山,顺德区,北滘镇潭洲国际会展中心A区E-135,,,22.950977,113.168422
,肯德基(爱车小镇车速取餐厅),佛山,南海区,桂城街道海八西路13号时代冠宇商业中心1栋1幢首层901-1号(自编),,,23.030942,113.20982
,肯德基(三水广场肩并肩店),佛山,三水区,张边路9号三水广场2座1层1142-1144号,,,23.171354,112.893703
,KFC(永旺梦乐城大沥店),佛山,南海区,大沥镇联滘广佛智城滘口路13号永旺梦乐城(大沥店)1F层,,,23.114205,113.144513
,肯德基(香缤广场店),佛山,顺德区,容桂街道文海西路12号香缤广场首层,,,22.753612,113.2705
,肯德基(保利中韵店),佛山,三水区,云东海街道南丰大道66号保利中韵花园1座101铺首层116-117-118铺,,,23.191646,112.908804
,肯德基(东乐路地铁早餐车),佛山,顺德区,大良东乐路地铁站A出口,,,22.834855,113.264525
,肯德基(白坭KFC),佛山,三水区,白坭镇工业大道85号(江帆大酒店首层),,,23.064557,112.843707
,肯德基(欢乐海岸早餐车店),佛山,顺德区,大良华侨城天鹅堡南门12栋202号铺顺德欢乐海岸站,,,22.820233,113.307681
,绿岛广场KFC,佛山,禅城区,绿岛广场D1中心(绿岛湖地铁站C口步行260米),,,23.00285,113.036011
,KFC甜品站(时尚缤购店),佛山,南海区,振兴路与城南一路交叉口东北20米,,,23.106595,113.121063
,肯德基(顺德职业技术大学店),佛山,顺德区,大良街道办事处德和社区居民委员会德胜东路顺德职业技术大学桃苑餐厅自编16号档,,,22.807307,113.322071
,肯德基(广佛保利城·保利云启雅苑店)(暂停营业),佛山,顺德区,广佛保利城云启雅苑肯德基,,,22.870625,113.234775
,肯德基车速取餐厅(白陈路DT店),佛山,顺德区,白陈路红绿灯地面停车场肯德基车道取餐窗口,,,22.947924,113.242707
,肯德基车速取餐点(明城店),佛山,高明区,高明大道西537号首层肯德基,,,22.859015,112.708007
,肯德基(中山大信店),中山,中山市,莲塘北路大信新都会广场1层,,,22.532217,113.382004
,肯德基(大信新悦-店),中山,中山市,石岐区南安路18号首层1FY01铺位,,,22.509603,113.36596
,肯德基(天奕星河店),中山,中山市,东区中山六路1号天奕国际广场首层113卡,,,22.518835,113.420583
,肯德基(尚城店),中山,中山市,孙文东路839号尚城花园8区2幢9卡首2层,,,22.531598,113.429733
,肯德基(悦盈店),中山,中山市,辖南区永安一路9号悦盈新成花园悦盈商业中心101-103卡部分首层,,,22.489304,113.366572
,肯德基(富逸城店),中山,中山市,辖火炬开发区孙文东路686号富逸城首层L1-01号,,,22.522678,113.4189
,肯德基(火炬路店),中山,中山市,石岐区街道火炬开发区火炬路8号新达花园3栋首层10卡12卡之113卡17卡之1号,,,22.558655,113.461939
,肯德基(翠沙路店),中山,中山市,辖西区彩虹大道30号大信新都汇新家园店首层肯德基,,,22.542736,113.358147
,肯德基(敦煌路店),中山,中山市,大涌镇敦煌路1号,,,22.463544,113.299064
,肯德基(时代美宸店),中山,中山市,辖西区金港路6号时代金沙雅苑12幢198卡自编1号首层,,,22.56055,113.343134
,肯德基(中山世纪店),中山,中山市,辖火炬开发区东镇东一路23号首层,,,22.552255,113.4877
,肯德基(天明东华KFC),中山,中山市,石岐区东华路12号天明东华阁首层13卡-14卡,,,22.544814,113.395143
,肯德基(板芙店),中山,中山市,板芙镇迎宾大道1号金澳华庭综合楼首层(自编01号),,,22.394653,113.336089
,肯德基(棕榈彩虹店),中山,中山市,康健路29号彩虹荟F1层,,,22.54062,113.351913
,肯德基(沙溪时代店),中山,中山市,沙溪镇沙溪大道6号时代倾成花园26幢113卡之1F037号,,,22.508917,113.340615
,肯德基(星宝店),中山,中山市,星宝商务中心大街77-78号,,,22.525773,113.327328
,肯德基(窈窕DT店),中山,中山市,中山港大道99号金盛广场第三栋肯德基汽车穿梭餐厅(窈窕DT店),,,22.53772,113.456413
,肯德基(番中路店),中山,中山市,民众镇浪网村六百六首层自编1号,,,22.62368,113.481093
,肯德基(汇丰城店),中山,中山市,小榄镇怡丰东路3号汇丰城首层B1-1,,,22.620133,113.264563
,肯德基(中山三乡店),中山,中山市,三乡镇文昌中路170号一二三层肯德基,,,22.356514,113.432556
,肯德基(华泰路),中山,中山市,辖大涌镇华泰路(大涌市场首层)自编01号,,,22.470053,113.285472
,肯德基(小榄利方店),中山,中山市,广湾路18号大利方广场F1层,,,22.612993,113.251882
,肯德基(南朗店),中山,中山市,南朗街道南岐中路38号首层101号商铺,,,22.494539,113.53432
,肯德基(东裕路DT店),中山,中山市,东区街道东区东裕路128号首层自编102-103号,,,22.508273,113.402672
,肯德基(镇兴店),中山,中山市,古镇镇东兴中路2号首层1F087号铺,,,22.61462,113.182401
,肯德基(小榄百汇店),中山,中山市,小榄镇北区北秀路43号百汇时代广场1号1F0251F027号铺,,,22.685315,113.230636
,肯德基(古镇店),中山,中山市,辖古镇镇中兴大道国贸广场首层,,,22.612099,113.188986
,肯德基(小榄大信店),中山,中山市,大信新都汇首层东南角停车场,,,22.670512,113.247562
,肯德基(可逸豪苑店),中山,中山市,东升镇坦背西二马路153号可逸豪苑24幢首层(1F129号),,,22.57949,113.32022
,肯德基(神湾店),中山,中山市,神湾镇宥南村神湾大道北商业楼首层2幢111号112号,,,22.327596,113.358738
,肯德基(华丰汇店),中山,中山市,中兴大道1号华丰汇购物中心F1层,,,22.604967,113.187593
,肯德基(皇爵广场店),中山,中山市,坦洲镇坦神北路118号皇爵广场1幢建筑物业内1层自编1A-46号商铺,,,22.276339,113.462937
,肯德基(兴畅路KFC),中山,中山市,辖石岐区兴畅路6号之一首层自编001号,,,22.552235,113.384208
,肯德基(三角大信店),中山,中山市,福源南路23号紫荆广场三角店F1层,,,22.672259,113.419151
,肯德基(坦洲店),中山,中山市,坦神北路58号首层,,,22.265156,113.471976
,肯德基(新万悦店),中山,中山市,网吉路4巷11号新万悦坦洲十四村店F1层,,,22.254412,113.509108
,肯德基(坦洲合胜店),中山,中山市,坦洲镇文康路1号,,,22.264441,113.474051
,肯德基(优越店),中山,中山市,界狮南路93号坦洲优越城购物中心F1层,,,22.25439,113.492505
,肯德基(领丰汇店),中山,中山市,黄圃镇新明中路13号领丰汇首层,,,22.70961,113.336802
,肯德基(古镇大信店),中山,中山市,大信新都汇公交站,,,22.639175,113.205775
,肯德基(凯茵壹加壹店),中山,中山市,南外环路8号凯茵新城04区盛荟苑9卡壹加壹(BF101铺位),,,22.505025,113.456275
,肯德基(星港名都店),中山,中山市,港口镇星港城市名都13幢壹加壹首层第A13卡,,,22.580943,113.384874
,肯德基(东升店),中山,中山市,小榄镇同昌路38号壹加壹首层自编010-011-015号,,,22.616411,113.289661
,肯德基(横栏KFC),中山,中山市,横栏镇长安北路49号首层自编001号,,,22.562044,113.238084
,肯德基(港口保利店),中山,中山市,港口镇港口大道19号保利国际广场首层101号,,,22.581317,113.393001
,肯德基(阜沙-店),中山,中山市,阜沙镇东阜公路边大信新都汇首层,,,22.667001,113.350425
,肯德基(生命科学园KFC),中山,中山市,辖翠亨新区和清路10号中山生命科学园2号楼首层5号商铺,,,22.543078,113.598722
,肯德基(蓝天金地-店),中山,中山市,黄圃镇新丰北路63号蓝天金地广场首层,,,22.723441,113.335267
,肯德基(睿星天地店),中山,中山市,南头镇升辉南路49号睿星天地首层(A1F004号),,,22.698869,113.300715
,肯德基(翠亨大厦店),中山,中山市,辖翠亨新区和信路18号翠亨大厦商业中心首层102卡和103卡,,,22.557722,113.59889
,肯德基(缤纷汇店),中山,中山市,三乡镇景观大道缤纷汇商业广场首层109号,,,22.360813,113.440639
,肯德基(游戏园外卖点KFC),中山,中山市,港口镇沙港中路29号之一第3B栋首层888卡,,,22.599665,113.39984
,肯德基(黄圃店),中山,中山市,黄圃镇兴圃大道西33号明悦豪庭首层,,,22.711575,113.336575
,肯德基(东城四季店),中山,中山市,坦洲镇谭隆南路18号新中诚花园5卡首层(1F第12卡铺位),,,22.265386,113.491991
,肯德基(锦绣海湾店),中山,中山市,辖1卡之一南朗镇翠锦路2号锦绣海湾城十一期1幢商业楼114卡115卡106卡之一10,,,22.428992,113.547668
,肯德基(古镇海洲店),中山,中山市,辖古镇镇中兴大道北1号海都广场首层78卡79卡,,,22.660579,113.18117
,肯德基(东凤尚悦店),中山,中山市,东凤镇小沥村兴华中路15号一层,,,22.690034,113.253727
,肯德基(古镇利和-店),中山,中山市,古镇镇同兴路98号利和广场购物中心首层1001A,,,22.600474,113.203664
,肯德基(东凤购物广场壹加壹店),中山,中山市,东凤镇凤翔大道22号首层(自编01号),,,22.6957,113.24871
,KFC甜品站(中都酒店店),中山,中山市,旗山路与华泰路交叉口东北20米,,,22.468807,113.285828
,KFC甜品站(坦洲壹加壹店),中山,中山市,坦神北路58号壹加壹坦洲店F1层,,,22.265134,113.471993
,肯德基(小榄海港城二座店),中山,中山市,小榄大道北与升平东路交叉口西南80米,,,22.673013,113.255908
,肯德基车速取餐点(生命科学园店),中山,中山市,[],,,22.541074,113.598714
,肯德基车速取餐点(番中路店),中山,中山市,民众街道大骏客运站1层,,,22.623701,113.481151
,肯德基(华贸天地店),惠州,惠城区,江北6号小区文昌一路9号华贸天地中心商城负一层0128商铺,,,23.104235,114.414817
,肯德基(荣灿店),惠州,惠城区,文昌一路5号1层1819号铺47号铺的部分及商场通道的部分,,,23.102286,114.416131
,肯德基(大岭路店),惠州,惠城区,龙丰上排十小区瑶芳大厦第一层自编1F-11号商铺,,,23.075125,114.385275
,肯德基,惠州,惠城区,鸿润·南韵花园,,,23.003604,114.482974
,肯德基(金山大道店),惠州,惠城区,印象城肯德基,,,23.03981,114.440091
,肯德基(隆生金山湖店),惠州,惠城区,三环南路32号2层L2-06号商铺,,,23.056728,114.444238
,肯德基(仲恺店),惠州,惠城区,仲恺高新区20号T-PARK时尚公园首二层KFC,,,23.024257,114.354202
,肯德基(瑞峰天虹店),惠州,惠城区,演达一路1号瑞峰广场天虹商场(三环瑞峰店)F1层,,,23.057117,114.416861
,肯德基(江北丽日店),惠州,惠城区,云山路和文昌路交汇处江北丽日购物广场一楼,,,23.107469,114.411985
,肯德基(中海广场店),惠州,惠城区,江北街道市民乐园西路7号中海广场2单元1层0102B21A号商铺,,,23.103291,114.419327
,肯德基(和畅路店),惠州,惠城区,和畅五路,,,23.030458,114.349942
,肯德基(星城商业广场店),惠州,惠城区,三栋镇竹园路12号云睿府第3栋第4栋1层02号自编1001号商铺,,,23.036163,114.457136
,肯德基(方直广场店),惠州,惠城区,环湖三路18号方直广场1层035号036号至037号,,,23.06538,114.429204
,肯德基(乌石路店),惠州,惠城区,小金口街道乌石中路68号汇客万家1F-A24A25商铺,,,23.142807,114.423938
,肯德基(惠博大道店),惠州,博罗县,罗阳镇九村村上头塘下头塘组三丫浪至倒角山地段江山美苑C22栋1层商铺的部,,,23.161845,114.320586
,肯德基(惠州水口店),惠州,惠城区,水口镇华昌购物广场一层二层,,,23.105748,114.455627
,肯德基(五一大道店),惠州,惠城区,五一大道58号51新天地F1层,,,23.019775,114.325175
,肯德基(天益城店),惠州,惠城区,仲恺大道金湖一路天益城首层肯德基,,,23.00502,114.326579
,肯德基(博罗餐店),惠州,博罗县,北门路89号一景大厦F1层,,,23.168384,114.282796
,肯德基(小金口店),惠州,惠城区,小金口街道办事处惠州大道金宝山庄商业广场首层及二层,,,23.188299,114.408744
,肯德基(西江花园店),惠州,惠城区,新民四路6号隆生西江花园二区3栋1层09号10号,,,23.068769,114.459355
,肯德基(盛汇广场店),惠州,惠城区,金榜路1号盛汇广场商业楼1层01号,,,23.055424,114.393411
,肯德基(广泰路店),惠州,惠城区,惠澳大道惠南高新科技产业园广泰路8号德置利商业广场首层67号68号69,,,22.988633,114.480682
,肯德基(南湖花园店),惠州,惠城区,麦地路南湖花园首层,,,23.07534,114.405513
,肯德基(水东街KFC),惠州,惠城区,水东街A6栋首层自编106号,,,23.090875,114.411175
,肯德基(湖溪大道KFC),惠州,惠城区,水口街道办事处大湖溪第1号小区B区商住综合市场A栋首层106号其中自编1001号商铺,,,23.089375,114.452175
,肯德基(西湖丽日店),惠州,惠城区,环城西二路塘尾街丽日购物广场一层A180A181A176A177商铺,,,23.08885,114.401511
,肯德基(博罗天虹店),惠州,博罗县,罗阳街道博罗大道中88号博罗天虹购物中心L1层,,,23.177286,114.303835
,肯德基(博罗餐店),惠州,博罗县,罗阳镇北门路89-91号一景大厦首,,,23.168321,114.282806
,肯德基(丽日湖逸店),惠州,惠城区,下角园岭东路8号丽日湖逸家园第35栋1层9号10号,,,23.108104,114.387793
,肯德基(新东平餐厅),惠州,惠城区,东湖西路168号隆生半岛广场(永旺惠州购物中心)之二楼J-208商铺,,,23.086736,114.430599
,肯德基(丽日银座KFC),惠州,惠城区,麦地路54号丽日银座大厦1层自编1001号,,,23.07527,114.412277
,肯德基(鑫月城店),惠州,惠城区,仲恺高新区陈江大道中31号鑫月广场G1039铺,,,23.014799,114.322528
,肯德基(晓天广场店),惠州,惠城区,东江高新区科技产业园东兴片区东新大道39号东升雅院1号楼首层01、02商铺,,,23.123505,114.564291
,肯德基(彩虹城店),惠州,惠城区,仲恺高新区仲恺大道(惠环段)393号恒裕世纪广场7号楼(综合体)1层15号30号之一商铺,,,23.013819,114.334642
,肯德基(博罗天虹店),惠州,博罗县,龙溪街道大塘路171号万润城购物中心一层F1-05号商铺,,,23.136275,114.129022
,肯德基车速取餐厅(惠州大道店),惠州,惠城区,惠州大道(小金口段)393号金都雅苑1号商住楼1层01号36号的部分37号,,,23.176733,114.411313
,肯德基(美丽洲店),惠州,惠城区,美丽洲花园一期1号门,,,23.074887,114.463294
,肯德基(秋长店),惠州,惠阳区,秋长镇人民二路新世界购物广场1层(近秋长医院),,,22.819957,114.433078
,肯德基(人民三路店),惠州,惠阳区,淡水街道人民三路205号铂悦府13幢1层09号10号11号,,,22.811957,114.44764
,肯德基(惠东大道店),惠州,惠东县,大岭镇贸易中心市场1层自编1F001号商铺,,,22.999998,114.704877
,肯德基(金榜路KFC),惠州,惠城区,金榜路29号鹏基万林湖生态美墅八期2号楼1层13号14号,,,23.063075,114.380625
,肯德基(中韩产业园车速取餐厅),惠州,惠城区,松柏岭大道与宝岗路交叉口西100米,,,23.074368,114.260862
,肯德基(利埔店),惠州,惠东县,平山镇新平大道金辉煌酒店首层肯德基,,,22.974108,114.715704
,肯德基(壹中心店),惠州,惠阳区,淡水东华大道和白云路交汇处诚杰国际商业中心1层030号铺,,,22.782693,114.453804
,肯德基(国际新城店),惠州,惠东县,泰园商住区泰园一号花园(惠东国际新城)一期1号商业楼一层商场,,,22.962975,114.744801
,肯德基(秀丽路店),惠州,博罗县,工业南路20号博罗碧乐汇F1层,,,23.12352,113.96094
,肯德基(大亚湾万达店),惠州,惠阳区,龙海二路与龙山八路交汇处大亚湾万达广场1层,,,22.754931,114.480538
,肯德基(白云路华都广场店),惠州,惠阳区,淡水开城大道北1号一层二层,,,22.792008,114.471
,肯德基(时代店),惠州,惠阳区,淡水镇南门西街2号时代广场1-2层,,,22.791778,114.468222
,肯德基(龙山DT店),惠州,惠阳区,大亚湾中兴北路吾悦广场1层1017号商铺,,,22.755872,114.501469
,肯德基(开城天虹店),惠州,惠阳区,淡水开城大道旺东怡和家园裙房商业首层P105号商铺,,,22.769553,114.476016
,肯德基(三新广场店),惠州,博罗县,园洲大道1707-9号,,,23.125971,113.975921
,肯德基(惠东店),惠州,惠东县,平山街道惠东大道222号,,,22.986108,114.723219
,肯德基(星河丹堤店),惠州,惠阳区,淡水星河东七路1号星河丹堤花园V2区地下室B2层17号18号19号商铺,,,22.773357,114.484894
,肯德基(巽寮湾店),惠州,惠东县,巽寮管委会天后宫民俗文化街19栋1层、2层,,,22.69116,114.760544
,肯德基(大亚湾龙海DT店),惠州,惠阳区,龙海三路世纪城花园D栋一层二层,,,22.727823,114.472201
,肯德基(石湾店),惠州,博罗县,美的旭辉天地石湾肯德基,,,23.13468,113.885227
,肯德基(凯南广场店),惠州,惠阳区,大亚湾西区龙海二路313号凯南广场14栋1层03号房及04号房的部分,,,22.753097,114.43723
,肯德基(潼湖DT店),惠州,惠城区,仲恺潼湖汇趣生活广场一层,,,23.065424,114.245363
,肯德基(大欣花园DT),惠州,惠城区,仲恺高新区陈江街道东星路35号大欣世纪花园商住1号楼1层11号,,,22.992805,114.326587
,肯德基(兴万荟),惠州,博罗县,福田镇过桥新路32号德森广场2号楼一层20号商铺,,,23.216101,113.977443
,肯德基(梧桐湾KFC),惠州,惠城区,仲恺高新区陈江街道仲恺六路333号金裕星河梧桐湾花园A6栋1层45 67 89号商铺,,,22.987104,114.293743
,肯德基(惠东大润发店),惠州,惠东县,华侨城50米大道大润发商场首层,,,22.975229,114.713915
,肯德基(大亚湾店),惠州,惠阳区,大亚湾安惠大道64号蓝湾半岛首二层,,,22.720591,114.531695
,肯德基(自在城DT店),惠州,惠阳区,龙山五路1号自在城花园一期D区21栋07号房08号房09号房10号房,,,22.75976,114.4551
,肯德基(恒裕一路店),惠州,惠城区,恒康一路与恒裕一路交叉口东北40米,,,22.97976,114.473587
,肯德基(霞涌店),惠州,惠阳区,大亚湾霞涌霞光西路17号首层自编号1F001号商铺,,,22.769117,114.650019
,肯德基(宝来广场店),惠州,惠阳区,大亚湾区石化大道西300号宝来广场首层,,,22.745116,114.42085
,肯德基(潼侨餐厅),惠州,惠城区,富华路8号,,,23.038175,114.291925
,肯德基(泰美服务区西区),惠州,博罗县,泰美镇泰美服务区东区(长深高速长春方向),,,23.33204,114.486378
,肯德基(新乐大道KFC),惠州,惠阳区,淡水街道新桥村排浪地段新乐大道10号珑禧花园商业1幢1层12号13号商铺,,,22.812411,114.513319
,肯德基(石化大道店),惠州,惠阳区,大亚湾西区石化大道西33号时尚岛花园一期12栋,,,22.74088,114.468932
,肯德基(泰美服务区东区),惠州,博罗县,泰美镇泰美服务区西区(长深高速深圳方向),,,23.332206,114.488465
,肯德基(惠东黄埠店),惠州,惠东县,西社李仔园(人民一路53号)首层二层,,,22.75815,114.957249
,肯德基(清泉店),惠州,惠阳区,淡水金惠大道16号清泉城市广场12号商业裙楼1A13、1A14、209铺,,,22.780971,114.449433
,肯德基(彩虹里店),惠州,惠阳区,大亚湾澳头中兴北路160号彩虹里花园1栋1层19号20号商铺,,,22.749034,114.534457
,肯德基(泰荣广场店),惠州,惠阳区,新圩镇泰荣广场,,,22.869341,114.336087
,肯德基(惠州龙门店),惠州,龙门县,新兴路2号万家福超市正门左侧,,,23.730621,114.255453
,肯德基(光弘外卖点KFC),惠州,惠阳区,西区响水河永达路8号(5号员工宿舍)一层食堂西角出口处,,,22.749648,114.475696
,肯德基(东悦府DT),惠州,惠阳区,秋长街道白石村秋宝南路206号东悦府1幢1层03号4号商铺,,,22.761567,114.391654
,肯德基(海滨大道店),惠州,惠东县,黄埠镇鹏泰巴顿正门入口,,,22.758259,114.952352
,肯德基(凯旋国际KFC),惠州,惠阳区,大亚湾澳头石化大道中460号凯旋国际公馆1层01号房自编1F001号商铺,,,22.742613,114.518736
,肯德基(牧云溪谷店),惠州,惠阳区,新圩镇东风村高屋牧云溪谷花园(B-07)商业裙房二层54-56号,,,22.810447,114.327154
,肯德基(潼湖车速取餐厅),惠州,惠城区,潼湖镇三和村三和小组227号潼湖汇趣生活社区自编A-01商铺,,,23.065494,114.245314
,肯德基(小径湾店),惠州,惠阳区,大亚湾经济技术开发区霞涌镇华润小径湾商业街S2-112/212号商铺,,,22.790429,114.693706
,肯德基(惠阳花市快闪店),惠州,惠阳区,淡水桥背尧岗村,,,22.806507,114.469515
,肯德基(洋纳伯恩K咖啡小馆),惠州,惠阳区,淡水街道内环东路1号伯恩精密(惠州)有限公司生活区综合楼一楼自编01,,,22.841295,114.487848
,肯德基(双月湾店),惠州,惠东县,平海镇南门海地段万科双月湾花园一期小镇中心2栋1层01号10号11号2层0,,,22.593165,114.882
,肯德基汽车穿梭餐厅,惠州,惠阳区,龙山十路与登科路交叉口南100米,,,22.756085,114.501382
,印象城KFC(惠州印象城购物中心店),惠州,惠城区,金山大道13号惠州印象城F2层,,,23.039031,114.439985
,肯德基(港惠购物中心店),惠州,惠城区,演达大道7号,,,23.068772,114.416287
,肯德基(惠州意生国际店)(暂停营业),惠州,惠城区,文明一路5号万汇城F1,,,23.115588,114.418472
,肯德基车速取餐点(潼侨店),惠州,惠城区,新华大道10号财富中李商业广场F1层,,,23.038296,114.291928
,肯德基(江门益华店),江门,蓬江区,迎宾大道116号金汇城广场首层和负一层,,,22.601477,113.083831
,肯德基(中远店),江门,蓬江区,港口一路13号中远大厦首层,,,22.588312,113.092745
,肯德基(一汇广场店),江门,蓬江区,建设路27号101室首层,,,22.58226,113.086403
,肯德基(嘉华广场店),江门,江海区,站前一路56号,,,22.559859,113.104907
,肯德基(中环广场店),江门,江海区,东海路48号首层,,,22.568648,113.103283
,肯德基(里村大道店),江门,蓬江区,里村大道金域广场,,,22.598958,113.068964
,肯德基(冈州店),江门,新会区,世纪商业街2号盛新百货1层,,,22.523494,113.044163
,肯德基(新会店),江门,新会区,会城镇中心路一号华侨大厦首层肯德基,,,22.519759,113.038559
,肯德基(江门奥园店),江门,蓬江区,丰乐路140号江门奥园广场首层(L1-33-02L1-33-03)号,,,22.616666,113.09267
,肯德基(中天国际-店),江门,蓬江区,院士路69号120-122室,,,22.611373,113.083684
,肯德基(冠豪江门新会大道店),江门,新会区,碧桂园凤凰酒店商业街1号大润发首层肯德基,,,22.506372,113.048934
,肯德基(光博路店),江门,江海区,外海荔枝围(土名)地段综合楼2自编001室,,,22.595525,113.156275
,肯德基(江海万达店),江门,江海区,金瓯路198号江海万达广场号商铺,,,22.561002,113.122789
,肯德基(江门万达店),江门,蓬江区,广场西路江门万达广场1号门1层,,,22.617333,113.082916
,肯德基(江会店),江门,蓬江区,白沙街道江会路31号人人乐超市首层,,,22.568577,113.082318
,肯德基(潮连大道DT店),江门,蓬江区,潮连大道108号101、103、159室,,,22.620575,113.123461
,肯德基(光耀广场店),江门,蓬江区,双龙大道75号光耀大厦3栋101/102/103室,,,22.603292,113.060522
,肯德基(龙溪路店)(暂停营业),江门,江海区,科苑西路1号4幢首层自编16/17号铺,,,22.562894,113.1528
,肯德基(乐盈里店),江门,蓬江区,江侨路71号乐盈里首层,,,22.628376,113.081387
,肯德基(江门易初莲花店),江门,蓬江区,建设二路99号双龙广场首层,,,22.599175,113.07704
,肯德基(益源大厦KFC),江门,蓬江区,东华二路2号,,,22.595756,113.095827
,肯德基(文华广场店),江门,新会区,文华路与葵城一路交叉口西北60米,,,22.506034,113.060461
,肯德基(新会万达店),江门,新会区,新会万达地面停车场靠近2号门华为充电桩前,,,22.503718,113.047245
,肯德基(侨都汇车速取店),江门,蓬江区,天沙河路与华盛路交叉口东南80米,,,22.659175,113.068725
,肯德基(华茵广场KFC),江门,蓬江区,环市街道江侨路华茵广场首层,,,22.629575,113.073225
,肯德基(司前店),江门,新会区,司前镇司前圩新开公路边1F01号铺,,,22.49134,112.859429
,肯德基(新鹤山店),江门,鹤山市,沙坪镇前进路39号之一至之三自编01号铺,,,22.764883,112.962184
,肯德基(白石大道车速取),江门,蓬江区,港口二路21号110-113室,,,22.607833,113.098966
,肯德基(新华城店),江门,鹤山市,铁夫路与鹤山大道交叉口新华城,,,22.759877,112.981516
,肯德基(共和),江门,鹤山市,共和镇和悦璟院41-42号,,,22.580994,112.886205
,肯德基(鹤山大道店),江门,鹤山市,鹤山大道623号沙坪鹤山碧桂园商业中心一层第1号专柜,,,22.749323,112.959004
,肯德基(新会保利店),江门,新会区,同庆路18号商业二街146-147-148号首层自编1自编2号铺位,,,22.455544,113.028079
,肯德基(高新创智城快闪店),江门,江海区,金瓯路233号高新创智城建设银行旁餐车,,,22.564471,113.123423
,肯德基(苏柏城店),江门,鹤山市,雅瑶镇凤亭路528号苏柏城广场首层,,,22.75024,112.981704
,肯德基(开平店),江门,开平市,西郊路22号首层,,,22.365762,112.690923
,肯德基(侨都汇车速取餐厅),江门,蓬江区,棠下镇保利国际广场1幢,,,22.659074,113.068707
,肯德基(天岭店),江门,台山市,台城镇环城南路(原文化宫)天岭广场肯德基,,,22.249347,112.791344
,肯德基(荷塘店),江门,蓬江区,荷塘镇民丰路53号,,,22.643489,113.138189
,肯德基(台山舜德路店),江门,台山市,舜德路133号昌大昌广场E座首层1001号,,,22.245672,112.826138
,肯德基(开平万家店),江门,开平市,幕沙路70号益华广场A幢首层,,,22.373805,112.688306
,肯德基(台山万达店),江门,台山市,台城陈宜禧路南97号万达广场室内1号门1F-1038号铺,,,22.228409,112.812603
,肯德基(天悦汇店),江门,开平市,长沙街道开平大道1号16幢首层127号,,,22.373235,112.665315
,肯德基(台鹤中路店),江门,台山市,水步镇中和街115号幸福里购物广场一层,,,22.334248,112.798951
,肯德基(雅瑶服务区西区),江门,鹤山市,沈海高速雅瑶服务区西区广州往湛江方向L1-10铺,,,22.716031,112.991537
,肯德基(台山中环店),江门,台山市,台城环市中路沃华中环广场集中商业101号商铺首层M001,,,22.235707,112.794154
,肯德基(新广湛KFC店),江门,开平市,沈海高速公路开阳段梁金山(湛江方向)新建综合服务楼一层,,,22.4534,112.683763
,肯德基(升宝广场店),江门,开平市,水口镇新市路118-128号B区首层C1001,,,22.451779,112.770834
,肯德基(开平大润发店),江门,开平市,东兴大道中业新城一楼,,,22.385185,112.693223
,肯德基(大鳌笑虾虾夜市店),江门,新会区,大鳌市场西南门旁,,,22.483829,113.209873
,肯德基(新湛广广州方向店),江门,开平市,沈海高速公路开阳段梁金山(广州方向)综合服务楼一层,,,22.450152,112.68476
,肯德基(融创御府店),江门,鹤山市,融创御府西南门旁,,,22.622854,112.835383
,肯德基(赤坎古镇店),江门,开平市,步行街与长兴路步行街交叉口东南20米,,,22.324154,112.590506
,肯德基(水口鹏泰店),江门,开平市,苹果园西侧160米,,,22.443813,112.777593
,肯德基(新城汇店),江门,恩平市,恩城锦江大道东2号首层A128,,,22.186316,112.344239
,肯德基(新平店),江门,恩平市,恩城新平中路19号首二层,,,22.180973,112.311482
,肯德基(恩平餐厅店),江门,恩平市,东门东路东门广场商业步行街西栋,,,22.184494,112.307484
,肯德基车速取餐厅(光博路店),江门,江海区,外海荔枝围地段综合楼2自编001室,,,22.595534,113.156105
,肯德基(学院路店),肇庆,端州区,肇庆大道117号,,,23.110327,112.499307
,肯德基(伴月路店),肇庆,端州区,伴月路23号首层肯德基(伴月路店),,,23.063945,112.453228
,肯德基(景山岗DT店),肇庆,端州区,端州三路49号首二层,,,23.059174,112.482042
,肯德基(肇庆星曜店),肇庆,端州区,116区信安路西东岗路南肇庆星曜广场首层自编101号,,,23.094533,112.50966
,肯德基(星湖大道店),肇庆,端州区,星湖大道东侧1-3号,,,23.070284,112.489543
,肯德基(好世界店),肇庆,端州区,天宁北路63号好世界商业中心首层,,,23.049337,112.46862
,肯德基(肇庆敏捷店),肇庆,端州区,信安路3号敏捷广场一层(L1037-11049L1050),,,23.074214,112.503229
,肯德基(工商学院店),肇庆,端州区,七星二路19号广东工商职业技术大学创客长廊5栋3层之一,,,23.092262,112.481175
,肯德基(星湖国际店),肇庆,端州区,端州四路星湖国际广场,,,23.055634,112.471799
,肯德基(益华国际广场店),肇庆,端州区,益华国际广场2号门西南70米,,,23.068227,112.502374
,肯德基(康乐餐厅),肇庆,端州区,康乐北路9号国际新天地1-2层,,,23.056475,112.45621
,肯德基(广源路店),肇庆,高要区,万家源,,,22.986466,112.59568
,肯德基(肇庆万达店),肇庆,鼎湖区,肇庆万达广场1层,,,23.142811,112.561997
,肯德基(端州名门DT店),肇庆,端州区,太和北路21号端州名门花园6号楼1层14卡,,,23.063521,112.427148
,肯德基(东湖路店),肇庆,端州区,肇庆市端州区东湖北路端州里首层,,,23.081697,112.504641
,肯德基(恒裕城店),肇庆,端州区,星湖大道15号恒裕城首层152.153号商铺肯德基,,,23.082637,112.495783
,肯德基(鼎湖好世界店),肇庆,鼎湖区,桂城街道民乐大道7号凯旋荟花园好世界购物广场(二期)118号商铺,,,23.174861,112.571425
,肯德基(四会店),肇庆,四会市,龙江路1号龙城大酒店首二层,,,23.340625,112.692836
,肯德基(四会吾悦店),肇庆,四会市,商业大道125号吾悦广场F1层,,,23.338734,112.719724
,肯德基(四会大道店),肇庆,四会市,四会大道时代广场首层肯德基餐厅,,,23.321346,112.725565
,肯德基(迎宾大道店),肇庆,四会市,四会市高新区迎宾大道2号之三新域公寓C栋115/116/117/114之一,,,23.253774,112.810117
,肯德基(金利新时代DT店),肇庆,高要区,金龙大道中段,,,23.086329,112.772766
,肯德基(清塘大道店),肇庆,四会市,清塘大道海伦城市广场一层,,,23.346788,112.70354
,肯德基(万汇城店),肇庆,广宁县,弘宇世纪广场A区首层,,,23.631062,112.439882
,肯德基(广宁店),肇庆,广宁县,南街镇环城东路16号KFC,,,23.634507,112.445031
,肯德基(德庆店),肇庆,德庆县,龙母大街锦龙国际酒店1层,,,23.14303,111.779487
,肯德基(大旺万都广场KFC),肇庆,四会市,高新区政德大街1号万都广场三期商铺101号,,,23.298575,112.810227
,肯德基(肇庆保利餐厅),肇庆,鼎湖区,砚阳大道8号保利花园和悦花园14幢05/06/07号商铺,,,23.201399,112.595188
,肯德基(四会嘉宏店),肇庆,四会市,东城街道四会大道南75号,,,23.319385,112.729066
,肯德基(国潮小镇车速取餐厅),肇庆,四会市,建设路23号名仕豪庭商贸区置地广场8号楼1F,,,23.293436,112.820833
,肯德基(碧海湾店),肇庆,四会市,贞山街道碧海大道8号碧海湾广场首层21号铺,,,23.339072,112.685335
,KFC,肇庆,四会市,商业大道125号吾悦广场(肇庆四会店)F1层,,,23.338821,112.719676
,肯德基(怀集店),肇庆,怀集县,怀城镇商业步行街首层,,,23.911225,112.181746
,肯德基(悦景康城店),肇庆,怀集县,怀城大道38号,,,23.92492,112.189551
,四会服务区北区肯德基,肇庆,四会市,黄田镇四会服务区北区肯德基,,,23.431668,112.540576
,肯德基车速取餐厅(封开店),肇庆,封开县,江口街道封州二路(茶亭脚)宝宇时代广场一层,,,23.416574,111.507151
,肯德基(中山店),汕头,金平区,中山路13号莱利大厦1层,,,23.35846,116.680149
,肯德基(中旅店),汕头,金平区,汕樟路41号,,,23.363517,116.694478
,肯德基(大学路DT店),汕头,金平区,大学路金凤西路交界处国台彩印大楼A栋一层001号店铺,,,23.389586,116.662776
,肯德基(金砂店),汕头,金平区,金砂路44号,,,23.366088,116.701182
,肯德基(明珠店),汕头,龙湖区,经济特区衡山路锦龙商业大厦1楼,,,23.369655,116.732086
,肯德基(海旁路店),汕头,濠江区,海旁路1号,,,23.273853,116.728906
,肯德基(汕头万达广场店),汕头,金平区,潮汕路61号万达广场内的1028号商铺,,,23.380747,116.683352
,肯德基(乐山路店),汕头,龙湖区,乐山路9号成德发广场一层118号铺面,,,23.395766,116.720436
,肯德基(金砂东路店),汕头,龙湖区,朝阳庄北区2栋104号汕头市捷龙电脑世界一层1001商铺,,,23.366144,116.727623
,肯德基(汕头群光广场店),汕头,龙湖区,长平路98号百脑汇生活广场一层1F-050号铺面二层2F-024号铺面,,,23.361548,116.720521
,肯德基(外砂店),汕头,龙湖区,324国道与迎宾南路交界处,,,23.436224,116.751345
,肯德基(汕头天山路店),汕头,龙湖区,天山路55号金书大厦一层101之A1和二层201之B1店铺,,,23.378058,116.725047
,肯德基(合胜广场店),汕头,龙湖区,黄河路51号江南星语花园第10栋一层1F01铺面,,,23.388161,116.738408
,肯德基(汕头新城市广场店),汕头,龙湖区,长平路金碧庄东区1-4幢,,,23.362265,116.735787
,肯德基(汕樟路店),汕头,龙湖区,汕樟北路171号金海鸥酒店1层,,,23.409801,116.71875
,肯德基(汕头金湖路店),汕头,金平区,式店铺金湖路115号深源美庭2栋,,,23.375088,116.705794
,肯德基(津河路店),汕头,龙湖区,新津路68号,,,23.388098,116.765524
,肯德基,汕头,龙湖区,泰山南路与珠池路交叉口东80米,,,23.372425,116.753225
,肯德基(南滨路店),汕头,濠江区,博览路3号寰宇天下花园四区14幢首层115号商铺,,,23.321166,116.713489
,肯德基(长平大厦店),汕头,金平区,长平路55号长平大厦首层A01,,,23.36225,116.70517
,肯德基(文祠店),汕头,澄海区,中山中路和文祠西路交界阜安园3栋一层,,,23.461443,116.770348
,肯德基(广益路店),汕头,澄海区,广益街道璟熙华园小区西北角的一二层生活市场的1011铺,,,23.482301,116.75746
,肯德基(苏宁广场店),汕头,龙湖区,长平路91号附近汕头苏宁广场一层110-111店铺,,,23.360951,116.716478
,肯德基(文冠路店),汕头,澄海区,澄华街道泰安路13号,,,23.465016,116.757925
,肯德基(海尖路店),汕头,潮阳区,海门镇东门社区海尖路3号星华城购物广场一层1F-02商铺,,,23.190121,116.620909
,肯德基(珠池路店),汕头,龙湖区,珠池路59号清华熙园三栋109-110-111商铺,,,23.372318,116.743036
,肯德基(蓝鲸天地店),汕头,濠江区,北山湾路26号,,,23.307804,116.757406
,肯德基(新广汕DT店),汕头,潮南区,峡山街道广汕路1221号1层,,,23.251881,116.4075
,肯德基(星汇国际广场KFC),汕头,金平区,东厦北路星汇国际花园商城102号103号,,,23.388082,116.714106
,肯德基(海纳天地店),汕头,龙湖区,嵩山路98号大悦花园海纳天地,,,23.382116,116.73299
,肯德基(汕头万象汇KFC),汕头,龙湖区,阿里山路与华侨大道交叉口万象汇L106铺,,,23.34038,116.77372
,肯德基甜品站(汕头万象城店),汕头,龙湖区,长平路95号汕头万象城L5层,,,23.362712,116.717415
,肯德基(环南路店),汕头,潮阳区,铜盂镇环南路铜盂乐旺佳购物广场9号铺面,,,23.285707,116.441381
,肯德基(汕头站KFC),汕头,龙湖区,汕头车站编号汕头3F11的商铺,,,23.371102,116.758487
,肯德基(香域广场店),汕头,潮南区,峡山街道广汕公路(峡山路段)123号香域广场7幢合胜广场一层1F-01号商,,,23.240057,116.442858
,肯德基(黄山路KFC),汕头,龙湖区,黄山路83号(厂房1)101号房之南侧01,,,23.381599,116.746104
,肯德基(万佳店),汕头,潮阳区,谷饶镇谷贵路茂广路段阳光百汇商场一层A001铺面二层B001铺面,,,23.351375,116.407675
,肯德基(榕江路合乐餐厅),汕头,龙湖区,榕江路11号友谊大厦片区合乐商业城一层A-001商铺,,,23.369018,116.719738
,肯德基(海岸名居店),汕头,龙湖区,汕台路15号海岸名居2幢101号商铺一层,,,23.342885,116.769887
,肯德基(潮南纺织园),汕头,潮南区,纺织中四路与科印三路交叉口东120米,,,23.150225,116.543275
,肯德基(东门桥店),汕头,潮阳区,文光街道中山中路59号12层,,,23.261666,116.603368
,肯德基(谷饶谷华路店),汕头,潮阳区,[],,,23.355297,116.420005
,肯德基(金光南路),汕头,潮南区,峡山金光南路138号3号楼一层(丽风酒店旁),,,23.244549,116.415046
,肯德基(易初店),汕头,澄海区,同益路与国道交汇易初莲花超市1层,,,23.476148,116.765487
,肯德基(莱美工业区店),汕头,澄海区,澄海区莱美工业区区乐之信大厦1楼21号铺面,,,23.437055,116.805969
,肯德基(宝能新都荟KFC),汕头,潮阳区,城南街道新华东路体育中心东北侧的宝能新都荟汕头潮阳店(一层)121及122号的房产,,,23.250522,116.617795
,肯德基(金丰和平广场店),汕头,潮阳区,S237力嘉中学西北侧约270米,,,23.232975,116.475125
,肯德基(湾璟名筑KFC),汕头,龙湖区,津湾西一街15号湾璟名筑1栋102铺面,,,23.340554,116.765464
,肯德基(和平万欣广场店),汕头,潮阳区,和平镇紫南路3号万欣广场一层A1020铺面,,,23.241813,116.471118
,肯德基(中骏世界城店),汕头,澄海区,德政路北侧高速公路东侧中骏世界城综合体1层M152BM155号商铺,,,23.481576,116.739157
,肯德基(汕头大学KFC)(暂停营业),汕头,澄海区,东海岸新城塔岗围片区汕头大学第三食堂-01号铺,,,23.411806,116.842619
,肯德基(莲东一路店),汕头,澄海区,F-31F-4-5铺面莲下镇莲东一路东侧德泰路南侧新港湾购物广场一层-1-21,,,23.491558,116.795166
,肯德基(潮南陇田KFC),汕头,潮南区,陇田镇沙都宾馆101号铺,,,23.178875,116.507925
,肯德基(隆都古墟店),汕头,澄海区,隆都镇店市古墟,,,23.57574,116.733546
,肯德基(海滨路店),汕头,南澳县,海滨路31号,,,23.415141,117.030313
,肯德基(环市东路店),汕头,潮南区,两英镇环市东路中段西侧两英美食娱乐城一层101号铺面,,,23.214361,116.372062
,肯德基潮阳金浦店,汕头,潮阳区,工交路58号,,,23.248975,116.548964
,肯德基(广祥路店),汕头,潮南区,峡山广祥路中段金苑商场第一街第一座首层A-01商铺,,,23.253355,116.414077
,肯德基(陈店),汕头,潮南区,陈店广汕公路溪口路段223号-A和225号-A的店面,,,23.268779,116.329771
,肯德基(金灶餐厅),汕头,潮阳区,金灶镇玉华西路乐旺佳一楼出口左边铺面,,,23.450763,116.396179
,KFC,汕头,潮阳区,环南路与兴富路交叉口东南60米,,,23.285675,116.441525
,肯德基(公交站),汕头,澄海区,(停运)澄海16路,,,23.461206,116.77056
,肯德基(海上东方广场店),汕头,南澳县,海湾路2号,,,23.44267,117.135237
,肯德基(兴华-店),湛江,赤坎区,海北路11-31号兴华海之城首层,,,21.274437,110.374099
,肯德基(康顺店),湛江,赤坎区,椹川大道北376号印象汇1层,,,21.265048,110.367436
,肯德基(人民大道店),湛江,霞山区,霞山区经济技术开发区人民大道中路29号民航售票大楼首层肯德基餐厅,,,21.222825,110.395175
,肯德基(海田路店),湛江,赤坎区,海田路128号帝景金岸居住小区海田苑综合楼1层01号商铺,,,21.290899,110.375948
,肯德基(湛江公园一号店),湛江,赤坎区,体育南路218号13栋03至05号商铺,,,21.251369,110.383293
,肯德基(万华DT店),湛江,霞山区,椹川大道中38号万华花园9号楼1层0102号,,,21.219366,110.384894
,肯德基(爱华广场店),湛江,赤坎区,跃进路36号爱华广场3号商场首层,,,21.273179,110.357146
,肯德基(湛江西站二店),湛江,麻章区,湛江西高铁站2层,,,21.242831,110.288249
,肯德基(上坡西路店),湛江,霞山区,上坡西路与人民大道中交叉口西60米,,,21.222786,110.395069
,肯德基(华都汇店),湛江,霞山区,霞山区开发区绿华路48号华都汇购物中心负一层,,,21.227775,110.398925
,肯德基(湛江万达店),湛江,赤坎区,海滨大道中128号万达广场(湛江店)1F层,,,21.249315,110.405739
,肯德基(江霞店),湛江,霞山区,椹川大道1-3号首层及二层,,,21.193983,110.403823
,肯德基(东盟城店),湛江,赤坎区,源珠路1号鼎能东盟城商住小区10号楼1层04号商铺,,,21.249984,110.366993
,肯德基(皇庭广场店),湛江,赤坎区,经济技术开发区海滨大道北6号荣盛中央广场A区21号楼(商业裙楼)首层,,,21.24994,110.411432
,肯德基(湛江爱琴海店),湛江,霞山区,新川路90号首层(F1039)号商铺,,,21.203025,110.386575
,肯德基(上悦城店),湛江,霞山区,社坛路21号上悦城,,,21.194788,110.389707
,肯德基(天誉澜湾店),湛江,霞山区,天誉澜湾,,,21.233918,110.414324
,肯德基(湛江城市广场店),湛江,霞山区,人民大道南路42号城市广场首层,,,21.198337,110.405948
,肯德基(新国贸店),湛江,霞山区,人民大道南45号国贸大厦A座首层肯德基餐厅,,,21.196075,110.405825
,肯德基(鼎盛广场店),湛江,霞山区,绿塘路75附近鼎盛广场B1层,,,21.211153,110.402681
,肯德基(遂溪店),湛江,遂溪县,遂海路36号全丰中央广场首层及夹层,,,21.377252,110.263777
,肯德基(湛江招商花园城店),湛江,赤坎区,赤坎区开发区海滨大道北12号自编号L1-38首层铺位,,,21.251976,110.407535
,肯德基(金沙湾广场店),湛江,赤坎区,观海北路8号金沙湾广场12 3号商住楼地下室一层商场,,,21.267836,110.394975
,肯德基(海田车站餐车),湛江,赤坎区,海田车站一楼,,,21.286467,110.376966
,肯德基(启达店),湛江,遂溪县,遂海路168号启达世家商住楼A10A11幢一层,,,21.364885,110.248318
,肯德基(雷州店),湛江,雷州市,新城大道161号,,,20.913625,110.078825
,肯德基(雷州店),湛江,雷州市,新城大道路20号国际广场首层,,,20.913708,110.078811
,肯德基(海东广场店),湛江,坡头区,海湾南路2号海东广场13号楼首层02号03号商铺,,,21.257936,110.445465
,肯德基(湛江吴川店),湛江,吴川市,[],,,21.440316,110.774572
,肯德基(廉江新广隆店),湛江,廉江市,中山四路15号广隆商业城首层,,,21.613015,110.288696
,肯德基(安铺店),湛江,廉江市,安铺镇东大街一路147号自编01号首层铺,,,21.454501,110.02618
,肯德基(黄坡店),湛江,吴川市,黄坡镇城西路101号商场,,,21.346152,110.619421
,肯德基(永兴国际店),湛江,廉江市,罗州大道西157号,,,21.619275,110.268925
,肯德基(廉江广场店),湛江,廉江市,广场二路永福御景城广场1层,,,21.603293,110.283526
,肯德基(雷州鼓城店),湛江,雷州市,文化路8号半岛首府·金樟豪庭13-1幢首层,,,20.931506,110.061297
,肯德基(鼎龙湾店),湛江,吴川市,覃巴镇鼎龙湾天麓度假小区高层14栋负二层,,,21.393735,110.898027
,肯德基(圣希小镇店),湛江,麻章区,圣希小镇西南门西北120米,,,21.165858,110.248229
,肯德基(鑫源广场店),湛江,廉江市,廉江大道南79号鑫源国际广场三期西区商场一层,,,21.591689,110.281582
,肯德基(徐闻店),湛江,徐闻县,红旗一路133号(金汇大厦1层),,,20.330184,110.174852
,肯德基(天润清华园店),湛江,徐闻县,徐城街道东方四路388号清华园首层,,,20.333664,110.192663
,肯德基(港丰店),湛江,吴川市,"新城街道,城南社区解放大道南7815号梅录区港丰商场首层",,,21.426398,110.779273
,肯德基(人民路店),茂名,茂南区,油城四路251号汇丰广场1层(近明湖商场),,,21.663827,110.917937
,肯德基(茂名官渡店),茂名,茂南区,光华北路368号11购物广场1层,,,21.675363,110.924771
,肯德基(茂名华侨城店),茂名,茂南区,光华南路128号大院华侨城广场首层,,,21.657812,110.923916
,肯德基(茂南大道店),茂名,茂南区,大道二路25号汇龙时代广场,,,21.632509,110.926681
,肯德基(茂名店),茂名,茂南区,双山三路99号富丽广场首层,,,21.655171,110.923238
,肯德基(保利东湾店),茂名,茂南区,[],,,21.683382,110.916486
,肯德基(茂名茂南万达广场店),茂名,茂南区,双山9路万达广场1号门肯德基,,,21.654092,110.957173
,肯德基(茂名东汇城店),茂名,茂南区,油城十路及茂名大道交汇处茂悦东荟城1层,,,21.664434,110.950146
,肯德基(财富大厦DT店),茂名,茂南区,新福三路69号财富大厦首层,,,21.648375,110.929025
,肯德基(电白店),茂名,电白区,人民路7号百富广场首层,,,21.503163,111.005744
,肯德基(电白万达广场店),茂名,电白区,克田仔村北侧迎宾大道西侧万达广场首层1032号商铺,,,21.53017,111.012521
,肯德基(高州店),茂名,高州市,文明路6号金港湾1-2层(近高州一中),,,21.913815,110.85522
,肯德基(翰林府店),茂名,高州市,兴教路北侧翰林府1-3号栋商铺首层,,,21.917267,110.876014
,肯德基(化州万达店),茂名,化州市,河西街道绿景国际花城B区万达广场2号门,,,21.649226,110.612124
,肯德基(康泰店),茂名,高州市,桂园路33号康泰都市B区康泰又一城首层,,,21.900456,110.856843
,肯德基(电城店),茂名,电白区,电城镇文昌路10号清源湾商住小区首层B12B13B14A14A15,,,21.513591,111.296054
,肯德基(潘州广场店),茂名,高州市,潘州街道桂圆东路潘州广场首层,,,21.901583,110.870623
,肯德基(橘洲一号-店),茂名,化州市,北京东三路18号化州嘉荣购物广场B1层,,,21.661808,110.658041
,肯德基(电白水东湾),茂名,电白区,环城东路碧桂园凤凰湾,,,21.489786,111.090002
,肯德基(茂名信宜店),茂名,信宜市,人民路4号福华大厦首层,,,22.349202,110.940103
,肯德基(信宜清华城店),茂名,信宜市,教育城大道清华坊16幢首层02a03a铺,,,22.336365,110.951069
,肯德基(杨梅镇梅江里店),茂名,化州市,杨梅镇梅江里2号,,,21.55056,110.611935
,肯德基(沙琅沉香广场店),茂名,电白区,沙琅路与沉香一路交叉口南60米,,,21.777067,111.22313
,肯德基(信宜东汇城店),茂名,信宜市,迎宾大道南A区东汇城首层1089-1090号商铺,,,22.339947,110.934754
,肯德基车速取餐点(橘洲一号-店),茂名,化州市,公北京东三路18号化州嘉荣购物广场B1层,,,21.661656,110.657885
,肯德基(三环店),阳江,江城区,名扬国际广场商业区5幢201室.202号名扬国际广场1层,,,21.852741,111.980808
,肯德基(京源城店),阳江,阳东区,新华路与振士中路交汇处京源城购物中心首层108号商铺,,,21.854692,112.015907
,肯德基(天润广场店),阳江,江城区,东风一路11号天润广场首层,,,21.854226,111.967151
,肯德基(新江北路店),阳江,江城区,西平路以西新江北路以北S2地块君怡花园小区二期中心商场首层,,,21.872543,111.96363
,肯德基(北环路店),阳江,江城区,北环路大润发1层,,,21.856422,111.957856
,肯德基(百利广场店),阳江,江城区,东风一路3号百利广场一层,,,21.853658,111.964633
,肯德基(东风三路店),阳江,江城区,东风三路123号东汇城广场1-3号部分商场广百百货阳江店首层,,,21.869149,111.997882
,肯德基(阳江新达城店),阳江,江城区,新江北路北侧创业路东侧福盈新达城首层,,,21.871602,111.953942
,肯德基(新都汇店),阳江,江城区,1005-1009铺东门南路333号新都汇时代广场购物中心二期2号楼一层1001-1003铺,,,21.829797,111.972382
,肯德基(阳东万汇城店),阳江,阳东区,东城镇东风四路331号中兴大厦首层商铺,,,21.892568,112.029562
,肯德基(西平北路店),阳江,江城区,西平北路72号,,,21.893455,111.961506
,肯德基(盈信广场店),阳江,江城区,东风三路88号盈信广场首层,,,21.863101,111.994586
,肯德基(星港汇车速取餐厅),阳江,阳东区,东城镇迎宾大道东边广雅路南边星港汇广场一期商业区综合楼1栋首层自编号101a102a号铺,,,21.862986,112.031888
,肯德基(阳江服务区北区),阳江,江城区,阳江服务区北区(广湛方向),,,21.905196,111.953408
,肯德基(阳江服务区店),阳江,江城区,阳江服务区西北30米,,,21.922362,111.992967
,肯德基(阳春大道店),阳江,阳春市,阳春大道盛世大厦1楼,,,22.160943,111.800595
,肯德基(阳江旅游大道店),阳江,江城区,闸坡镇旅游大道北(N-西-009N-西-010)莳元大厦首层,,,21.572062,111.847707
,肯德基(阳西店),阳江,阳西县,阳西县城人民北路耀宝凯旋豪庭商住小区二期商场1楼A08号商铺,,,21.764038,111.616195
,肯德基(海陵岛风景区店),阳江,江城区,北洛湾大道与金桥一路交叉口西80米,,,21.568563,111.830733
,肯德基(北洛湾大道车速取餐厅),阳江,江城区,闸坡镇北洛湾大道与金桥一路交叉口西80米肯德基,,,21.568325,111.830625
,肯德基车速取餐厅(港湾豪庭店),阳江,阳西县,新325国道137号港湾豪庭A1幢首层商铺,,,21.768993,111.602158
,肯德基(潮枫店),潮州,湘桥区,卜峰莲花商场1层,,,23.655386,116.614858
,肯德基(潮州西客站店),潮州,湘桥区,潮枫路2号首层5号,,,23.665251,116.636128
,肯德基(开元店),潮州,湘桥区,开元路188号如家快捷酒店1层,,,23.663305,116.643465
,肯德基(奎元店),潮州,湘桥区,潮州大道中段奎元广场A区一层,,,23.653704,116.621787
,肯德基(开元广场店),潮州,湘桥区,开元路开元广场E幢13号,,,23.662219,116.649658
,肯德基(滨江华府店),潮州,湘桥区,凤新街道潮州大道889号滨江华府,,,23.665315,116.61507
,肯德基(绿榕北路店),潮州,湘桥区,绿荣北路陈桥国际公寓儿童城一层,,,23.671534,116.62407
,肯德基(财富中心店),潮州,潮安区,新风路与潮汕路交汇处财富中心一层A101,,,23.649454,116.610434
,肯德基(金域澜岸店),潮州,湘桥区,南较西路与彩虹东路交界处东南侧金域澜岸花园二期,,,23.641747,116.630191
,肯德基(卧石路DT店),潮州,湘桥区,桥东卧石村六亩湖片韩晖风华里公寓一幢1层01号商铺,,,23.652091,116.674948
,肯德基(古巷镇古二店),潮州,潮安区,古巷镇古二村草田自编101号铺面一层,,,23.660492,116.574732
,肯德基(潮州恒大城店),潮州,湘桥区,金碧路189号潮州恒大城88号2幢101,,,23.660002,116.686525
,肯德基(潮州大道车速取餐厅滨江华府店),潮州,湘桥区,潮州大道东侧C1-1-2地块滨江华府购物中心一楼L1-06铺面,,,23.664825,116.615375
,肯德基(世纪华联店),潮州,潮安区,潮汕公路庵埠茂龙长春路21号一层自编101号铺面,,,23.447092,116.681299
,肯德基(潮安潮汕路店),潮州,潮安区,庵埠镇潮汕路与安北路交界处东南角,,,23.467698,116.68205
,肯德基(金石大道店),潮州,潮安区,金石镇金石大道南侧创宇不锈钢有限公司6-9号铺面,,,23.526992,116.631737
,肯德基(彩美路店),潮州,潮安区,彩塘镇彩美路口金禧华厦103号铺面,,,23.502275,116.650557
,肯德基(汕汾中路店),潮州,饶平县,丁未路和黄冈大道交界处金谷大厦一楼,,,23.674956,116.998172
,肯德基(康德广场店),潮州,饶平县,康德广场之房号,,,23.671803,116.993155
,肯德基(唐商广场店),潮州,饶平县,黄冈镇黄冈大道西段北侧片东南部地块上方的唐商广场1层Z111号,,,23.679425,116.993825
,肯德基(潮汕站到达店KFC),潮州,潮安区,沙溪镇站前南路高铁潮汕站南广场6号连廊606号商铺,,,23.538625,116.588989
,肯德基(进贤店),揭阳,榕城区,进贤商业步行街E幢1层肯德基餐厅,,,23.535347,116.357474
,肯德基(揭阳临江北店),揭阳,榕城区,仁港商业街肯德基餐厅,,,23.550089,116.366219
,肯德基(黄岐店),揭阳,榕城区,黄岐山大道卜蜂莲花1-2层,,,23.563479,116.370242
,肯德基(人民广场店),揭阳,揭东区,城中心片上围路北侧区人民广场西侧1号铺之02单元,,,23.57646,116.429086
,肯德基(淡浦路店),揭阳,榕城区,淡浦路以东临江北路以北博雅苑A区10号和11号商铺一层,,,23.545389,116.348515
,肯德基(临江店),揭阳,榕城区,临江路以南榕华大道以东江南新城二期易初莲花购物中心首层,,,23.545702,116.370331
,肯德基(阳美路店),揭阳,揭东区,阳美路阳美国际大酒店东侧1号铺,,,23.55758,116.319388
,肯德基(梅兜路店),揭阳,榕城区,梅兜路榕申豪苑中基国际影城南侧1至3号铺,,,23.536397,116.381048
,肯德基(榕华大道DT店),揭阳,榕城区,榕华大道东侧篮兜地段柏汇左右城C区自编101号铺面,,,23.496011,116.355886
,肯德基(美佳乐DT店),揭阳,普宁市,城徽往揭阳方向50米处美佳乐购物广场W001号1-2层,,,23.43126,116.221605
,万和DT肯德基,揭阳,榕城区,新河路11号街,,,23.561613,116.381931
,肯德基(潮汕机场店),揭阳,榕城区,潮汕机场航站楼商铺编号为一层D03,,,23.546744,116.514688
,肯德基(霖磐镇德中店),揭阳,揭东区,霖磐镇234省道粤汇城广场入口,,,23.554777,116.247269
,肯德基(环城北路店),揭阳,普宁市,流沙市区环城北路南侧广达北路东侧万泰新天地0663-,,,23.31436,116.161925
,肯德基(赤华南路店),揭阳,普宁市,流沙赤华南路西侧桂硕花园1层101-103号,,,23.296326,116.159499
,肯德基(砲台中兴路店),揭阳,榕城区,空港经济区砲台镇中兴路36-38号一层,,,23.504432,116.48859
,肯德基(普宁太阳城店),揭阳,普宁市,流沙南街道南环大道万盛花园36-37号,,,23.285791,116.179666
,肯德基(道江路店),揭阳,揭西县,棉湖镇兴中社区道江路中段(惠丰万佳购物商场)一层1-03、1-04、1-05铺面,,,23.435826,116.141493
,肯德基(池尾店),揭阳,普宁市,广达南路与流沙大道交叉口红绿灯北美佳乐购物广场F2层,,,23.300436,116.147278
,肯德基(普宁吉祥里店),揭阳,普宁市,美佳乐购物广场占陇吉祥里店西北门旁,,,23.286369,116.261527
,肯德基(新河路店),揭阳,揭西县,河婆镇建新居委新河路饮服公司改建综合楼2-2号一层商铺,,,23.427147,115.837749
,肯德基(玉华南路店),揭阳,普宁市,流沙环城南路与玉华南路交界处的维也纳酒店一层1-021-03铺面,,,23.289289,116.163756
,肯德基(普宁商品城DT店),揭阳,普宁市,普宁国际商品城南侧12栋铺面,,,23.294008,116.193139
,肯德基(普宁万泰城店),揭阳,普宁市,环市南路与揭神路交界口万泰城美佳乐购物广场一层A003号店铺,,,23.282286,116.183864
,肯德基(葵和大道店),揭阳,惠来县,惠城镇南门东路一号文昌大酒店首层商铺,,,23.028535,116.295735
,肯德基(普宁中华新城店),揭阳,普宁市,流沙大道中华新城1幢111-118号,,,23.296712,116.171164
,肯德基(惠来葵潭镇),揭阳,惠来县,葵潭镇玄武村(原大庚园)5号101铺面一层,,,23.063046,115.97577
,肯德基(葵和路店),揭阳,惠来县,隆江镇葵和路555号维也纳酒店(隆江店)一层1F-01铺面,,,22.992435,116.186735
,肯德基(东华路店),揭阳,惠来县,惠城镇葵和路东安管区下坑(和东华路交叉处)第一层之2号,,,23.030957,116.307149
,肯德基(里湖农贸综合市场店),揭阳,普宁市,美松路与镇南路交叉口北340米,,,23.359916,116.037055
,肯德基(揭阳万达广场店),揭阳,榕城区,临江南路万达广场1层1025号,,,23.562357,116.3969
,肯德基(人民路DT店),清远,清城区,人民三路32号义乌商贸城A3号楼首层20、21、22、23号商铺,,,23.6787,113.03479
,肯德基(赢之城店),清远,清城区,人民二路22号(原清远新城东1号区清远商业文化中心销售中心)首二层,,,23.679784,113.052999
,肯德基(城西大道店),清远,清新区,太和路33号中恒公园大地花园六期35号楼首层,,,23.723685,112.997717
,肯德基(清远保利店),清远,清城区,保利广场,,,23.694026,113.070401
,肯德基(锦绣清城店),清远,清城区,先锋东路东门塘2号大润发首层外租区第一号专柜,,,23.711083,113.034516
,肯德基(清远万福店),清远,清城区,连江路五十五号城市花园三十八号楼首层商铺10号11号12号,,,23.679745,113.048536
,肯德基(顺盈时代广场店),清远,清城区,人民一路28号顺盈时代广场1-3号首层1241-1243号商铺,,,23.67574,113.067179
,肯德基(清远时代倾城店),清远,清城区,时代路时代倾城-东区,,,23.71964,113.045647
,肯德基(清远万达广场店),清远,清城区,湖西路89号万达广场内1053号商铺,,,23.713738,113.012966
,肯德基(美林湖店),清远,清城区,石角镇石角社区美林湖路1号星湖半岛花园6幢自编01号,,,23.495308,113.058736
,肯德基(北部万科城店),清远,清城区,石角镇马头村民委员会大坑水库边清远万科城5期地下室会所1F自编1002号,,,23.527083,113.050878
,肯德基(阳光100店),清远,清城区,龙塘镇广清大道759号米娅新城慧景苑4幢首层商铺07号,,,23.587258,113.104341
,肯德基(广清绿地店),清远,清城区,石角镇广开路5号广州(清远)产业转移工业园区内配套综合体2号地项目,,,23.47423,112.977661
,肯德基山湖城店,清远,清城区,凤翔南路碧桂园山湖城铂悦广场,,,23.646399,113.072831
,肯德基(清远佳兆业店),清远,清城区,龙塘镇广清大道768号,,,23.580117,113.102245
,肯德基(佛冈店),清远,佛冈县,石角镇环城中路209号鸿兴银座1楼肯德基,,,23.870213,113.532798
,肯德基(天御华府店),清远,清城区,石角镇塘头社区居民委员会天御华府13号104-105-106A号商铺,,,23.556399,112.970661
,肯德基(华府万客店),清远,英德市,英城光明路与仙水路交汇处祥云碧峰华府68号商铺首层自编1001号,,,24.195728,113.393304
,肯德基(英德太阳城店),清远,英德市,和平路太阳城广场一层及夹层,,,24.181275,113.413943
,肯德基(海逸时代花园店),清远,阳山县,商业大道188号时代花园H10幢106.107铺,,,24.469299,112.634813
,肯德基(连州大道店),清远,连州市,东门中路星空影剧院首层,,,24.782875,112.378863
,肯德基(连州现代店),清远,连州市,连州镇连州大道133号现代国际广场一期首层1213号商铺,,,24.782512,112.375193
,肯德基(清新DT店),清远,清新区,清新大道清新体育馆旁肯德基餐厅,,,23.730127,113.003315
,肯德基(丹霞大道店),韶关,武江区,丹霞大道北12号君临新天地广场首101商铺,,,24.803893,113.57225
,肯德基(沙洲路店),韶关,武江区,西河沙洲尾芙蓉新城南枫碧水花城E1栋59-62号铺,,,24.777475,113.583075
,肯德基(韶关风度名城店),韶关,浈江区,解放路1号风度名城首二层,,,24.798695,113.599375
,肯德基(碧城广场店),韶关,武江区,碧桂园太阳城天钻南侧170米,,,24.773556,113.556058
,肯德基(摩尔城店),韶关,武江区,芙蓉北路32号摩尔城购物中心首层L101-L102号铺,,,24.795825,113.567925
,肯德基(莲花大道DT店),韶关,浈江区,新韶镇黄金村莲花大道东侧、水口路南侧中国石油莲花大道加油站,,,24.813359,113.634105
,肯德基(芙蓉DT店),韶关,武江区,丹霞大道中与百旺中路交叉口东北140米,,,24.75358,113.540205
,肯德基(中宇广场店),韶关,武江区,保利广场1层,,,24.755382,113.532256
,肯德基(韶南大道DT店),韶关,曲江区,狮岩三路8号,,,24.668402,113.591516
,肯德基(韶州城店),韶关,曲江区,马坝镇韶州大道1号韶州城广场首层,,,24.685692,113.589623
,肯德基(乳源店),韶关,乳源瑶族自治县,乳城镇鹰峰东路北侧(宝源大厦西侧)地块荟聚轩,,,24.774064,113.287077
,肯德基(永乐城店),韶关,乐昌市,乐城街道天本园东路1号永乐城B2幢B105号B106号B107号,,,25.11841,113.361659
,肯德基(顺易店),韶关,乐昌市,顺易华庭帝景轩J7栋首层,,,25.129125,113.349754
,肯德基(始兴店),韶关,始兴县,城东路297号,,,24.945875,114.080675
,肯德基(丹霞新城店),韶关,仁化县,新城路30号,,,25.087849,113.745974
,肯德基(滨河西路店),韶关,翁源县,滨河西路64号,,,24.359275,114.120125
,肯德基(坪石),韶关,乐昌市,坪石镇群众路富华楼金鸡城购物广场首层自编01号商铺,,,25.283894,113.057892
,肯德基(韶关丹霞机场外卖点KFC),韶关,乳源瑶族自治县,桂头镇机场路韶关丹霞机场航站楼二楼自编L202号商铺,,,24.971621,113.434332
,肯德基(翁源店),韶关,翁源县,龙仙镇滨河东路9号龙湖广场首层S128,,,24.358572,114.1255
,肯德基(南雄店),韶关,南雄市,三影塔广场12号楼1层,,,25.115504,114.314505
,肯德基(新丰店),韶关,新丰县,丰城街道人民东路30号东盛广场首层A1019A1020A1021 A1,,,24.061517,114.21149
,肯德基(体育中心店)(暂停营业),韶关,武江区,新华南路16号世纪新城1层23-32号,,,24.796791,113.583214
,肯德基(华侨城店),梅州,梅县区,新城办事处嘉应西路16号,,,24.296822,116.108487
,肯德基(科技路店),梅州,梅县区,新城科技路锦发君城一期首层10号单层店11号单层店12号单层店,,,24.294119,116.097681
,肯德基(梅江店),梅州,梅江区,江南路49-4号,,,24.30046,116.12167
,肯德基(客商大道店),梅州,梅江区,金山办芹洋半岛奥园天悦湾一街41号106商铺复式1层41号107-108,,,24.286533,116.144043
,肯德基,梅州,梅县区,剑英大道与剑英大道南交叉口西北80米,,,24.259125,116.074025
,肯德基(府前大道店),梅州,梅县区,新县城府前大道梅花御景T3栋01号商场自编01号商铺,,,24.273032,116.082492
,肯德基(梅州万达店),梅州,梅江区,金燕大道与五横街交汇处南万达广场1002B-1003A号商铺,,,24.271406,116.137235
,肯德基(梅州客家新世界店),梅州,梅县区,府前大道侧客家新世界GJ-02栋1112号铺首层和二层,,,24.284484,116.075091
,肯德基(鸿都店),梅州,梅江区,彬芳大道鸿都花园鸿都商城E1栋首层,,,24.291083,116.130328
,肯德基(时光梅州店),梅州,梅江区,时光梅州商业5号楼,,,24.26775,116.124872
,肯德基(人民广场汽车展K咖啡小馆),梅州,梅县区,人民广场,,,24.279184,116.079063
,肯德基(嘉大喜多多店),梅州,梅江区,梅松路与环市北路交叉口西南80米,,,24.32487,116.123369
,肯德基(梅州客天下店),梅州,梅江区,三角镇东升村客天下旅游产业园国际旅游文化街区一期8号首层,,,24.264536,116.150216
,肯德基(嘉大喜多多餐厅),梅州,梅江区,梅松路63号,,,24.324863,116.123371
,肯德基(五华店),梅州,五华县,水寨镇华兴北路新华书店首二层,,,23.933443,115.773807
,肯德基(梅州兴田店),梅州,兴宁市,兴田一路388-422号自家人超市首层餐厅,,,24.14772,115.725954
,肯德基(兴一广场店),梅州,兴宁市,城南社区居委会205国道宁新城南段南侧兴一广场首层1025-1026铺,,,24.127693,115.738357
,肯德基(宁江新城店),梅州,兴宁市,福兴黄畿村宁江新城第五期10栋商业1自编XN1F01号商铺,,,24.114693,115.737902
,肯德基(大埔奥园店),梅州,大埔县,湖寮镇北堤路奥园广场首层101-102A号及二层201号商铺,,,24.363755,116.707015
,肯德基(蕉岭奥园店),梅州,蕉岭县,蕉城镇蕉阳大道以西奥园广场-2号地17号楼首层,,,24.661025,116.161375
,肯德基(兴宁岁宝店),梅州,兴宁市,曙光路明珠水上乐园(第1层夹层)自编L01XN530号,,,24.136271,115.741725
,肯德基(市政大道店),梅州,丰顺县,新世纪工程2829区之A块自编鹏泰千江广场首层2号商铺,,,23.744538,116.180885
,肯德基(大埔中央城KFC),梅州,大埔县,湖寮镇文化路御园·中央城天瑞AB栋天晖43号商铺全部45号商铺46号商铺部分,,,24.349695,116.698403
,肯德基(鹏泰金丰店),梅州,丰顺县,汤坑路359号一层二层鹏泰购物广场(金丰店),,,23.761949,116.171395
,肯德基(蕉岭府前店),梅州,蕉岭县,蕉岭镇府前路府前综合楼R8幢13-14号铺1-3层,,,24.654863,116.170111
,肯德基(五华番禺大道店),梅州,五华县,水寨镇番禺大道旁自编御景豪庭三期5B号楼第106-107-108号商,,,23.919038,115.760596
,肯德基车速取餐点(嘉大喜多多店),梅州,梅江区,东郊东厢村十七队梅松路侧恩环楼B座1层A100号,,,24.324691,116.123395
,肯德基(人民店),邯郸,丛台区,光明大街69号一层,,,36.608598,114.502919
,肯德基(邯郸新世纪店),邯郸,丛台区,新世纪中心B1层,,,36.610822,114.494616
,肯德基(新园美食林店),邯郸,丛台区,友谊路1号东方万博园小区3S号楼1单元01号商铺,,,36.62025,114.538574
,肯德基(邯郸环球中心餐厅店),邯郸,丛台区,人民路以南、人民南路以北(人民东路456号)美乐城B1层CD-5002,,,36.607418,114.525662
,肯德基(邯郸连城别苑DT 店),邯郸,丛台区,丛台路421号商铺(连城别苑西综合楼一层),,,36.616551,114.523775
,肯德基(天鸿店),邯郸,丛台区,联纺路与人和街交口东北角天鸿广场A座1、2层,,,36.626159,114.519606
,肯德基(邯郸邯山万达店),邯郸,邯山区,滏河南大街101号万达广场一层1001号商铺,,,36.596804,114.504763
,肯德基(赵都新城店),邯郸,邯山区,五仓路未来石南门一层肯德基,,,36.578464,114.479173
,肯德基(万达店),邯郸,丛台区,中华北大街241号万达商场1层,,,36.624904,114.494508
,肯德基(前进店),邯郸,复兴区,前进大街中段道东一层,,,36.620684,114.448491
,肯德基(邯郸道餐厅),邯郸,丛台区,人民东路93号邯郸道历史文化街区F1-017-018-019-020商铺,,,36.61312,114.485725
,肯德基(肥乡),邯郸,肥乡区,长安路与井堂路交叉口西南角肥乡美食林L1-1/10,,,36.557325,114.799275
,肯德基(邯郸万象汇餐厅),邯郸,丛台区,联防路华润万象汇B1层B105,,,36.620199,114.574606
,肯德基(永年店),邯郸,永年区,临洺关镇政府街东段新世纪广场1层,,,36.777013,114.493776
,肯德基(邯郸新民美食林餐厅),邯郸,丛台区,中华大街以东新兴大街以西丰收路以南铁路走廊以北民馨苑保障房小区9号商业楼新民美食林一层001商铺,,,36.641511,114.497298
,肯德基(邯郸服务区西),邯郸,邯山区,邯郸服务区西区,,,36.565072,114.542614
,肯德基(武新店),邯郸,武安市,中兴路955号武安新世纪广场2期1层,,,36.691877,114.196626
,肯德基(农林美食林餐厅),邯郸,邯山区,农林路与陵西南大街交叉口美食林超市一层肯德基餐厅,,,36.592026,114.483228
,肯德基(磁县店),邯郸,磁县,磁州镇建设路西段南侧美食林千汇百货一层,,,36.358585,114.373519
,肯德基(邯郸千鹤美食林餐厅),邯郸,复兴区,联纺路北侧建设大街西侧千鹤美食林L1-16-1 L1-16-2商铺,,,36.630044,114.461624
,肯德基,邯郸,广平县,信诚联华,,,36.484175,114.945425
,肯德基门,邯郸,复兴区,建安社区建设大街59号院西门南50米,,,36.6162,114.460341
,肯德基(邯郸广府古城餐厅),邯郸,永年区,永年广府古城内,,,36.702075,114.729075
,肯德基(曲周天下街店),邯郸,曲周县,人民西路天下街悦享城一层,,,36.761672,114.95636
,邯郸服务区肯德基,邯郸,邯山区,邯郸服务区东30米,,,36.564203,114.545213
,肯德基(邯郸魏县店),邯郸,魏县,兴源大街15号魏县双隆购物广场一层001商铺,,,36.356087,114.959224
,肯德基(馆陶),邯郸,馆陶县,邯馆公路与106交叉口西南角馆陶宜和时代广场铺位号1-101,,,36.549461,115.262767
,肯德基(龙山店),邯郸,涉县,龙山大街与振兴路交口聚宝隆商场一层,,,36.563155,113.675792
,肯德基(峰峰美食林店),邯郸,峰峰矿区,美食林峰峰滏临北大街店西门旁,,,36.42579,114.211861
,肯德基(武安永丰餐厅),邯郸,武安市,建设大街与向阳路口西南角永丰祥苑转角12-03商铺,,,36.703112,114.169911
,肯德基(邯郸临漳澳林店),邯郸,临漳县,澳林城市之窗东出入口北120米,,,36.326148,114.599009
,肯德基(榆阳街店),邯郸,邱县,107乡道与榆阳街交叉口西南260米,,,36.818031,115.280024
,肯德基(魏都北大街店),邯郸,魏县,魏都北大街50号,,,36.361729,114.93621
,肯德基(宣和时代广场店),邯郸,大名县,宣和时代广场西南出入口东南60米,,,36.289987,115.130675
,肯德基(邯郸涉县铜锣湾店),邯郸,涉县,龙山大街铜锣湾广场1层,,,36.578405,113.683633
,肯德基甜品站(美乐城负一店),邯郸,丛台区,人民东路456号美乐城中国邯郸环球中心店B1层,,,36.607757,114.5234
,肯德基甜品站(新世纪中心店),邯郸,丛台区,中华北大街29号新世纪中心B1层,,,36.610725,114.494475
,肯德基门业,邯郸,永年区,001乡道西南侧,,,36.870524,114.579668
,肯德基门窗,邯郸,成安县,邯郸仁和医院南门西70米,,,36.44447,114.663462
,鼎盛断桥肯德基门窗,邯郸,临漳县,南东坊镇政府西100米路北,,,36.349097,114.52077
,断桥铝肯德基门,邯郸,峰峰矿区,滏北路与鼓山中街交叉口东南80米,,,36.433274,114.210894
,肯德基断桥铝门窗,邯郸,临漳县,魏峰线与中心街交叉口西80米,,,36.34879,114.520778
,断桥铝塑钢肯德基门,邯郸,丛台区,五里铺小学东门南50米,,,36.63778,114.483183
,肯德基(唐百店),唐山,路北区,新华东道125号百货大楼一楼,,,39.626161,118.178651
,肯德基(八方店),唐山,路北区,北新西道20号八方购物广场F1层,,,39.6332,118.16255
,肯德基(新华贸店),唐山,路南区,新华贸一层,,,39.625294,118.170891
,肯德基(唐山万达店),唐山,路南区,新华东道120号万达百货2层2066-2069,,,39.624853,118.186542
,肯德基(翔云店),唐山,路北区,大润发一层,,,39.644994,118.172656
,肯德基(渤海店),唐山,路南区,宝升昌广场一层,,,39.624995,118.147121
,肯德基(龙泽店),唐山,路北区,龙泽北路240号龙泽购物广场(裕华道店),,,39.664269,118.186885
,肯德基(远洋店),唐山,路北区,建设北路128号远洋城一层,,,39.667299,118.176777
,肯德基(南湖店),唐山,路南区,南湖购物广场一层,,,39.612235,118.141449
,肯德基(公园壹号店),唐山,路北区,缸窑路西侧西窑道南侧碧桂园公园壹号二标段S2号商业街1层101-102-126-1号,,,39.662718,118.207984
,肯德基(凤城国际店),唐山,路北区,北新西道与友谊路交叉口凤城国际购物广场一层、二层,,,39.635199,118.142922
,肯德基(光明店),唐山,路南区,新华步行街3-14,,,39.62539,118.135321
,肯德基(唐山大学道店),唐山,路北区,恒大学庭北区309,,,39.675299,118.169186
,肯德基(华岩店),唐山,路北区,华岩北路小八方一层,,,39.662354,118.171811
,肯德基(唐山火车站店),唐山,路北区,站前路160号唐山站2层候车厅内,,,39.625714,118.119507
,肯德基(丰南店),唐山,丰南区,文化大街138号丰南商厦一层,,,39.562568,118.113972
,肯德基(丰南文化店),唐山,丰南区,文化大街109号丰南荣大购物广场B座西侧一层,,,39.563864,118.108759
,肯德基(唐山振华餐厅),唐山,路北区,新华道振华诚成购物中心一层,,,39.626037,118.152531
,肯德基(唐山荷花茗苑店),唐山,路南区,复兴路170号,,,39.618227,118.210143
,肯德基(唐山友谊天地餐厅),唐山,路南区,友谊路与国防道交口电话0315-,,,39.620461,118.143012
,肯德基(丰润店),唐山,丰润区,丰润区餐厅,,,39.828167,118.160905
,肯德基(城西丰润北购店),唐山,丰润区,曹雪芹西大街386号城西北购一层,,,39.827617,118.118548
,肯德基(丰润万达店),唐山,丰润区,祥云道9号万达广场丰润店F1层,,,39.819298,118.117293
,肯德基(古冶店),唐山,古冶区,新林道49号(林西平价购物中心1层),,,39.714105,118.450541
,肯德基(唐山雅颂庭店),唐山,路北区,长虹道887、889号雅颂庭商场一层107号商铺,,,39.650349,118.1499
,肯德基(唐山永盛店),唐山,古冶区,唐山百货大楼金山购物广场一层101号,,,39.736346,118.444116
,肯德基(唐山凤凰世嘉餐厅),唐山,路北区,文源里凤凰世嘉306商业楼一层6号,,,39.638996,118.134438
,肯德基(友谊路中石油餐厅店),唐山,路北区,友谊路与长宁道交叉口南行100米路东中石油友谊路加油站站房一层二层的东侧,,,39.663708,118.143233
,肯德基(唐山吾悦餐厅店),唐山,路北区,吾悦广场一层0315-,,,39.668434,118.156512
,肯德基,唐山,滦州市,建华大街与团结路交口处华成购物广场,,,39.737137,118.694367
,肯德基(唐山韩城阳光店),唐山,路北区,韩城镇新安路与兴隆道交叉口西北角阳光北方购物广场一层101号,,,39.63894,118.041667
,肯德基(丰南港岛中心店),唐山,丰南区,运河东路东侧国丰大街南侧港岛中心商业综合体B座1层F1250号,,,39.576527,118.090073
,肯德基(玉田店),唐山,玉田县,无终街14号玉田供销大厦一层,,,39.883475,117.754575
,肯德基(滦南店),唐山,滦南县,和平路38号银隆购物广场一层0315-,,,39.506475,118.68005
,肯德基(文明店),唐山,玉田县,凤凰购物一层,,,39.893468,117.753679
,肯德基(滦县店),唐山,滦州市,燕山大街与滦河路交叉口东安商厦一层,,,39.740188,118.70562
,肯德基(天承店),唐山,滦南县,滦南唐百购物广场一层,,,39.500189,118.666561
,肯德基(迁西店),唐山,迁西县,喜峰中路千盛广场(购买大神卡享每天一份大杯咖啡10元特权90天),,,40.14687,118.307335
,肯德基(迁安钢城大街店),唐山,迁安市,大润发一楼,,,39.998974,118.692295
,肯德基车速取餐厅(丰润太平路DTKFC店),唐山,丰润区,园东道北侧、太平路东侧丰润区永益酒店一层肯德基餐厅,,,39.842668,118.170456
,肯德基(长丰路店),唐山,曹妃甸区,唐海镇桥西小区星海里四季华庭108号一层1号,,,39.282406,118.440371
,肯德基(遵缘店),唐山,遵化市,文化北路金缘购物中心一层,,,40.19546,117.965672
,肯德基(乐亭大东方店),唐山,乐亭县,金融大街125号大东方购物广场东城店F1层,,,39.429301,118.916059
,肯德基(兴安店),唐山,迁安市,兴安大街936号兴宝大商业广场1层,,,40.014376,118.70339
,肯德基(夏日店),唐山,乐亭县,金融大街35号夏日商场一层,,,39.426622,118.897037
,肯德基(崇尚店),唐山,迁安市,汇泉大街东安购物广场一层,,,40.00185,118.703394
,肯德基(开平店),唐山,开平区,"新苑路与普光道交口志方购物广场1,2层",,,39.675202,118.262675
,肯德基(迁安天洋广场店),唐山,迁安市,天洋广场西门,,,39.980344,118.703954
,肯德基(南堡KFC),唐山,曹妃甸区,南堡经济开发区开放路与友谊道交口,,,39.238835,118.214255
,肯德基(玉田商业中心DT店),唐山,玉田县,旭升北路西侧伯雍东街北侧玉田国际商业中心项目2号-1号一层101号102号103号104号,,,39.898525,117.770875
,肯德基(唐山新军屯餐厅),唐山,丰润区,新军屯镇新军屯村唐通线与070乡道交口东北角(新和供销大厦一层),,,39.643282,117.96214
,肯德基(玉田北购店),唐山,玉田县,北环路北侧玉田县北方购物广场一层101号、102号,,,39.900994,117.742349
,肯德基(遵化开元店),唐山,遵化市,华明北路西侧府前西街南侧开元小区四期开元国际项目,,,40.192413,117.956555
,肯德基(唐山曹妃甸大学城店),唐山,曹妃甸区,唐山湾生态城学府商务中心7幢5号一层,,,39.19783,118.578228
,肯德基(丰润太平路车速取餐厅),唐山,丰润区,园东道北侧太平路东侧永益酒店一层1号,,,39.842668,118.170456
,肯德基(玉田鸦鸿桥KFC),唐山,玉田县,宏祥家园小区西侧路南底商,,,39.755255,117.848641
,肯德基(滦州服务区北店),唐山,滦州市,滦州市京哈高速滦州服务区,,,39.845893,118.40658
,滦州服务区肯德基,唐山,滦州市,滦州服务区与G1京哈高速交叉口西300米,,,39.848267,118.40656
,肯德基(玉田服务区店),唐山,玉田县,境内京哈高速(CI高速)京秦段玉田服务区(北区),,,39.763622,117.79345
,肯德基(玉田服务区),唐山,玉田县,玉田境内京哈高速(京秦段G1方向)玉田服务区肯德基餐厅,,,39.761044,117.792468
,肯德基(爱琴海城市广场店),唐山,遵化市,凤凰南路西侧通华东街南侧水泉路东侧金凤华府-静海广场商住综合体项目爱琴海广场一层I022B,,,40.186464,117.971957
,肯德基(迁安滨河餐厅),唐山,迁安市,滨河街道滨河超商一层,,,39.998825,118.591669
,肯德基(唐山京唐港店),唐山,乐亭县,京唐港中商海港城天奕一层,,,39.243071,118.981778
,KFC渤海店,唐山,路南区,新华西道辅路与渤海南北街交叉口东60米,,,39.625417,118.147369
,肯德基(南湖中石油DT店),唐山,路南区,惠民街道学院南路与明湖路东行50米中国石油加油站南湖站,,,39.599373,118.146314
,肯德炸鸡(汇乐城店),唐山,乐亭县,乐安街道商业步行街A4-113,,,39.430184,118.917898
,肯德基(朝阳店),保定,竞秀区,朝阳路18号,,,38.872295,115.468449
,肯德基(保百店),保定,竞秀区,朝阳北大街和天鹅中路交口北国先天下购物广场地下一层,,,38.893075,115.467904
,肯德基(北国商城店),保定,莲池区,裕华路9号北国商城裕华东路1F层,,,38.858107,115.50415
,肯德基(天鹅店),保定,莲池区,天鹅中路1399号一层,,,38.891021,115.498688
,肯德基(青年店),保定,莲池区,永华北大街与五四中路交口文华国际底商一、二层,,,38.873728,115.501188
,肯德基(裕华店),保定,莲池区,裕华西路383号,,,38.859123,115.494964
,肯德基(保定十方店),保定,莲池区,建华大街789号惠友购物广场一层A-A-2号商铺,,,38.858374,115.481069
,肯德基(绿溪谷店),保定,竞秀区,阳光北大街东侧绿溪谷乐园售票处旁一层,,,38.924408,115.481263
,肯德基(保定嘉德万达店),保定,莲池区,三丰东路246号嘉德万达广场内1029-1030号商铺,,,38.846444,115.511207
,肯德基(保定帕克店),保定,莲池区,北二环路999号钟楼Park3.1一层129-2号商铺,,,38.912279,115.512416
,肯德基(保定美廉好店),保定,莲池区,三丰中路与利民街交叉口西北60米,,,38.846887,115.476526
,肯德基(保定未来石万达店),保定,莲池区,东三环西七一路北侧未来石万达广场6号门1001号商铺,,,38.879059,115.557959
,肯德基(保定瑞祥店),保定,竞秀区,瑞祥大街风帆家园7号楼-4-5-6-7商业的002号商铺,,,38.903501,115.489777
,肯德基(满城店),保定,满城区,惠友购物广场1层,,,38.948204,115.346206
,肯德基(清苑店),保定,清苑区,清苑路28号誉隆购物中心一二层,,,38.766975,115.491275
,肯德基(保定新万博餐厅),保定,竞秀区,朝阳北大街99号万博广场负一层BC006号铺位,,,38.875778,115.469697
,肯德基(爱情广场K咖啡车速取窗),保定,莲池区,朝阳大街西南二环北保定爱情广场商业综合体一层1019号1020号,,,38.821084,115.463696
,肯德基(惠友店),保定,徐水区,惠友购物广场东北门旁,,,39.014589,115.651663
,肯德基(汇博·上谷大观店),保定,竞秀区,朝阳北大街西侧横滨路南侧汇博·上谷大观A区2号楼一层2-15号2-16号2-17-1号,,,38.920556,115.465792
,肯德基(保定保师附小店),保定,莲池区,复兴中路955-30号商铺(京南一品东门北侧),,,38.895947,115.51382
,肯德基(保定宇航数字产业园餐厅),保定,莲池区,百楼镇锦湖北大街1088号保定宇航数字产业园1号楼底商101室,,,38.890663,115.548447
,肯德基(文华路店),保定,定兴县,开放西路41号,,,39.260686,115.783477
,肯德基(祁州店),保定,安国市,药华大街宜佳旺购物广场1层,,,38.422281,115.322537
,肯德基(河北大学七一路校区食堂店),保定,莲池区,七一东路2666号河北大学坤舆一楼风味餐厅001号铺位,,,38.881316,115.569658
,肯德基(雄县天奕店),保定,雄县,将台路东侧天奕商厦102号商铺一二层,,,38.997289,116.115981
,肯德基(高阳店),保定,高阳县,大世界购物中心东门旁,,,38.6918,115.780935
,KFC甜品站(华创国际广场东区店),保定,莲池区,裕华西路555号华创国际广场东区F1层,,,38.859492,115.489136
,肯德基(盛源店),保定,易县,易州镇东关新村D区盛源购物中心一层,,,39.349803,115.514019
,肯德基(定兴店),保定,定兴县,通兴东路南侧69号,,,39.263174,115.804849
,肯德基(阳光店),保定,高碑店市,白沟仁和北路与七一南路交口东北角,,,39.115767,116.032711
,肯德基(望都易购店),保定,望都县,庆都西路易购广场一层,,,38.69383,115.161453
,肯德基(容城店),保定,容城县,奥威路106号惠友购物广场1层,,,39.04294,115.863106
,肯德基(顺平县惠友广场店),保定,顺平县,顺兴中路惠友广场一楼肯德基0312-,,,38.842378,115.134106
,肯德基(现代店),保定,高碑店市,迎宾西路121附近,,,39.325973,115.869292
,肯德基(雄安容和店),保定,容城县,容东片区容德东路80号一层001商铺,,,39.070971,115.944144
,肯德基(保定容城双隆店),保定,容城县,古城路18号双隆商厦一层,,,39.053316,115.870731
,肯德基(悦容店),保定,容城县,善容路77号百尚容东生活广场,,,39.067525,115.919605
,肯德基(保定安新双隆店),保定,安新县,安新镇雁翔东路北侧双隆商厦1层(8号门店),,,38.9307,115.945669
,肯德基(开元店),保定,定州市,中山路与商业街交叉口大世界F1,,,38.517058,114.986595
,肯德基(保定汇金城店),保定,涞水县,府前街西延南侧(汇金城市广场)1层1-1号,,,39.393725,115.686175
,肯德基(保定定州万达店),保定,定州市,万达广场1号门旁,,,38.52841,115.008949
,肯德基(保津DT店),保定,高碑店市,津保路天奕商厦前广场,,,39.107945,116.032241
,肯德基(徐水雷通广场店),保定,徐水区,盛源南大街与刘伶路交叉口巨力新能源小区西北侧80米,,,39.005274,115.642195
,肯德基(家兴店),保定,高碑店市,迎宾路33号家兴购物广场1层,,,39.327091,115.861583
,肯德基(定州中兴润腾店),保定,定州市,中兴西路润腾臻园底商1-1商业四号一层和二层,,,38.512518,114.963607
,肯德基(易县惠友店),保定,易县,城区管理处厂东关村惠友广场一层,,,39.35923,115.4972
,肯德基(保定蠡县店),保定,蠡县,公园金街生活广场,,,38.513248,115.587327
,肯德基(高碑店悦百汇购物中心店),保定,高碑店市,世纪大街南侧天阔商业(悦百汇购物广场)一层101号,,,39.313045,115.889954
,肯德基(博野宜家旺),保定,博野县,博兴中路88号,,,38.457525,115.462425
,肯德基(曲阳店),保定,曲阳县,凯嘉购物中心1层,,,38.612306,114.703478
,肯德基(安新信誉商厦餐厅),保定,安新县,建设大街19号信誉商厦一层001铺,,,38.928878,115.934386
,肯德基(宜佳旺阳光店),保定,高碑店市,迎宾路南侧五一路东侧路193号阳光商厦一层1001-1002商铺,,,39.326138,115.88667
,肯德基(唐县沃隆广场餐厅),保定,唐县,唐尧公园西侧钟鸣路南侧唐县沃隆时代广场1A-09A-10至A-16,,,38.757975,114.996825
,肯德基(国贸店),保定,涿州市,范阳西路152号华冠天地F1,,,39.484694,115.979295
,肯德基(雄安奥特莱斯店),保定,容城县,雄安奥特莱斯,,,39.062377,115.938337
,肯德基(定兴文华路车速取餐厅),保定,定兴县,兴盛大街东侧开放西路南侧拾萃坊39号楼一层001铺,,,39.26085,115.78391
,肯德鸡风味,保定,竞秀区,大唐保定热电厂第一生活区东门旁,,,38.880754,115.453771
,肯德基(鸿坤理想湾店),保定,涿州市,乾元路k2号,,,39.462407,116.048235
,肯德基(钻石广场店),保定,涿州市,范阳中路惠友钻石广场1层,,,39.484382,116.033387
,肯德基(宜佳旺购物广场店),保定,涿州市,东兴北街宜佳旺商厦一层,,,39.487825,116.010575
,肯德基(范阳餐厅),保定,涿州市,范阳西路与东大街交口东北角F1-20号铺位,,,39.48578,115.975314
,肯德基(阜平店),保定,阜平县,正信楼超市(阜平正信楼购物中心店),,,38.841606,114.194485
,肯德基甜品站(保定涞水百里峡店)(暂停营业),保定,涞水县,三坡镇苟各庄村百里峡景区商业街与百里峡大道交叉口东南角第一栋第一层,,,39.679599,115.391117
,肯德基(廊坊建国道店),廊坊,广阳区,建国道与新开路交口肯德基,,,39.518471,116.720621
,肯德基(银河路远洋店),廊坊,广阳区,丰盛路以东新源道以南银河北路以西商业5号楼1单元1层101号,,,39.541055,116.696338
,肯德基(时代店),廊坊,广阳区,新世纪步行街新华路161号,,,39.534275,116.707121
,肯德基(乐都店),廊坊,广阳区,银河北路119号乐都百货一二层,,,39.532369,116.698674
,肯德基(廊坊永兴路店),廊坊,广阳区,华夏幸福城润园16-6-01的房屋,,,39.542148,116.677705
,肯德基(永华店),廊坊,安次区,南门外大街117号波尔多花园号楼明珠大厦永华店一层,,,39.503925,116.698175
,肯德基(爱民店),廊坊,广阳区,新朝阳购物中心1-2层爱民道与新开路交口,,,39.528567,116.725218
,肯德基(廊坊万达店),廊坊,广阳区,新华路万达广场1楼,,,39.523164,116.707138
,肯德基(廊坊廊和坊DT店),廊坊,广阳区,廊坊市开发区华祥路与金源道交口以东廊和坊·金融街-金融·家项目商业街H座1层,,,39.574098,116.771325
,肯德基(廊坊荣盛店),廊坊,广阳区,艺术大道以北建设路以东祥云道荣盛华府14号楼商城荣盛超市一层,,,39.558376,116.709816
,肯德基(万向城店),廊坊,广阳区,广阳道南侧裕华路西侧(万向城项目)一二层,,,39.536771,116.68482
,肯德基(东方大学城店),廊坊,广阳区,兴华路与金康道交口东北角华联商厦一层,,,39.599111,116.754927
,肯德基(廊坊爱民西道店),廊坊,安次区,荣开路与爱民西道交叉口西北60米,,,39.521648,116.658464
,肯德基(明珠店),廊坊,广阳区,新华路43号商业明珠大厦1楼,,,39.518518,116.708966
,肯德基(明珠新开路店),廊坊,广阳区,新开路10号明珠大厦F1层,,,39.532158,116.718655
,肯德基(万庄中石油店),廊坊,广阳区,万庄石油基地京廊路中国石油第九十七加油站内,,,39.566923,116.626086
,肯德基(廊坊北凤道DT店),廊坊,广阳区,祥云道89号荣盛·塞纳荣府,,,39.558839,116.763533
,肯德基(廊坊元辰超市餐厅店),廊坊,安次区,爱民西道86号A01号铺位,,,39.523196,116.678473
,肯德基(北京大兴国际机场店),廊坊,广阳区,大安路北京大兴国际机场2F层(大兴机场地铁站A入口旁),,,39.510952,116.418602
,肯德基(廊坊馨语星苑店),廊坊,安次区,光明西道馨语星苑商业2C-3-101-A,,,39.512188,116.67104
,肯德基(安平购物中心店),廊坊,香河县,安平购物中心,,,39.706179,116.892387
,肯德基(新机场1号店),廊坊,广阳区,大兴国际机场2层国内混流区(大兴机场地铁站A入口旁),,,39.512167,116.418015
,肯德基(廊坊红楼梦剧院餐厅),廊坊,广阳区,开发区新开路东新奥文化产业园北红楼梦戏剧幻城内云锦广场F1-3号商铺,,,39.564426,116.716017
,肯德基(廊坊永清明珠店),廊坊,永清县,永清镇北关村文苑路西侧明珠购物广场F01号1层,,,39.335633,116.504752
,肯德基(廊坊狮子城餐厅店),廊坊,安次区,黄金城道步行街S3号楼113-114-115号商铺,,,39.496042,116.696834
,肯德基(廊坊阳光馨苑店),廊坊,安次区,常甫路97号阳光馨苑商业一层,,,39.498931,116.709008
,肯德基精选(北京大兴国际机场店),廊坊,广阳区,大安路北京大兴国际机场5F层(大兴机场地铁站A入口旁),,,39.511859,116.416185
,肯德基(廊坊固安宝德店),廊坊,固安县,宝德购物中心1层,,,39.438123,116.313839
,肯德基(香百店),廊坊,香河县,新开街香河华联香百超市1层,,,39.756471,117.004251
,肯德基(鑫乐汇店),廊坊,三河市,鑫乐汇购物广场北门西160米,,,39.971405,116.797703
,肯德基(兴达店),廊坊,三河市,燕郊学院路南公园西侧百花超一二层,,,39.952817,116.809254
,肯德基(尚京广场店),廊坊,三河市,学院大街南侧燕昌路东侧尚京广场S5-2-101商铺,,,39.954011,116.838186
,肯德基(凯顺店),廊坊,霸州市,大华超市北门旁,,,39.068688,116.705581
,肯德基(国泰路店),廊坊,固安县,新兴园东方街22号5号楼1层01号,,,39.458791,116.273044
,肯德基(廊坊香河永泰路店),廊坊,香河县,淑阳大街华联香百购物广场(东北角),,,39.76023,117.022245
,肯德基(廊坊大厂店)(暂停营业),廊坊,大厂回族自治县,大安东街与荣昌北路交口华联香百超市一层,,,39.885354,116.988671
,肯德基(三河星罗城店),廊坊,三河市,星罗城肯德基,,,39.953781,116.784598
,肯德基(兴华店),廊坊,霸州市,兴华路与金康道交口东北角一层底商,,,39.11656,116.403477
,肯德基(三河天洋城店),廊坊,三河市,天洋广场C馆北门东120米,,,39.964796,116.821648
,肯德基(三河店),廊坊,三河市,泃阳西大街108号三河华联购物中心1层,,,39.985039,117.063499
,肯德基(固安新源街店),廊坊,固安县,新源西街南侧、家和路东侧金海太阳公园小区二期辅12号1单元1层1-105、1-106号,,,39.431648,116.285939
,肯德基(三河富地广场店),廊坊,三河市,燕郊富地广场疯狂周四9.9起,,,39.964944,116.814567
,肯德基(胜芳未来城店),廊坊,霸州市,胜芳镇巨华街芳济道与胜富路交口北侧衡际未来广场一层,,,39.086363,116.700604
,肯德基(金宝店),廊坊,霸州市,金宝(金宝斋商厦一楼),,,39.111283,116.403695
,肯德基(燕郊楚泰城店),廊坊,三河市,燕郊开发区京哈公路与迎宾路交口京客隆超市1层,,,39.944716,116.815094
,肯德基(文安店),廊坊,文安县,兴文道183号,,,38.866824,116.467348
,肯德基(廊坊香河物美店),廊坊,香河县,新华大街与五一路交口香河物美超市1层-2层,,,39.764075,116.987065
,肯德基(金万福DT店),廊坊,三河市,燕郊镇迎宾路口西侧、102国道北侧金万福购物广场(行宫花园小区门口),,,39.944295,116.812238
,肯德基(三河燕灵路店),廊坊,三河市,燕灵路诸葛小学旁首尔甜城方立方底商A-7号商业楼1层A01铺位,,,39.99494,116.794395
,肯德基(三河永旺店),廊坊,三河市,燕郊高新区102国道27号永旺梦乐成河北燕郊购物中心1层铺位号148-A,,,39.949403,116.864296
,肯德基(幸福广场店),廊坊,固安县,永定路与新昌街交口西北角苹果公寓一层,,,39.44236,116.309052
,肯德基(廊坊潮白馨居店),廊坊,大厂回族自治县,侯谭线潮白馨居S1-1-11003号商铺,,,39.870042,116.847862
,肯德基(三河富鼎店),廊坊,三河市,燕郊学院大街富鼎中心,,,39.95347,116.826058
,肯德基(三河燕顺店),廊坊,三河市,燕郊开发区燕顺路金燕市场一层每周四特惠组合,,,39.98612,116.77713
,肯德基,廊坊,文安县,兴文道与曙光路交叉口东260米,,,38.864325,116.436525
,肯德基(固安幸福港湾店),廊坊,固安县,幸福港湾出入口旁,,,39.457169,116.287241
,肯德基(香河富力新城餐厅),廊坊,香河县,蒋辛屯镇富南路北侧大香公路115号东侧华联香百购物广场一层1号,,,39.813252,117.004524
,肯德基(大城店),廊坊,大城县,津保路南侧鑫达新天地购物广场一层,,,38.696246,116.641575
,肯德基(燕京理工学院店)(暂停营业),廊坊,三河市,启航大道与东经二路交叉口西40米,,,40.001513,116.805217
,肯德基(固安悦涞汇购物中心店),廊坊,固安县,孔雀大道东方街临13号固安悦涞汇购物中心,,,39.462315,116.275734
,肯德基(牛驼服务区店),廊坊,固安县,G45大广高速牛驼服务区东区,,,39.275832,116.289674
,肯德基(牛驼服务区店),廊坊,固安县,大广高速公路牛驼服务区西北150米,,,39.275717,116.292863
,肯德鸡风味炸鸡(永安北路店),廊坊,大厂回族自治县,永祥苑小区西门西北60米,,,39.889208,116.991806
,肯德基门(津同公路店),廊坊,霸州市,津同公路与兴华路交叉口西140米,,,39.147808,116.750783
,肯德基(文安红星车速取餐厅),廊坊,文安县,兴文道442号,,,38.864272,116.43964
,北京大兴国际机场-KFC,廊坊,广阳区,儿童游玩区(北京大兴国际机场),,,39.510084,116.415513
,kfc大厂店,廊坊,大厂回族自治县,荣昌北路与大安西街交叉口西北40米,,,39.885963,116.988266
,肯德基(香河富力新城店),廊坊,香河县,华联香百购物广场富力店,,,39.816822,116.998972
,肯德基车速取餐点(固安幸福港湾店),廊坊,固安县,肯德基幸福港湾店西侧停车场,,,39.456975,116.287466
,肯德基车速取餐点(兴华店),廊坊,霸州市,金康东道863号北侧肯德基餐厅,,,39.116554,116.403472
,泊森肯德基门,廊坊,固安县,平安街与106国道交叉口西60米,,,39.349723,116.324313
,肯德基车速取餐点(燕郊楚泰城店),廊坊,三河市,迎宾路东侧迎宾广场北侧楚泰城F1-0102号餐厅正门侧面,,,39.94479,116.81509
,卷帘门 玻璃门 肯德基机门不锈钢铁艺,廊坊,固安县,固马路永康路凡尔赛西门底商,,,39.436733,116.291748
,肯德基(顺城店),沧州,运河区,清池南大道10号信誉楼商厦一层,,,38.307713,116.86134
,肯德基(颐和店),沧州,运河区,朝阳大街解放西路交口同天超市一层,,,38.304604,116.836949
,肯德基(华北店),沧州,运河区,新华路华北商厦一层,,,38.312514,116.856399
,肯德基(沧州御河店),沧州,运河区,御河路南侧永安大道东侧泰合商业广场1层铺位号1035,,,38.298009,116.828871
,肯德基(沧州海丰道店),沧州,新华区,南大道与解放东路交叉口华北城市广场一楼西南角,,,38.297815,116.890955
,肯德基(荣盛店),沧州,运河区,黄河西路与开元南大道交口荣盛国际购物广场一层,,,38.291179,116.818527
,肯德基(沧州盐百店),沧州,新华区,九河路与千童大道交叉口盐百购物广场东北角1层(铺位号A01),,,38.279825,116.877725
,肯德基(沧州高铁站店),沧州,沧县,北京路西端头高铁站候车大厅2层,,,38.306816,116.768042
,肯德基(东体店),沧州,新华区,建设南大道意明商厦1层,,,38.30699,116.868779
,肯德基(沧州吾悦店),沧州,运河区,吾悦购物中心一楼2号门旁边,,,38.273413,116.826429
,肯德基(沧州正信楼店),沧州,新华区,永济东路64号正信楼商厦沧州店F1层,,,38.315696,116.895234
,肯德基(沧州东塑大道店),沧州,运河区,东塑大道与明珠路交叉口明珠商贸城E座,,,38.335521,116.803913
,肯德基(悦港城店),沧州,运河区,黄河中路北侧浮阳大街东侧悦港城购物广场一层,,,38.293376,116.845991
,肯德基(南川老街餐厅),沧州,运河区,清池大道南川楼片区一期文化街区38号楼101室102室201室一层,,,38.301857,116.855484
,肯德基(凤城店)(装修中),沧州,青县,信发商厦1层,,,38.579958,116.835502
,肯德基门(清池南大道店),沧州,运河区,民主社区居委会东南门旁,,,38.304305,116.861204
,肯德基(沧州盐山店),沧州,盐山县,盐百生活广场1层,,,38.049994,117.218635
,肯德基(华贸店),沧州,黄骅市,信誉楼南大街202号华贸商业广场F1,,,38.363686,117.350446
,肯德基(泊头店),沧州,泊头市,解放路与建设大街交汇处泊信商厦一楼,,,38.073067,116.576365
,肯德基(耀华店),沧州,黄骅市,渤海东路968号耀华商厦1层,,,38.371856,117.34901
,肯德基(青县DT店),沧州,青县,新华中路59号南海国际底商,,,38.578053,116.822165
,肯德基(华贸商业广场店),沧州,黄骅市,信誉楼南大街202号华贸商业广场F1,,,38.363771,117.350391
,肯德基(泰昌店),沧州,献县,泰昌购物南1门西50米,,,38.184531,116.130624
,肯德基(沧州泊头信和店),沧州,泊头市,裕华西路与平安大街交叉口东北180米,,,38.084725,116.566875
,肯德基(东光店),沧州,东光县,东光餐厅信和商厦一层西南角,,,37.883081,116.556763
,肯德基(沧州河间方圆荟店),沧州,河间市,曙光路南侧规划金水街东侧嘉浩城市广场A座一层S022号,,,38.442363,116.128865
,肯德基(京开北大街店),沧州,河间市,京开路东同创商业广场停车场北1层,,,38.443875,116.086926
,肯德基(南皮信和店),沧州,南皮县,光荣南大街西侧信和商厦北侧1层铺位001号底商,,,38.040797,116.717187
,肯德基(黄骅金宝方圆荟店),沧州,黄骅市,昌骅大街与沧海路北路交口金宝方圆荟永辉超市一层C006号,,,38.360383,117.314728
,肯德基(沧州黄骅信誉楼店),沧州,黄骅市,昌骅大街东新海路南信誉楼商厦新海路店一层308号,,,38.374353,117.31243
,肯德基(泊头信和商厦店),沧州,泊头市,信和商厦(泊头店),,,38.084752,116.566877
,肯德基,沧州,任丘市,106国道与019乡道交叉口南420米,,,38.581475,116.074775
,肯德基(新绿洲店),沧州,任丘市,渤海中路35号,,,38.695288,116.110296
,肯德基(沧州黄骅信誉楼店),沧州,黄骅市,昌骅大街东新海路南信誉楼商厦新海路店一层308号,,,38.369313,117.349176
,肯德基(华油店),沧州,任丘市,会战道华北石油购物广场一层,,,38.688812,116.101006
,肯德基(青县新天地车速取餐厅),沧州,青县,新华路与乾宁街路口青县新天地商厦一层F-01号,,,38.576758,116.813834
,肯德基(沧州任丘万达店),沧州,任丘市,昆仑道与北站路交汇处万达广场F1,,,38.684714,116.088403
,肯德基(燕春店),沧州,任丘市,裕华中路30号,,,38.710063,116.106336
,肯德基(沧州肃宁店),沧州,肃宁县,华斯生活购物广场一层,,,38.459985,115.816059
,肯德基(吴桥店),沧州,吴桥县,长江路北侧太行道东侧腾辉商厦百货广场1层,,,37.626623,116.399314
,肯德基(任丘中石油DT店),沧州,任丘市,北站路中石油81号加油站,,,38.682625,116.113291
,肯德基(蕾莎店),沧州,任丘市,裕华路与会战道交叉口蕾莎城市广场一层,,,38.710044,116.101523
,保成肯德基门,沧州,任丘市,106国道与019乡道交叉口西南60米,,,38.584652,116.073928
,肯德基车速取餐点(解放路店),沧州,运河区,解放西路颐和广场9号华北商厦肯德基南50米,,,38.305187,116.832977
,肯德基车速取餐点(华北店),沧州,运河区,华北地面停车场路边,,,38.312517,116.856474
,不锈钢肯德基门,沧州,运河区,永安南大道与光荣路交叉口南120米,,,38.310756,116.829059
,肯德基门(京广线店),沧州,任丘市,壳牌南行100米路西,,,38.583809,116.074092
,不锈钢肯德基门窗,沧州,运河区,永安大道脑科医院北三百米路西,,,38.315851,116.829342
,肯德基门,沧州,任丘市,建设中路与京开道交叉口东100米,,,38.701118,116.103545
,批发肯德基门,沧州,盐山县,源航管件制造有限公司东侧90米,,,38.057993,117.206127
,肯德基门加工,沧州,泊头市,解放西路农机公司院内,,,38.072669,116.554663
,自豪肯德基门有限公司,沧州,任丘市,开拓路与会战道交叉口西北20米,,,38.626854,116.09585
,家兴肯德基门玻璃门,沧州,任丘市,凤铝铝材(河北分公司)西侧230米,,,38.626138,116.172353
,旺达肯德基门配件,沧州,任丘市,河北任丘大石路马村铝材市场,,,38.618153,116.081545
,大奥肯德基门型材,沧州,任丘市,蓝天防火门防盗门(760县道北),,,38.61822,116.077291
,肯德基门百叶窗,沧州,任丘市,会战南道与科蓝达路交叉口南40米,,,38.632869,116.096279
,明飞肯德基门内外遮阳系统,沧州,任丘市,城南铝材市场,,,38.618014,116.080384
,肯德基(秦皇岛茂业天地店),秦皇岛,海港区,茂业天地一层,,,39.909462,119.544651
,肯德基(广缘店),秦皇岛,海港区,峨眉山南路1-3号,,,39.928425,119.533675
,肯德基(茂业店),秦皇岛,海港区,文化路8号一层,,,39.93116,119.604186
,肯德基(北戴河店),秦皇岛,北戴河区,[],,,39.821116,119.491312
,肯德基(海阳店),秦皇岛,海港区,河北大街165号视听研究所一楼,,,39.931771,119.599828
,肯德基(天洋店),秦皇岛,海港区,民族南路56号天洋电器一层肯德基,,,39.932732,119.608859
,肯德基(燕山店),秦皇岛,海港区,迎宾路121号0335室,,,39.954475,119.592775
,肯德基(港城店),秦皇岛,海港区,金街时代广场一层0335-,,,39.944637,119.600936
,肯德基(世纪港湾店),秦皇岛,海港区,秦皇东大街世纪港湾商业广场1层,,,39.947518,119.580519
,肯德基(欧玛克店)(暂停营业),秦皇岛,北戴河区,保二路欧玛克肯德基0335-,,,39.81765,119.489187
,肯德基(秦皇岛红旗路DT 店),秦皇岛,海港区,红旗路48号一层001号,,,39.933379,119.588521
,肯德基(秦皇岛万达店),秦皇岛,海港区,西港路与燕山大街交叉口万达广场一层1033店铺,,,39.952716,119.575594
,肯德基(秦皇岛半岛店),秦皇岛,海港区,南岭东路61号-1,,,39.902711,119.515372
,肯德基(山海关富力店),秦皇岛,山海关区,正惠街以南山广大街以北潮河以西规划路以东御江山项目S-1号商业楼1号,,,39.977332,119.780711
,肯德基(北戴河广缘店),秦皇岛,北戴河区,联峰北路82号兴隆广缘商业综合体一楼,,,39.838117,119.484706
,肯德基(巴塞罗那店),秦皇岛,海港区,燕山大街与建国路交叉口秦新·巴塞罗那广场1层,,,39.953787,119.614217
,肯德基(集发餐车店),秦皇岛,北戴河区,联峰北路82号兴龙广缘商业综合体,,,39.836785,119.484534
,肯德基(秦皇岛乐都汇店),秦皇岛,海港区,河北大街115号乐都汇(秦皇岛店)L1层L111、L111A,,,39.933875,119.604707
,肯德基(新澳海底世界店),秦皇岛,海港区,河滨路79号秦皇岛新澳海底世界海豚表演馆一层2号,,,39.905824,119.562618
,肯德基(昌黎广缘店),秦皇岛,昌黎县,碣阳大街南侧五峰山路西侧昌黎广缘综合楼一层101号,,,39.718524,119.187824
,肯德基(山海关店),秦皇岛,山海关区,关城南路89号0335-,,,40.002233,119.759498
,肯德基(秦皇岛抚宁广缘店),秦皇岛,抚宁区,金山大街广缘综合体一层,,,39.872935,119.267738
,肯德基甜品站(新澳海底世界店)(暂停营业),秦皇岛,海港区,河滨路79号秦皇岛新澳海底世界海豚表演馆一层2号,,,39.906475,119.563325
,肯德基(昌黎店),秦皇岛,昌黎县,碣阳大街与民生路交口民生广场一层0335-,,,39.714427,119.166328
,肯德基(秦皇岛卢龙店),秦皇岛,卢龙县,龙城路西侧永旺大街南侧兴龙广缘商业综合体一层3号,,,39.900334,118.891044
,肯德基甜品站(山海关古城1号店),秦皇岛,山海关区,关城南路角楼湾文化商业广场内,,,40.005931,119.764955
,肯德基(昌黎黄金海岸店)(暂停营业),秦皇岛,昌黎县,黄金海岸时代海岸一层0335-,,,39.698706,119.339268
,肯德基(山海关服务区北区餐厅),秦皇岛,山海关区,京哈高速山海关服务区北区服务楼一层(北京方向),,,40.024719,119.756649
,肯德基(秦皇岛青龙店),秦皇岛,青龙满族自治县,青龙镇家乐家商业大厦101-102家乐家购物中心一层1号0335-,,,40.404295,118.949725
,肯德基(卢龙服务区南区餐厅),秦皇岛,卢龙县,卢龙服务区南区(秦皇岛方向),,,39.916954,118.898042
,卢龙服务区肯德基,秦皇岛,卢龙县,卢龙服务区与G1京哈高速交叉口西北280米,,,39.919298,118.897948
,肯德基(盛华店),张家口,桥东区,胜利路241号新东亚时代广场乐购一层,,,40.772277,114.896761
,肯德基(张家口世博店),张家口,桥东区,桥东区经济开发区站前西大街世博广场一层肯德基,,,40.75169,114.889367
,肯德基(五一广场店),张家口,桥东区,五一大街2区1号楼2号铺一层部分3号铺地下一层,,,40.82045,114.891643
,肯德基(张家口容辰店),张家口,桥东区,胜利北路56号东侧容辰广场,,,40.796429,114.894073
,肯德基(金鼎店),张家口,桥西区,西坝岗59号,,,40.822346,114.869154
,肯德基(明德店),张家口,桥西区,明德南街63号,,,40.82617,114.885279
,肯德基(张家口第二十加油站店),张家口,桥东区,朝阳西大街与胜利中路交叉口西200米,,,40.760835,114.903111
,肯德基(宣府大街店),张家口,宣化区,宣府大街178号宣化光大新天地购物广场一层,,,40.606024,115.100971
,肯德基(同盛店),张家口,宣化区,南大街77号同盛大厦1-2层,,,40.607881,115.062011
,肯德基(张家口宣化皇城店),张家口,宣化区,皇城桥路50号皇城大厦一层,,,40.615067,115.054462
,肯德基(涿鹿店),张家口,涿鹿县,隆都路96号,,,40.387154,115.215051
,肯德基(张家口张北天保店),张家口,张北县,张北镇中都大街东侧兴和路南侧中都银座商场(天保广场)一层101号,,,41.145076,114.735168
,肯德基(张家口崇礼富龙店),张家口,崇礼区,富龙达沃斯汤山墅东北侧270米,,,40.979719,115.30577
,肯德基(张家口崇礼太舞店),张家口,崇礼区,银仓路,,,40.892522,115.451615
,肯德基(张家口张北元都店),张家口,张北县,兴华路北侧顺城路西侧张北元都广场一层,,,41.160017,114.721046
,肯德基(怀来锋线购物广场店),张家口,怀来县,长城北路162号,,,40.406761,115.518668
,肯德基(张家口崇礼云顶店),张家口,崇礼区,密苑云顶乐园滑雪场云顶大酒店一层,,,40.948608,115.435786
,肯德基(张家口阳原),张家口,阳原县,西城镇西宁路东侧01号,,,40.104481,114.152225
,肯德基(张家口蔚县店),张家口,蔚县,康居北大街西侧联华金韦广场一层1号,,,39.847159,114.598594
,肯德基(西大街店),承德,双桥区,火神庙路北2号,,,40.980245,117.937314
,肯德基(承德万达店),承德,双桥区,万达广场1层1206B,,,40.917794,117.958259
,肯德基(翠桥店),承德,双桥区,南营子大街裘翠楼一层,,,40.970072,117.936379
,肯德基(白天鹅店),承德,双桥区,南营子大街19号永兴住宅楼1层,,,40.972657,117.93781
,肯德基(承德大学城店),承德,双桥区,双桥区开发区宽广时代广场一层1号0314-,,,40.892077,117.96641
,肯德基(双滦店),承德,双滦区,宜佳旺肯德基,,,40.951949,117.772762
,肯德基(承德凤凰国际店),承德,双桥区,双桥区高新区冯营子镇学院路凤凰国际一层0314-,,,40.90144,117.950201
,肯德基(承德县店),承德,承德县,下板城镇板城大街万晟国际广场1幢一层商06号07号101号,,,40.77101,118.177168
,肯德基(宽城店),承德,宽城满族自治县,宽广超广场店,,,40.610035,118.485382
,肯德基(承德隆化店),承德,隆化县,千润购物广场,,,41.312215,117.736686
,肯德基(平泉店),承德,平泉市,八沟大街嘉唯丽窗帘城,,,41.003079,118.692599
,肯德基(承德滦平店),承德,滦平县,滦平镇鑫港大街A21号北雁商城一层0314-,,,40.933326,117.328624
,肯德基(围场店),承德,围场满族蒙古族自治县,木兰中路308号,,,41.94749,117.759941
,肯德基(承德丰宁店),承德,丰宁满族自治县,新丰路乙52号肯德基0314-,,,41.206097,116.646224
,肯德基(承德兴隆餐厅),承德,兴隆县,兴隆镇迎宾路福星公寓二期一层,,,40.412577,117.495971
,肯德基有限公司承德双滦餐厅,承德,双滦区,国际广场·万和城C区,,,40.954666,117.769016
,肯德基(围场恒太城餐厅),承德,围场满族蒙古族自治县,围场恒太城商场一层083-1号,,,41.932575,117.766775
,肯德基(承德世纪城DT店),承德,双桥区,迎宾路13号,,,40.949043,117.96249
,肯德基门窗(爱之家建材城店),承德,双桥区,车站路爱之家建材城门口批发零售,,,40.963355,117.955904
,肯德基门批发,承德,双桥区,怡园小区西南侧190米,,,40.959907,117.920065
,风味炸鸡鸡叉骨(翠桥店),承德,双桥区,牛圈子沟防疫站院内2单元105号(牛圈子沟口菜市场对面),,,40.96253,117.935135
,肯德基(怡水园店),衡水,桃城区,人民西路121号衡百国际B1层,,,37.740422,115.64958
,肯德基(衡百店),衡水,桃城区,人民东路与报社街交叉口百货大楼东一层,,,37.731909,115.691323
,肯德基(吉美店),衡水,桃城区,吉美超市胜利路店西门旁,,,37.731249,115.674356
,肯德基(爱特店),衡水,桃城区,和平西路206号西侧附楼爱特东邻市总工会西,,,37.740885,115.683932
,肯德基(衡水万达广场店),衡水,桃城区,育才南大街699号衡水万达广场,,,37.730979,115.669012
,肯德基(衡水中心街吉美店),衡水,桃城区,中心街569号吉美超市中心街店一层L1-002商铺,,,37.728145,115.686149
,肯德基(天鸿尚都店),衡水,桃城区,榕花街大庆路交口天鸿尚都1层KFC,,,37.748707,115.700162
,肯德基(衡水服务区南店),衡水,桃城区,大广高速与工业大街交叉路口往西南约130米,,,37.762901,115.751434
,肯德基(衡水中石油1号站车速取餐厅),衡水,桃城区,大庆西路与育才北大街交汇西南角怡安嘉园南边中国石油第一加油站,,,37.753199,115.672217
,肯德基(吉美百货店),衡水,冀州区,湖滨东大道,,,37.556289,115.587609
,肯德基(武邑吉美),衡水,武邑县,宁武路南腾达路东侧南9号吉美购物广场,,,37.790917,115.886882
,肯德基(衡水服务区店),衡水,桃城区,桃城区高新区大广高速公路衡水服务区北区门店111号,,,37.764459,115.754174
,肯德基(故城信誉楼店),衡水,故城县,幸福路南侧运兴街东侧信誉楼百货一层101号,,,37.363609,115.96221
,肯德基(深州诚信店),衡水,深州市,顺兴大街诚信商厦东区一层,,,38.008455,115.574549
,肯德基(衡水枣强吉美餐厅店),衡水,枣强县,新华西街南侧吉美购物广场一层001号商铺,,,37.515309,115.704981
,肯德基(惠祥店),衡水,安平县,中心路与为民街交口惠祥商城0318-,,,38.233713,115.516547
,肯德基(景县正信楼店),衡水,景县,高适路盐百商厦一层,,,37.697951,116.249025
,肯德基(深州服务区店),衡水,深州市,大广高速深州服务区东区,,,38.064968,115.672937
,肯德基车速取餐厅(中石油餐厅),衡水,桃城区,大庆路与育才街交叉口中石油肯德基,,,37.753199,115.672217
,肯德基(冶金路店),邢台,信都区,中兴西大街189号家乐园百货冶金路一侧一层,,,37.061686,114.475207
,肯德基(邢台逗号立方店),邢台,信都区,中兴西大街139号逗号立方一层1F-20商铺,,,37.062273,114.478624
,肯德基(邢台泉南店),邢台,襄都区,开元北路256-1号万达广场(邢台店),,,37.084635,114.51279
,肯德基(财富店),邢台,襄都区,中兴东大街颐高双创城一楼,,,37.062424,114.499497
,肯德基(中北商城店),邢台,信都区,中兴西大街与守敬大街交口中北世纪城商业区东南角,,,37.06168,114.483083
,肯德基(天一生活广场店),邢台,信都区,中兴西大街518号万隆商业中心1层商业103号商铺,,,37.059357,114.459153
,肯德基(万泉汇餐厅),邢台,襄都区,信都路以东规划加密路以南龙泉大街以北万泉汇购物中心一层F1005F1006商铺,,,37.041347,114.545405
,肯德基(内丘),邢台,内丘县,平安南大街和康庄西路交口西北角,,,37.280806,114.508526
,肯德基(沙河店),邢台,沙河市,京广路818号华联购物广场F1,,,36.862715,114.499953
,肯德基(任泽),邢台,任泽区,人民大街1号世嘉购物商厦,,,37.12112,114.676864
,肯德基(南和澳林店),邢台,南和区,和区祥和路东侧平安大街南侧南和澳林城市之窗8号楼113.114.115.116.117.118.119商铺,,,37.016048,114.682019
,肯德基(邢台服务区西),邢台,襄都区,襄都区邢台服务区西区(京港澳高速公路西),,,37.145991,114.584856
,肯德基(邢台巨鹿店),邢台,巨鹿县,健康西路223号,,,37.21561,115.020974
,肯德基(宁晋店),邢台,宁晋县,凤凰北路天一广场,,,37.63282,114.917333
,肯德基(平乡店),邢台,平乡县,中华路与贸易街交叉口东80米,,,37.063255,115.027546
,肯德基(广宗),邢台,广宗县,和平路与光明街交汇处天一生活广场,,,37.0657,115.139439
,邢台服务区肯德基,邢台,襄都区,中国石化邢台服务区西区加油站(合作)西北侧240米,,,37.145152,114.581588
,肯德基(威县信誉楼店),邢台,威县,世纪大街159号信誉楼百货威县店,,,36.997947,115.288702
,肯德基(临西家乐园·百货店),邢台,临西县,家乐园·百货(临西店),,,36.882893,115.506588
,肯德基(邢台南宫信和店),邢台,南宫市,复兴路与北城路交口,,,37.36575,115.407953
,肯德基(邢台清河羊绒大厦店),邢台,清河县,泰山北路羊绒大厦一层001号商铺,,,37.093717,115.676961
,肯德基车速取餐点(南和澳林店),邢台,南和区,祥和路东侧、平安大街南侧南和澳林城市之窗8号楼,,,37.016067,114.682096
,万信肯德基门批发,邢台,临西县,永济街与玉兰西路交叉口东北120米,,,36.863614,115.487473
,肯德基(西六路店),淄博,张店区,人民西路51号银座购物广场F1层,,,36.813721,118.032679
,肯德基(玉龙大厦),淄博,张店区,华光路188号,,,36.822576,118.023876
,肯德基(华光店),淄博,张店区,华光路86号大福源超市1F肯德基餐厅,,,36.821639,118.042161
,肯德基(鲁泰大道店),淄博,张店区,鲁泰大道9号银泰城1F层1035,,,36.848288,118.034391
,肯德基(淄博中心店),淄博,张店区,商场东路2号利群购物广场1层,,,36.800899,118.060397
,肯德基(淄博花园路店),淄博,张店区,张店区经济开发区南定镇花园路29号淄博商厦铝城购物中心一层,,,36.753241,118.045305
,肯德基(淄博火车站店),淄博,张店区,昌国快速路出口与王舍路交叉口东北220米,,,36.787135,118.056377
,肯德基(淄博世纪路店),淄博,张店区,张店区经济开发区世纪路以东昌国路以南吾悦广场号商铺,,,36.784662,118.025096
,肯德基(周村银座店),淄博,周村区,建设中路银座商城地上一层,,,36.801169,117.857014
,肯德基(宝龙店),淄博,桓台县,中心大街与东岳中心大街东岳路交叉口银座商城一层,,,36.958725,118.092575
,肯德基(淄川店),淄博,淄川区,淄城路586号新星商厦1层,,,36.647187,117.959609
,肯德基(淄川SM店),淄博,淄川区,SM广场2号门旁,,,36.643107,117.962157
,肯德基(淄博万达广场店),淄博,张店区,中润大道17号富力万达广场F2层,,,36.838582,118.010178
,肯德基(盛世国际店),淄博,周村区,太和路119号,,,36.799167,117.868204
,肯德基(山东理工大学店),淄博,张店区,新村路山东理工大学学生生活服务楼一层,,,36.813488,117.998558
,肯德基(周村新城吾悦店),淄博,周村区,正阳路1666号淄博周村吾悦广场F1层,,,36.82199,117.866397
,肯德基(淄博印象汇餐厅),淄博,张店区,柳泉路67号,,,36.822803,118.053356
,肯德基(临淄方正餐厅),淄博,临淄区,天齐路206号甲10号,,,36.814518,118.33134
,肯德基(淄博鑫马吾悦餐厅),淄博,张店区,华光路288号淄博鑫马新城吾悦广场1059号商铺一层,,,36.824675,118.001975
,肯德基(博银店),淄博,博山区,人民路以北英雄路以东博山青年路1号,,,36.50424,117.860432
,肯德基(淄博恒太城餐厅),淄博,张店区,华光路淄博恒太城一层,,,36.823318,117.982955
,肯德基(博山店),淄博,博山区,中心路40号银座一层,,,36.494067,117.860674
,肯德基(东泰店),淄博,临淄区,桓公路103号泰客荣商场一层二层,,,36.819232,118.296653
,肯德基(泰客荣茂业百货店),淄博,临淄区,桓公路103号泰客荣商场一层二层,,,36.813434,118.303071
,肯德基(鲁山路店),淄博,沂源县,鲁山路佳惠新天地生活广场1层,,,36.192489,118.186979
,肯德基(高青华盛店),淄博,高青县,黄河中路77号,,,37.171677,117.829796
,肯德基(山东文旅·红叶柿岩旅游区店),淄博,博山区,域城镇和尚房村6号山东文旅·红叶柿岩旅游区内(西侧),,,36.509097,117.80526
,KFC(吾悦广场淄博周村店),淄博,周村区,正阳路5299号吾悦广场(淄博周村店)F1层,,,36.821909,117.866796
,肯德基门感应门,淄博,张店区,联通路与东二路交叉口北100米,,,36.825321,118.071053
,肯德基(迎春大街店),烟台,莱山区,迎春大街188号银座商城莱山店F1层,,,37.457482,121.437202
,肯德基(商城店),烟台,芝罘区,大海阳路166号大润发东侧一层肯德基,,,37.54278,121.377953
,肯德基(烟台大悦城店),烟台,芝罘区,北马路150号3层3F-21B,,,37.545865,121.388008
,肯德基(机场路店),烟台,芝罘区,机场路与大东路交叉口东南侧烟台新都汇中振华超市主入口南侧一层二层,,,37.5093,121.366234
,肯德基(观海路店),烟台,莱山区,观海路277号佳世客一层,,,37.469453,121.448206
,肯德基(烟台万象汇店),烟台,莱山区,观海路228号烟台万象汇L364号商铺,,,37.472722,121.450235
,肯德基(山水龙城店),烟台,芝罘区,通世南路16号附38号(北侧部分)附39号一层,,,37.482849,121.375828
,肯德基(海港路店),烟台,芝罘区,海港路26号烟台阳光100城市广场S1号楼一层2119号,,,37.543654,121.385737
,肯德基(华联店),烟台,芝罘区,胜利路261号天天渔港广场1层,,,37.538584,121.398377
,肯德基(烟台理工学院店),烟台,莱山区,金桥路与金福路交叉口西北160米,,,37.453306,121.476457
,肯德基(南关大街店),烟台,牟平区,正阳路559号1格广场F1层,,,37.382941,121.604071
,肯德基(电厂东路店),烟台,芝罘区,玺山花园1号楼中裕广场一层106铺位,,,37.520869,121.325834
,肯德基(鹿鸣店),烟台,莱山区,观海路81号,,,37.505089,121.441764
,肯德基(彩云城店),烟台,福山区,长江路18号1层,,,37.561798,121.265437
,肯德基(通海路店),烟台,牟平区,通海路与宁海大街交汇处牟平振华商厦一层一侧南把角的房产,,,37.395696,121.59802
,肯德基(星颐店),烟台,福山区,福山区开发区长江路160号星颐广场1号商业1楼105-107号商铺的房产,,,37.562423,121.245577
,肯德基(衡山路万达店),烟台,福山区,衡山路中段烟台开发区万达广场,,,37.546421,121.254039
,肯德基(烟台保利MALL店),烟台,莱山区,清泉路29号保利mall一层C101-2铺位,,,37.478047,121.451007
,肯德基(烟台万达广场餐厅),烟台,芝罘区,西关南街6号万达广场1F-01-AA号商铺,,,37.536065,121.394017
,肯德基(万科广场店),烟台,福山区,福海路以西汇福街以北万科广场建筑物一层号商铺,,,37.513654,121.256248
,肯德基(福海店),烟台,福山区,福海路178号天创国际城振华超市一层,,,37.505622,121.258929
,肯德基(烟台芝罘吾悦广场店),烟台,芝罘区,芝罘屯路18号1号楼烟台芝罘吾悦广场F1层,,,37.55085,121.370109
,肯德基(福安餐厅),烟台,芝罘区,幸芝里166-2号一层,,,37.573357,121.357705
,肯德基(振华广场店),烟台,芝罘区,幸福中路3941-1号幸福广场一层2号铺位,,,37.565929,121.356583
,肯德基(松霞路家家悦店),烟台,福山区,松霞路160号富豪银座项目商业楼一层家家悦超市出入口右侧1号铺位及,,,37.517459,121.27323
,肯德基(颐高数码城店),烟台,福山区,福山区开发区长江路33号1179号房产一层二层,,,37.562272,121.261277
,肯德基(长江梦乐城店),烟台,福山区,长江路120号永旺梦乐城烟台金沙滩店F1层,,,37.567672,121.18985
,肯德基甜品站(大悦城店),烟台,芝罘区,北马路150号烟台大悦城4F层,,,37.54596,121.387784
,肯德基(海港路餐厅),烟台,芝罘区,海港路26号阳光100国际中心B座壹百货,,,37.543539,121.385789
,肯德基(电厂东路车速取餐厅),烟台,芝罘区,电厂东路与楚秀北路交汇处玺山花园1号楼中裕广场一层106号铺位,,,37.520875,121.325828
,肯德基(悦动港湾店),烟台,蓬莱区,北关路133号蓬莱利群海情购物广场一层1F-7号铺位,,,37.817727,120.761644
,肯德基(金桥澎湖湾店),烟台,福山区,杭州大街6号澎湖湾小区35号楼101号一层和102号部分区域,,,37.586332,121.159688
,肯德基(登州路店),烟台,蓬莱区,登州路77号一二层(振华商厦),,,37.810138,120.77199
,肯德基(北关店),烟台,蓬莱区,北关路686号利群商场1层,,,37.816873,120.759874
,肯德基(龙门DT店),烟台,莱阳市,龙门西路88号,,,36.967279,120.699821
,肯德基(烟台蓬莱国际机场T2航站楼店),烟台,蓬莱区,烟台蓬莱国际机场港澳台出发,,,37.650398,120.985349
,肯德基(海阳振华店),烟台,海阳市,海阳路海阳振华商厦101中1F-A30铺位,,,36.779944,121.18212
,肯德基(烟台机场安检内餐厅),烟台,蓬莱区,国际机场T2航站楼二层出发层安检内F2-CY-16号店铺,,,37.658381,120.992669
,肯德基(龙门西路店),烟台,莱阳市,龙门西路18号莱阳大润发1层,,,36.968008,120.712919
,肯德基(南山店),烟台,龙口市,南山开发区南山南路13号一层,,,37.591426,120.485
,肯德基(招远金城店),烟台,招远市,温泉路259号金城广场1层,,,37.362837,120.408055
,肯德基(金海螺店),烟台,海阳市,海阳路与虎山街交叉口处景泰金海螺商业广场三号楼北端一层和二层,,,36.778662,121.166962
,肯德基(烟台机场安检内餐厅),烟台,蓬莱区,烟台国际机场安检内216登机口对面,,,37.653175,120.986125
,肯德基(招远振华商厦店),烟台,招远市,东关街60号振华商厦F1层,,,37.362025,120.405728
,肯德基(丽达店),烟台,海阳市,旅游度假区海滨中路丽达购物广场东南把角一层,,,36.701574,121.222658
,肯德基(莱阳旌旗店),烟台,莱阳市,旌旗路328路莱阳人民商场一层,,,36.978056,120.715998
,肯德基(龙口龙湖天街餐厅),烟台,龙口市,港城大街,,,37.641202,120.493532
,肯德基(招金广场店),烟台,招远市,温泉路118号招金广场一层F101铺位,,,37.364957,120.432396
,肯德基(龙口保利店),烟台,龙口市,港城大道666号龙口保利广场一层1039铺位,,,37.639366,120.502969
,肯德基(新黄城店),烟台,龙口市,东莱街258号博商购物广场一楼,,,37.646315,120.529881
,肯德基(龙口北方国贸店),烟台,龙口市,北方国贸购物广场,,,37.641241,120.503065
,肯德基(北城商厦餐厅),烟台,招远市,罗峰路569号1号屋北城商厦一层东南主出入口西邻铺位,,,37.383833,120.400607
,肯德基(莱州路店),烟台,莱州市,文化东路利群购物广场1层,,,37.181593,119.942026
,肯德基(府前店),烟台,莱州市,莱州路与府前街交叉口(雷锋广场南临)星辉大厦12层,,,37.176069,119.940053
,肯德基(印象城店),烟台,莱州市,文化东路以北文昌北路以西莱州金运印象城一层二层的房产,,,37.181586,119.948221
,肯德基(龙口月亮湾店),烟台,龙口市,博商东海黄金海岸店1层,,,37.734551,120.436297
,肯德基(沙河宜家超市店),烟台,莱州市,沙河镇宜家超市,,,37.04063,119.771225
,肯德基风味炸鸡,烟台,莱州市,黄金路与文三路交叉口北500米,,,37.405079,119.960431
,肯德基甜品站(烟台金沙滩永旺梦乐城店),烟台,福山区,长江路120号永旺梦乐城烟台金沙滩店F1层,,,37.567699,121.189903
,肯德基(谷德茂店),潍坊,奎文区,谷德茂肯德基TEL,,,36.708655,119.203288
,肯德基(歌尔店),潍坊,奎文区,蓉花路166号歌尔生活广场部分房产一层的房产,,,36.740238,119.160315
,肯德基(人民公园店),潍坊,潍城区,青年路66号金莎广场1层,,,36.702878,119.108889
,肯德基(泰华店),潍坊,奎文区,东风东街360号泰华城一层,,,36.711613,119.112935
,肯德基(经开谷德茂DT店),潍坊,潍城区,谷德茂商场1层,,,36.769547,119.107463
,肯德基(新华二店),潍坊,奎文区,新华路66号佳乐家超市,,,36.709863,119.148104
,肯德基(坊子泰华城店),潍坊,坊子区,北海路以西凤凰大街以北风华街以南泰和路以东泰华城一层,,,36.652794,119.157969
,肯德基(福寿东街店),潍坊,奎文区,新华路与福寿东街交叉口利群购物广场1层,,,36.719408,119.14716
,肯德基(谷德锦店),潍坊,潍城区,北宫西街与清平路交叉口西北角被称为谷德锦城的部分房屋一层,,,36.727829,119.073504
,肯德基(北海路银座店),潍坊,奎文区,胜利街北海路银座商城负一层,,,36.705347,119.155763
,肯德基(新城吾悦广场店),潍坊,奎文区,渤海路与桂园街交叉口西南角的新城吾悦广场一层,,,36.692144,119.182677
,肯德基(潍坊新辰天地餐厅),潍坊,奎文区,文化路1588号被称为新辰天地购物中心的部分一层(1F-009)号商铺,,,36.73013,119.141353
,肯德基(潍坊天泰城店),潍坊,潍城区,彩虹路与卧龙西街交汇处金大地·天泰城嗨街,,,36.734347,119.030097
,肯德基(交通街店),潍坊,昌邑市,交通街468号中百大厦一二层,,,36.845234,119.394531
,肯德基(利民店),潍坊,昌邑市,利民街387号全福元(昌邑店)F1层,,,36.854143,119.399103
,肯德基(昌乐恒安街店),潍坊,昌乐县,方山路5777号全福元一层,,,36.697326,118.846354
,肯德基(泰华城店),潍坊,安丘市,商场路东段南侧泰华城1层,,,36.427149,119.228535
,肯德基(寒亭佳乐家餐厅),潍坊,寒亭区,益新街777号庆鹏国际2号楼部分一层,,,36.770923,119.206063
,肯德基(学院路店),潍坊,寿光市,圣城东街198号全福元商厦B座F1层,,,36.868913,118.772907
,肯德基(圣城店),潍坊,寿光市,圣城路412号一层,,,36.873402,118.73917
,肯德基(云山店),潍坊,青州市,范公亭东路大润发1层,,,36.685578,118.486604
,肯德基(临朐万达店),潍坊,临朐县,临朐兴隆东路与盘龙路交叉口东北角万达广场,,,36.516976,118.570237
,肯德基(青州泰华城店),潍坊,青州市,范公亭路与昭德路交叉口泰华城一层0536-,,,36.685123,118.512797
,肯德基(安丘茂街KFC),潍坊,安丘市,新安路与世贸大街交叉口东北角被称为茂街新天地的部分一层,,,36.456615,119.223447
,肯德基(潍坊西服务区北区餐厅),潍坊,潍城区,潍城经济开发区开拓路与广富街交叉口西北角服务区北侧,,,36.74784,118.998316
,肯德基门(新纪元建材市场店),潍坊,潍城区,北宫西街233号新纪元建材市场,,,36.7246,119.103657
,肯德基(全福元中心店),潍坊,寿光市,圣城东街与尧河路交叉口全福元综合体一楼肯德基餐厅,,,36.852136,118.829031
,肯德基(高密振兴店),潍坊,高密市,振兴街金孚隆商场1层,,,36.387332,119.766647
,肯德基(银隆广场店)(暂停营业),潍坊,寿光市,银隆广场,,,36.881075,118.735775
,肯德基(花园店),潍坊,高密市,开发区月潭路与花园街交叉路口金孚隆购物中心一楼,,,36.367635,119.802626
,肯德基(高密中骏店),潍坊,高密市,康成大街中骏世界城2号门,,,36.362935,119.776112
,肯德基,潍坊,寿光市,太平路13号,,,37.265954,118.860567
,肯德基(兴隆中路店),潍坊,临朐县,兴隆中路全福元商场1层东侧,,,36.51859,118.546296
,北海路KFC(银座商城店),潍坊,奎文区,胜利东街4000号银座商城潍坊店1F层,,,36.705041,119.155943
,肯德基(凤凰大街店),潍坊,高密市,凤凰大街与夷安大道交界口东南角中百大厦一层的房产,,,36.371149,119.775347
,肯德基(青州益都店),潍坊,青州市,尧王山东路88号一层0536-,,,36.696922,118.482718
,肯德基(寿光万达店),潍坊,寿光市,广场街以南学院路以西新兴街以北万达广场1007号商铺,,,36.873425,118.772275
,肯德基(滨海全福元),潍坊,寒亭区,滨海开发区新城路00156号,,,37.124227,118.98703
,肯德基(潍坊理工学院店)(暂停营业),潍坊,青州市,云门山南路9888号潍坊理工学院2号门网点部分一层,,,36.621465,118.488775
,肯德基(人民西路店),潍坊,诸城市,人民西路123号佳乐家购物中心一层,,,35.996186,119.389441
,肯德基(益都中心医院新院店),潍坊,青州市,将军山东路与仙客来路交叉口西南地块被称为潍坊益都中心医院医技楼附楼一层肯德基,,,36.655215,118.531593
,肯德基(诸城市柏斯奇店),潍坊,诸城市,广场路8号百盛商场西区F1层,,,35.993244,119.404716
,肯德基(诸城和平店),潍坊,诸城市,和平街1号(与密州路交叉口)利群商场一层,,,36.007774,119.406813
,肯德基(诸城爱琴海店),潍坊,诸城市,爱琴海购物广场一层东南角红星路与和平街交口,,,36.030735,119.402457
,肯德基门(不锈钢贸易城店),潍坊,临朐县,骈邑路不锈钢贸易城,,,36.491642,118.554123
,肯德基风味满口香炸鸡(东武便民点),潍坊,诸城市,东坡街与东郭东巷交叉口西南100米,,,35.983705,119.429952
,肯德基(潍坊万达店),潍坊,奎文区,潍坊万达广场2号门一楼,,,36.718969,119.128805
,肯德基车速取餐点(尚东店),潍坊,奎文区,福寿东街4369号谷德广场一层,,,36.722023,119.16976
,润泽隔热断桥肯德基门滑动门,潍坊,潍城区,向阳路3035号北宫西区,,,36.720087,119.102177
,鹏程肯德基门业,潍坊,奎文区,道口路65号,,,36.688897,119.112032
,肯德基门窗,潍坊,青州市,瓜市路与青州南路东一街交叉口北100米,,,36.695709,118.496796
,钢制肯德基门厂,潍坊,临朐县,朐阳路85号,,,36.496263,118.576602
,隔热断桥肯德基门,潍坊,寒亭区,汇鑫无纺布厂东侧150米,,,36.732302,119.380846
,昊一肯德基门配件,潍坊,临朐县,江北建材城新加工区35号,,,36.496945,118.579433
,肯德基(济州上城店),济宁,任城区,五里营路9号济州上城一层肯德基,,,35.394508,116.621733
,肯德基(环城西路店),济宁,任城区,中心闸北路沃尔玛1层,,,35.402193,116.573749
,肯德基(琵琶山路店),济宁,任城区,琵琶山路银座商城1层,,,35.408788,116.606202
,肯德基(津多里店),济宁,任城区,五里营路19号一层,,,35.396884,116.617833
,肯德基(运河城店),济宁,任城区,太白路与共青团路东北角运河城商业摩尔一层,,,35.407985,116.589314
,肯德基(建设北路店),济宁,任城区,吴泰闸路和建设北路交叉口领秀城市广场一层的房产,,,35.425586,116.596443
,肯德基(星河店),济宁,任城区,火炬路31号济宁星河ICO一层铺位号L1-030L1-031,,,35.413013,116.624165
,肯德基(济宁万达店),济宁,任城区,太白楼东路与琵琶山路交汇处万达广场内的二层2001号和二层2002号商铺,,,35.407964,116.602728
,肯德基(金宇路店),济宁,任城区,济宁高新区金宇路与琵琶山北路交汇处西北角济宁永旺购物中心一层主入口北侧,,,35.4326,116.606858
,肯德基(新龙行店),济宁,任城区,龙行路龙城购物广场1层,,,35.397558,116.589106
,肯德基(城投·星城广场店),济宁,任城区,星城广场一楼肯德基,,,35.356862,116.590264
,肯德基(济宁吾悦广场店),济宁,任城区,北湖省级旅游度假区运河路118号吾悦广场1017号商铺,,,35.367405,116.599482
,肯德基(嘉祥银座店),济宁,嘉祥县,呈祥路与演武路交汇处西南角嘉祥银座1-2层,,,35.406784,116.340712
,肯德基(兖州贵和店),济宁,兖州区,建设东路399号华勤紫金广场一层肯德基,,,35.556325,116.815625
,肯德基(中御桥路店),济宁,兖州区,中御桥北路300号一层,,,35.552964,116.828275
,肯德基(济宁利客购物广场店),济宁,任城区,金宇路利客购物广场1层0109户,,,35.429433,116.646959
,肯德基(邹城贵和店),济宁,邹城市,太平西路769号龙贵购物广场(邹城店)F1层,,,35.40488,116.963691
,肯德基(枫叶小镇店),济宁,任城区,海川路99号枫叶小镇奥特莱斯北门,,,35.405082,116.700104
,肯德基(济宁爱琴海店),济宁,任城区,高新爱琴海购物中心,,,35.424186,116.694717
,KFC,济宁,任城区,运河路118号吾悦广场(运河路店)F1层,,,35.367531,116.599181
,肯德基(中都店),济宁,汶上县,中都大街69号联民广场1楼,,,35.720252,116.494468
,肯德基(静轩店),济宁,曲阜市,静轩路与五福路交汇处五福广场2号商业一层的房产,,,35.589307,116.9815
,肯德基(春秋西路店),济宁,曲阜市,春秋西路和建工路交叉口一层,,,35.581107,116.964867
,肯德基(奎星路店),济宁,金乡县,奎星路与文峰路交汇处西南角现诚信购物中心一层,,,35.069776,116.316182
,肯德基(龙城广场店),济宁,梁山县,人民北路龙城广场A座正信楼购物中心F1,,,35.804391,116.099821
,肯德基(万家乐餐厅店),济宁,邹城市,凫山南路678号,,,35.401817,116.950392
,肯德基(弘道路店),济宁,曲阜市,弘道路6号曲阜百意购物中心一层的房产,,,35.587344,116.99978
,肯德基(明德双龙购物店)(暂停营业),济宁,曲阜市,西宾路6号双龙购物广场,,,35.593489,116.971967
,肯德基(曲阜东二店),济宁,曲阜市,高铁东站2F,,,35.556416,117.068906
,肯德基(梁山联华店),济宁,梁山县,水泊街道水泊大街3166号,,,35.780026,116.082066
,肯德基(金乡贵和店),济宁,金乡县,中心街南侧清真街西侧贵和购物广场一层的房产,,,35.063813,116.303545
,肯德基(太平餐厅),济宁,邹城市,太平西路1288号一层,,,35.403903,116.969425
,肯德基(邹城悦邻中心店),济宁,邹城市,尚兰路177号悦邻中心一层,,,35.411003,117.022491
,肯德基(泗水银座店),济宁,泗水县,文化路金泉广场C13号银座商城一层,,,35.659971,117.268592
,肯德基(飞跃时代广场店),济宁,鱼台县,鱼新一路南湖陵一路东飞跃时代广场,,,34.998804,116.65443
,肯德基(中都智能大厦店),济宁,汶上县,中都智能大厦,,,35.710091,116.498128
,肯德基(微山银座店),济宁,微山县,"建设路北侧,镇中街东侧微山银座商城一层",,,34.818979,117.127641
,肯德基(龙潭路店),泰安,泰山区,东岳大街82号大润发超市一层,,,36.190415,117.109454
,肯德基(泰山大街店),泰安,泰山区,泰山大街566号万达广场2号门1057铺,,,36.180426,117.088216
,肯德基(志高店),泰安,泰山区,东岳大街与温泉路交汇处东北角银座商场一二层,,,36.193546,117.153179
,肯德基(泰山天外村店),泰安,泰山区,泰山景区天外村路1号,,,36.207033,117.10373
,肯德基(岱宗店),泰安,泰山区,岱宗大街249号,,,36.198816,117.135818
,肯德基(泰山广场店),泰安,泰山区,东岳大街泰山广场南侧银座市政广场店一层,,,36.195085,117.086979
,肯德基(中天门店),泰安,泰山区,泰山景区中天门店,,,36.240816,117.115572
,肯德基(泰安银座店),泰安,泰山区,东岳大街81号泰安中心银座商城一层,,,36.18894,117.113397
,肯德基(泰安高铁站店),泰安,岱岳区,泰安站TA-CY-01和TA-CY-02,,,36.171846,117.035332
,肯德基(华新时代广场DT店),泰安,岱岳区,东天门大街北侧华新时代广场项目A号楼一层A103号商铺,,,36.128061,117.107795
,肯德基(泰安云集店),泰安,岱岳区,口水街与灵芝路交叉口泰山云集9号楼9110、11、12及13室及5号楼05号-01-009室,,,36.174801,117.05211
,肯德基(泰安吾悦广场店),泰安,泰山区,泰安新城吾悦广场(1018/2017-2)号商铺,,,36.196251,117.17782
,肯德基(红门餐厅),泰安,泰山区,环山路小天庭酒店,,,36.206675,117.129075
,肯德基(新城路店),泰安,肥城市,新城路073号一层西北侧拐角位置1层,,,36.183836,116.770524
,肯德基(岱庙餐厅),泰安,泰山区,岱庙西北44号,,,36.196648,117.129167
,肯德基(泰汶吾悦广场餐厅),泰安,泰山区,青年路与岱阳大街交叉口,,,36.155726,117.123216
,肯德基(泰安服务区东区),泰安,岱岳区,凤凰山路与葫芦山街交叉口泰安服务区东,,,36.202929,116.999757
,肯德基(北街店),泰安,宁阳县,北街路38号凌云大厦一层,,,35.762871,116.797369
,肯德基(西山路店),泰安,东平县,西山路47号儒原广场一二层,,,35.930519,116.466152
,肯德基(东城分肥城信业商厦店),泰安,肥城市,凤山大街132号信业商厦东城店一层,,,36.180061,116.792097
,肯德基(平阳店),泰安,新泰市,新华街9号银座商城地上一层,,,35.909707,117.765887
,KFC(吾悦广场泰安泰山店),泰安,泰山区,天烛峰路388号吾悦广场(泰安泰山店)F2层,,,36.196007,117.177663
,肯德基(满庄叶波大润发),泰安,岱岳区,满庄镇满北村泰星大街73号一层,,,36.067803,117.071801
,盛金肯德基门,泰安,泰山区,灵山东大街辅路与上高东路交叉口西80米,,,36.173699,117.181342
,肯德基(新泰吾悦广场店),泰安,新泰市,新城吾悦广场(1001-1)号商铺,,,35.920775,117.781575
,肯德基(青云邻里中心车速取餐厅),泰安,新泰市,龙池路103号青云小镇A1幢1-16,,,35.898176,117.781566
,王瓜店王西市场肯德基风味鸡叉骨,泰安,肥城市,王瓜店王西市场内,,,36.205657,116.6911
,吾悦广场KFC(新泰吾悦广场店),泰安,新泰市,榆山路151号吾悦广场(新泰市店)F1层,,,35.920582,117.781586
,肯德基车速取餐点(泰汶吾悦广场店),泰安,泰山区,青年路与岱阳大街交叉口,,,36.156005,117.123679
,肯德基门窗加工,泰安,宁阳县,X035好运佳园东北侧约140米,,,35.860894,116.70504
,肯德基(古寨店),威海,环翠区,世昌大道100号宏福广场地上一层肯德基有限公司,,,37.50228,122.098157
,肯德基(欧乐坊店),威海,环翠区,世昌大道268-2号高新欧乐坊B3号楼一层1617号铺位,,,37.504031,122.073811
,肯德基(方邻海汇店),威海,环翠区,理想山小区-1号威海方邻海汇Mall一层入口东临114号铺位,,,37.51705,122.104124
,肯德基(海滨店),威海,环翠区,海滨北路128号面临青岛路一层,,,37.487909,122.134196
,肯德基(文化西路店),威海,环翠区,文化路西路160号盛德大厦一层肯德基有限公司,,,37.527506,122.066591
,肯德基(威高广场餐厅店),威海,环翠区,新威路17-5号负1楼L-150甜品站位于威高一楼肯德基,,,37.50394,122.122208
,肯德基(威海高区九龙汇店),威海,环翠区,大连路155号威海高区九龙汇一层L119号铺位,,,37.508441,122.054625
,肯德基(新和平店),威海,环翠区,和平路8号华联购物广场一层,,,37.502713,122.118264
,肯德基(青岛路店),威海,环翠区,青岛中路128号豪业圣迪广场一层,,,37.423653,122.150065
,肯德基(威海齐鲁商城店),威海,环翠区,环翠区经济开发区齐鲁大道85-1号齐鲁商城一楼肯德基,,,37.417558,122.16317
,肯德基(威海万达广场店),威海,环翠区,仙姑顶路120号威海万达广场一层1001铺位,,,37.4497,122.138055
,肯德基(至海港湾店),威海,环翠区,滨海北路与昆明路交叉路口以东威至港湾项目一层,,,37.505675,122.127225
,肯德基(威海站店),威海,环翠区,华夏路与统一南路交叉口南320米,,,37.426643,122.14364
,肯德基(伴月湾店),威海,环翠区,孙家疃街道半月路伴月湾广场-10-2号,,,37.529204,122.155891
,肯德基(国际海景城店),威海,环翠区,北环海路119-1号(肯悦咖啡旁边),,,37.526572,122.041199
,肯德基(蔄山家家悦店),威海,环翠区,正气路中韩路交界处30号1-2层,,,37.286533,122.072643
,肯德基(国际海景城店),威海,环翠区,怡园街道环海路347号,,,37.526517,122.041267
,肯德基(威海九龙城店),威海,环翠区,大庆路-53号-101威海九龙城休闲购物广场一层L139号铺位,,,37.422804,122.172061
,肯德基(泉乐坊店),威海,环翠区,温泉西路64号,,,37.372546,122.159085
,肯德基(张村高丽亚餐厅),威海,环翠区,张村长江街-23A-1号,,,37.480322,122.029968
,肯德基(外滩餐厅),威海,环翠区,海滨北路128号,,,37.504302,122.126582
,肯德基(东方新天地车速取餐厅),威海,环翠区,文化西路173号东方新天地购物中心1楼,,,37.52606,122.065317
,肯德基(文登大润发店),威海,文登区,昆嵛路西横山路南地块上文登大润发一层,,,37.200139,122.054225
,肯德基(昆嵛店),威海,文登区,文山路36-3号万春百货一二层,,,37.193825,122.055994
,肯德基(樱花湖店),威海,荣成市,悦湖路91号荣成九龙城购物广场一层,,,37.147461,122.469296
,肯德基(成山店),威海,荣成市,成山大道中段荣成大润发一层,,,37.156048,122.435317
,肯德基(文登九龙城店),威海,文登区,文登区经济开发区珠海路67号文登九龙城LG层LG27号铺位,,,37.215676,122.062103
,肯德基逸龙湾餐厅,威海,环翠区,威海临港区台湾路19号逸龙湾家家悦,,,37.320549,122.123643
,肯德基(那香海店)(暂停营业),威海,荣成市,环海大道6699号环海公路临街小木屋,,,37.407767,122.412365
,肯德基(佳华餐厅),威海,荣成市,崖头街道成山大道中段288号楼荣成佳华购物中心一层商业1006号-1009号商铺,,,37.156301,122.420217
,肯德基(市政府家家悦餐厅),威海,荣成市,府西路198号家家悦购物广场市政府店一层P1号铺位总计使用面积为180,,,37.159025,122.48438
,肯德基(商业街店),威海,乳山市,乳山市商业街利群商场一层,,,36.916218,121.547573
,肯德基(乳山九龙汇店),威海,乳山市,新华街九龙汇购物广场,,,36.91045,121.544113
,肯德基(渔人码头店),威海,荣成市,石岛黄海南路118号石岛渔人码头商业街正门北临一层二层,,,36.88514,122.428507
,肯德基(石岛吉兴商场餐厅),威海,荣成市,石岛黄海中路99号石岛吉兴商场一层南入口南邻铺位,,,36.902518,122.417414
,肯德基(乳山银滩金鼎隐秀MALL店),威海,乳山市,银滩金鼎隐秀商贸城,,,36.872566,121.745583
,肯德基(海兴店),威海,环翠区,海滨路西浮发玻璃厂,,,37.43718,122.154325
,肯德基(烟台路店),日照,东港区,烟台路200号新玛特1层,,,35.41459,119.531619
,肯德基(海曲中路店),日照,东港区,大润发(日照店)1层,,,35.417866,119.493311
,肯德基(日照银座店),日照,东港区,北京路与泰安路交汇银座商城一楼肯德基餐厅,,,35.412636,119.52206
,肯德基(日照万达店),日照,东港区,万达广场1019-1020B1021B号商铺联系电话,,,35.432879,119.550181
,肯德基(百货大楼店),日照,东港区,正阳路46号,,,35.425655,119.460048
,肯德基(新合印象城DT店),日照,东港区,秦楼街道学苑路以南烟台路以西新合印象城一层北侧,,,35.449907,119.534608
,肯德基(正德广场店),日照,东港区,太公岛二路和山海天路交口正德广场一层主入口,,,35.449372,119.565726
,肯德基(日照华润万象汇店),日照,东港区,烟台路176号日照万象汇L2层,,,35.420348,119.532326
,肯德基(利群店),日照,东港区,海曲中路76号,,,35.423958,119.470781
,肯德基(日照利群大唐购物广场店),日照,东港区,秦皇岛路113号日照利群大唐购物广场,,,35.394431,119.517887
,肯德基(雁达城DT店),日照,东港区,石臼街道海曲东路288号雁达城一层01-16和01-17,,,35.407931,119.545845
,肯德基(日照天宁保利店),日照,东港区,济南路167号日照银座茂一层1028/1029A号,,,35.427431,119.508858
,肯德基(日照高铁西站店),日照,东港区,东港区经济技术开发区日照西站15米商业夹层RZ-MSH1号商铺,,,35.390597,119.420225
,肯德基(黄海店),日照,东港区,黄海一路海滨三路交会利群商厦一楼,,,35.393525,119.541025
,肯德基(日照海洋公园店),日照,东港区,悦海路与碧海路交叉口西南220米,,,35.432347,119.572082
,肯德基(蓝天广场车速取餐厅),日照,东港区,海曲东路79号蓝天广场4号楼一层112商113-115商铺位,,,35.412017,119.509489
,肯德基(新玛特店),日照,五莲县,解放路182号一层,,,35.751754,119.20568
,肯德基(岚山中路店),日照,岚山区,明珠路101号新玛特购物中心F1层,,,35.118644,119.312839
,肯德基(浮来店),日照,莒县,浮来中路,,,35.579286,118.832378
,肯德基(惠万家店),日照,莒县,日照西路1号惠万家生活广场一层,,,35.606521,118.830099
,肯德基(蓝湾店),日照,莒县,银杏大道与青岛路东侧新世纪蓝湾购物广场一层,,,35.591182,118.86563
,肯德基风味鸡叉骨,日照,岚山区,车庄便民市场熟食区18号,,,35.111816,119.292591
,肯德基(龙湖天街店),莱芜,历下区,奥体西路与礼耕路交叉口西南处龙湖奥体天街(3F层铺位B-3F-08),,,36.668143,117.110122
,肯德基(省博店),莱芜,历下区,经十路,,,36.657333,117.095011
,肯德基(济南万象城店),莱芜,历下区,经十路11111号华润万象城第3层第L367号房屋,,,36.659713,117.099498
,肯德基(银荷店),莱芜,历下区,高新区齐鲁软件园西北新大街以南崇华路以东银荷大厦E座一层,,,36.672939,117.130773
,肯德基(华龙店),莱芜,历城区,华龙路1825号嘉恒商务大厦裙楼一楼,,,36.680487,117.073944
,肯德基(工业南路店),莱芜,历下区,工业南路59号银座购物广场1层(近国际会展中心),,,36.681999,117.121807
,肯德基(高新万达店),莱芜,历下区,贤文片区工业南路以北颖秀路西侧的万达广场2楼2028号,,,36.685854,117.129496
,肯德基(洪山路店),莱芜,历下区,洪山路与旅游路交界口银座购物广场花园店一层,,,36.645032,117.096351
,肯德基(山东建筑大学),莱芜,历城区,凤鸣路1000号校内厚德路1号,,,36.682285,117.185653
,肯德基(体育馆店),莱芜,市中区,经十路124号1层,,,36.645366,117.011035
,肯德基(山大路店),莱芜,历城区,山大路124号一层肯德基餐厅,,,36.674744,117.056274
,肯德基(海蔚店),莱芜,历城区,花园路101号,,,36.684065,117.062339
,肯德基(燕山店),莱芜,历下区,窑头路8号银座商城(燕山店)东馆F1层,,,36.654429,117.076906
,肯德基(经十路店),莱芜,历下区,经十路15785号,,,36.648901,117.05127
,肯德基(大观园店),莱芜,市中区,纬二路49号一层二层肯德基餐厅,,,36.660298,116.997168
,肯德基(荆山路店),莱芜,历下区,荆山路780号仁合商务楼一层,,,36.642833,117.07572
,肯德基(解放路店),莱芜,历下区,历下区中心医院隔壁(解放路105号一层),,,36.666911,117.049275
,肯德基(文东店),莱芜,历下区,文化西路1号,,,36.655581,117.037383
,肯德基(汉峪金谷店),莱芜,历城区,高新区经十路与舜华南路交汇处东南角汉峪金谷峪悦里A2区B1层,,,36.658589,117.145174
,肯德基(智育谷店),莱芜,历下区,和平路47号城基3期B1层1-2层,,,36.661551,117.049729
,肯德基(天环中心·星光汇店),莱芜,历下区,杨柳路与奥体西路交叉口东南140米(八涧堡地铁站E口旁),,,36.702585,117.104595
,肯德基(宽厚里店),莱芜,历下区,泉城路26号济南历下世茂广场东座1F层,,,36.664245,117.031933
,肯德基(华信店),莱芜,历城区,花园路78号华信购物广场,,,36.687703,117.082436
,肯德基(山大路店),莱芜,历城区,山大路124号一层,,,36.674737,117.056273
,肯德基(乐活港店),莱芜,市中区,ccpark乐活港,,,36.605129,117.02308
,肯德基(玉泉店),莱芜,历下区,泺源大街68号,,,36.660095,117.027873
,肯德基(万虹店),莱芜,历城区,工业北路60号万虹广场F1层,,,36.71696,117.132474
,肯德基(星艺佳店),莱芜,天桥区,清河路以北历黄路东侧的星艺佳生活广场一层,,,36.703724,117.035645
,肯德基(瑞泰大厦店),莱芜,历下区,解放东路13-2号L1层,,,36.662635,117.107799
,肯德基(龙湖北宸天街店),莱芜,历城区,凤凰路以西、工业北路北侧龙湖济南北宸天街购物中心负一层商铺号A栋-B1-37、38,,,36.721412,117.144008
,肯德基(北园大街店),莱芜,天桥区,北园大街225号红星美凯龙一层,,,36.690911,117.045324
,肯德基(经四路店),莱芜,市中区,纬一路以东经二路以南面向经四路的魏家庄万达商业广场东侧二层、三层,,,36.662985,117.004136
,肯德基(经十西店),莱芜,槐荫区,经十路23606-2号,,,36.648238,116.967706
,肯德基(融创店),莱芜,历城区,融创茂广场号商铺商场内餐厅,,,36.672037,117.200046
,肯德基(济南新泉城店),莱芜,历下区,泉城路185号新华书店一层二层,,,36.66516,117.024065
,肯德基(北园店),莱芜,天桥区,北园大街483号北园银座购物广场一层,,,36.685016,117.013365
,肯德基(中海富华里店),莱芜,历城区,华山片区光华大道以西丰华路以南前王路以北西B-2地块中海富华里北里1号2号3号号楼1层铺位号143-144-145,,,36.721665,117.057862
,肯德基(齐鲁科技金融大厦店),莱芜,历下区,虞舜街10号L1层铺位号(51-01),,,36.678107,117.107583
,肯德基(文体中心店),莱芜,历下区,兴港路中段北侧历下文体档案一层,,,36.675793,117.16765
,肯德基(中铁逸都店),莱芜,历城区,凤凰路6700号F1层,,,36.650838,117.15881
,肯德基(济高珑悦府DT店),莱芜,历下区,珑悦府B区西北侧L1层,,,36.691129,117.112588
,肯德基(银座新辰天地),莱芜,历城区,唐冶中路5199号银座新辰天地G层029,,,36.672867,117.224941
,肯德基(河王暖阳店),莱芜,槐荫区,经十路22799号银座中心一侧步行街入口处F1层126B商铺与F2层221商铺,,,36.649104,116.977492
,肯德基(金牛店),莱芜,天桥区,无影山北路南首东侧鑫福盛大厦一层二层肯德基,,,36.696689,116.977685
,肯德基(港西路店),莱芜,历城区,历城区高新区港兴三路北段未来创业广场A116,,,36.668487,117.224396
,肯德基(西苑),莱芜,天桥区,无影山中路100号(近西苑小区对面),,,36.683146,116.969415
,肯德基(高新绿城玉兰花园·润园店),莱芜,历城区,汉峪中路789号绿城玉兰花园3号楼一层铺位号102号,,,36.638375,117.141125
,肯德基(英雄山路),莱芜,市中区,六里山街道英雄山路165号幢10-A2号商铺,,,36.612625,117.005075
,肯德基(嵩山广场餐厅),莱芜,历城区,经十路7000号汉峪金融商务中心四区互联网大厦1A-212号,,,36.661219,117.148794
,肯德基(堤口店),莱芜,天桥区,堤口路80号1层(济南站北地铁站E口步行440米),,,36.674902,116.981495
,肯德基(会展店),莱芜,市中区,舜耕路28号,,,36.635556,117.023654
,肯德基(云泉中心店),莱芜,历城区,凤凰路5055号云泉中心一层L120L121号,,,36.665817,117.148503
,肯德基(荣祥店),莱芜,槐荫区,济兖路165号世购服装广场华联超市1楼,,,36.653062,116.921773
,肯德基(济微路店),莱芜,市中区,南辛庄西路320-13号华联超市1层,,,36.619265,116.95817
,肯德基(阳光新路店),莱芜,市中区,阳光新路69号银座购物广场鸿园店F1层,,,36.630898,116.982601
,肯德基(湖光里餐厅),莱芜,历下区,龙驰路1600号湖光里商业中心1层(105-1),,,36.633338,117.114668
,肯德基(苹果城店),莱芜,历下区,历山路118号文华园底层商业苹果城地下一层和一层的房产,,,36.659047,117.039189
,肯德基(印象济南店),莱芜,槐荫区,青岛路2668号印象济南泉世界一层,,,36.675691,116.908743
,肯德基(济泺路店),莱芜,天桥区,济泺路87-1号太阳城一,,,36.702125,116.993554
,肯德基(城发盛唐荟店),莱芜,历城区,唐冶西路以东贞元街以北城发盛唐荟一层,,,36.703358,117.220912
,肯德基(荣盛时代国际店),莱芜,历城区,北园大街9号荣盛时代国际B座一层临大润发,,,36.702571,117.062016
,肯德基(王舍人店),莱芜,历城区,工业北路28号,,,36.720041,117.155952
,肯德基(县西巷店),莱芜,历下区,县西巷5号,,,36.670118,117.028126
,肯德基(首创奥莱店),莱芜,历城区,唐冶片区唐冶东路西侧世纪大道北侧首创奥莱F2,,,36.691833,117.232941
,肯德基(复利广场店),莱芜,槐荫区,魏华西路以南腊山西路以东复利广场1层W129-1号,,,36.627275,116.901575
,肯德基(晶都店),莱芜,市中区,顺河东街银座晶都国际大厦1号楼一层,,,36.661025,117.007225
,肯德基(济南西部百联店),莱芜,槐荫区,海那城百联奥特莱斯广场一层B136/1商铺,,,36.71752,116.921738
,肯德基(玉函银座店),莱芜,历下区,经十路19288号鲁商广场地下一层,,,36.646115,117.014994
,肯德基(浪潮科技园外卖站),莱芜,历下区,浪潮科技园区06号楼B1层,,,36.662362,117.129498
,肯德基(东陈路店),莱芜,历城区,东陈路与君授路交汇处人民政府华山街道办事处圣豪商业街一层商铺号P04-101,,,36.738814,117.07159
,肯德基(东城逸家餐厅),莱芜,历城区,东城逸家逸贤园一区舜义路1976号一层部分商铺及1078号商铺,,,36.650468,117.145751
,肯德基(山水店),莱芜,市中区,二七新村南路9号,,,36.631427,116.990593
,肯德基(济南东站店),莱芜,历城区,坝王路高铁济南东站JND-CY-06号场地,,,36.747137,117.160036
,肯德基(出版大厦),莱芜,市中区,经十路山东出版智能产业大厦一层东北角,,,36.648265,116.987254
,肯德基(小清河大润发店),莱芜,天桥区,生产北路和小清河南路交叉口以南,,,36.701325,117.017225
,肯德基甜品站(玉函路店),莱芜,历下区,经十路106号映日湖北岸,,,36.645486,117.019816
,肯德基(领秀城店),莱芜,市中区,鲁能领秀城C区中心商业街华联家悦超市东邻,,,36.594373,117.010151
,肯德基(书苑餐厅),莱芜,市中区,二环南路和舜耕路交叉口西北角书苑广场一层,,,36.597913,117.010643
,肯德基(长清大学城店),莱芜,长清区,紫薇路2567号西城泉盈酒店一层,,,36.556625,116.819493
,肯德基(望岳路店),莱芜,市中区,望岳路1777号唐人中心一区东200米,,,36.587366,116.996374
,肯德基(力高·澜湖郡店),莱芜,天桥区,药山街道粟山路69号澜湖郡14号楼101,,,36.699064,116.947276
,肯德基(幸福街),莱芜,槐荫区,幸福街19号,,,36.676005,116.947279
,肯德基(玖玺广场餐厅),莱芜,历下区,经十路以北凤山路以西银丰玖玺广场一层(L118),,,36.674002,117.15438
,肯德基(东关大街DT店),莱芜,历下区,东关大街9号海右商厦一层,,,36.678561,117.044155
,肯德基(东部百联店),莱芜,历城区,济南市高新东区孙村片区春晖路6777号A150商铺,,,36.675292,117.291266
,肯德基(中海国际店),莱芜,市中区,泉海路中海国际便民服务中心,,,36.600325,116.977025
,肯德基(仲宫龙山路),莱芜,历城区,仲宫镇龙山路27号,,,36.500881,117.024066
,肯德基(济南西环车速取餐厅),莱芜,市中区,二环西路10266号院内11号仓库物业一层店铺号LHB-1,,,36.63512,116.934912
,肯德基(经七纬一KFC餐厅),莱芜,市中区,经七路107号一层,,,36.656945,117.002527
,肯德基(济南西客站出发层店),莱芜,槐荫区,济南西站出站大厅,,,36.668532,116.890911
,肯德基(省青少年宫),莱芜,市中区,经十一路纬二路交叉口,,,36.645905,116.997553
,肯德基(正安路店),莱芜,济阳区,正安路以东富阳路以北济南华百电影文化广场一层的房产,,,36.968078,117.175555
,肯德基(双山店),莱芜,章丘区,区双山大街鲁宏大道交界口明珠时代广场一层肯德基,,,36.700491,117.531463
,肯德基(肯律轻食经十路餐厅),莱芜,历下区,经十路15785号,,,36.648923,117.051231
,肯德基(山泉路店),莱芜,章丘区,山泉路以南原粮食局以西维华商业广场一层的房产,,,36.711014,117.533683
,肯德基(大明湖鹊华居餐厅),莱芜,历下区,大明湖路5号鹊华广场西侧,,,36.673497,117.032936
,肯德基(阳光100美乐汇),莱芜,槐荫区,阳光新路19/23号阳光壹佰美乐汇一层102A-1,,,36.636875,116.982525
,肯德基(济南遥墙机场店),莱芜,历城区,济南遥墙机场国内到达A区出口旁,,,36.852566,117.213661
,肯德基(济南站售票厅西首店),莱芜,天桥区,车站街19号济南站2层候车厅,,,36.670722,116.990968
,肯德基(山东财经大学圣井校区店),莱芜,章丘区,经十东路18602号,,,36.670914,117.373487
,河王暖阳肯德基,莱芜,槐荫区,济兖路569-4号,,,36.639879,116.854964
,肯德基(弘阳广场店),莱芜,槐荫区,兴福寺路济南弘阳广场一层,,,36.673855,116.908305
,肯德基(济南遥墙机场出发层店),莱芜,历城区,济南遥墙国际机场T1航站楼2F出发层安检一区入口,,,36.850015,117.213399
,肯德基(济南泺口商贸中心餐厅),莱芜,天桥区,济泺路64号泺口服装城商贸中心一层,,,36.706225,116.996125
,肯德基(大岳商城餐厅),莱芜,章丘区,文汇路以南金盛花园东区以西大岳商城L1层西北角,,,36.670852,117.523017
,肯德基(榆山路店),莱芜,平阴县,榆山路以西黄河路以东翠屏街以北茂昌银座新天地一期东部综合体101号商铺一层102号的房产,,,36.284566,116.45556
,肯德基(红石店),莱芜,莱芜区,文化南路8号银座一层二层,,,36.21133,117.677353
,肯德基(山师大长清湖校区店),莱芜,长清区,山东师范大学长清湖校区第二食堂,,,36.542893,116.830045
,肯德基(花园路店),莱芜,莱芜区,莱芜汶源大街以北花园北路以西一层,,,36.22178,117.684439
,肯德基(名景台餐厅),莱芜,槐荫区,腊山河西路与聊城路交叉口东北角济南佳乐家超市一层西北角,,,36.685677,116.908933
,肯德基(商河爱琴海店),莱芜,商河县,商中路和银河路交叉口西南角一层,,,37.298829,117.157938
,肯德基(创新谷晶格广场店),莱芜,长清区,海棠路8366号齐鲁创新谷晶格广场3号楼一层,,,36.508744,116.80772
,肯德基(刁镇中心大街),莱芜,章丘区,中心大街与北园路交叉口西南120米,,,36.883898,117.512936
,肯德基(闫千户华联店),莱芜,槐荫区,"段兴东路3号华联超市一层,铺位号为02号",,,36.660433,116.947003
,肯德基炸鸡(金牛小区北区店),莱芜,天桥区,金牛小区北区18号楼东门西50米,,,36.698659,116.979859
,肯德基(章丘正信楼店),莱芜,章丘区,汇泉路4566号银冠台湾不夜城六期正信楼商业一层,,,36.719775,117.508507
,肯德基(莱芜鲁商广场店),莱芜,莱芜区,龙潭西大街138号一层莱芜赢昊财富广场餐厅,,,36.226869,117.668194
,肯德基炸鸡店(东亚商业街店),莱芜,长清区,畜牧局西邻,,,36.557752,116.745594
,肯德基(莱芜钢城店),莱芜,钢城区,银座商城钢城店北门旁,,,36.066478,117.833218
,长宏肯德基门,莱芜,历城区,忠意花园东南门东160米,,,36.502191,117.021707
,长清大学城KFC,莱芜,长清区,张衡路与紫薇路交叉口西北20米,,,36.557125,116.819775
,肯德基(明珠店),莱芜,长清区,大学路1088号,,,36.557644,116.768177
,肯德基车速取餐点(万科新街坊店),莱芜,历下区,奥体西路2377号L1层,,,36.684695,117.107808
,肯德基车速取餐点(济南新泉城店),莱芜,历下区,泉城路185号新华书店一层二层,,,36.665164,117.023928
,肯德基车速取餐点(力高·澜湖郡店),莱芜,天桥区,药山街道粟山路69号,,,36.699087,116.947229
,济南市肯德基门•感应门•玻璃隔断批发厂,莱芜,天桥区,北马鞍山路与袁家庄西路交叉口西北220米,,,36.703112,116.972082
,肯德基门,莱芜,莱芜区,317省道与241省道交叉口东140米,,,36.453525,117.476113
,自动门肯德基门,莱芜,济阳区,纬四路与华阳路交叉口东160米,,,36.984615,117.193576
,济南肯德基门玻璃门自动门加工厂,莱芜,天桥区,清河北路黄台装饰材料批发市场北区,,,36.707941,117.040614
,泽昊肯德基隔热断桥门窗,莱芜,商河县,商展路董家桥东88米,,,37.305816,117.186691
,自动门伸缩门工业门肯德基门车牌识别系统门禁系统,莱芜,天桥区,济洛路154号院A区169号,,,36.683032,116.997992
,盛鸿肯德基门铜铝门,莱芜,商河县,利民街与兴隆街交叉口东120米,,,37.325163,117.159884
,肯德基(北城大润发店),临沂,兰山区,天津路与汶河路交汇处西南角大润发人口西侧,,,35.109122,118.357914
,肯德基(蒙山大道店),临沂,兰山区,蒙山大道与北园路交汇处大润发一层,,,35.084808,118.31441
,肯德基(通达路店),临沂,兰山区,北园路36号,,,35.081654,118.328616
,肯德基(东兴店),临沂,河东区,东兴路与人民大街交汇处东北角豪森国际广场一层肯德基,,,35.084956,118.397756
,肯德基(临沂北城万达店),临沂,兰山区,北城万达广场内1层南端(2号门正对过),,,35.106736,118.355046
,肯德基(金雀山店),临沂,兰山区,金雀山路71号沂蒙大楼西侧沿街,,,35.05148,118.34342
,肯德基(临沂滨河万达店),临沂,兰山区,王庄路1号滨河万达2号门肯德基,,,35.112771,118.311254
,肯德基(琅琊王路店),临沂,兰山区,解放路西段与临西七路交汇处华强陶瓷市场一号,,,35.06741,118.301066
,肯德基(齐鲁园店),临沂,兰山区,济南路与孝河路交汇齐鲁园广场一层,,,35.113124,118.356577
,肯德基(临沂大学店),临沂,兰山区,滨河路北段西侧临沂大学东门华仁高尔夫商业广场一层,,,35.127046,118.294038
,肯德基(临沂华润万象汇店),临沂,兰山区,华润万象汇第三层L363号商铺,,,35.056704,118.341821
,肯德基(颐高上海街店),临沂,兰山区,沂蒙北路75号,,,35.109033,118.34478
,肯德基(临沂新城吾悦店),临沂,河东区,新城吾悦广场1069号商铺,,,35.080312,118.393181
,肯德基(泰盛广场店),临沂,兰山区,通达路与解放路交汇处东北角泰盛购物广场(中汇广场)负一层、一层、六层,,,35.066575,118.330633
,肯德基(宝泉路店),临沂,罗庄区,宝泉路与罗五路交汇处东北角宝丽财富广场西南角一层,,,34.972772,118.286207
,肯德基(半程店),临沂,兰山区,东程路205号,,,35.244779,118.310505
,肯德基(常华店),临沂,临沭县,中山北路1号一层二层,,,34.914917,118.643907
,肯德基(义堂九州店),临沂,兰山区,义堂镇驻地327国道与老俄黄路的交汇处九州购物广场义堂店,,,35.14428,118.24345
,肯德基(开元国际店),临沂,兰陵县,兰陵路45号开元国际商城兰陵店F1层,,,34.856142,118.05105
,肯德基(建设路店),临沂,费县,建设路和悦广场1-2层,,,35.270895,117.968485
,肯德基(君悦店),临沂,沂南县,人民路以北历山路以西阳都国际一层的房产,,,35.550716,118.456311
,肯德基(临沂服务区店),临沂,兰山区,规划路与滨河路交叉口西南340米,,,35.169222,118.252036
,肯德基(双月餐厅店),临沂,罗庄区,通达南路与双月湖路交汇处,,,34.990656,118.297245
,肯德基(隆山路店),临沂,莒南县,隆山路中段西侧乐尚购物中心1-2层,,,35.176613,118.83594
,肯德基(郯城鲁商城市广场DT店),临沂,郯城县,府西路28号L1层,,,34.614193,118.387303
,肯德基,临沂,兰陵县,兰陵路45号开元国际商城(兰陵店),,,34.855137,118.050516
,肯德基(兰陵万达广场店),临沂,兰陵县,兰陵路与崇文路交汇,,,34.853686,118.088754
,肯德基(探沂餐厅),临沂,费县,S229天翔紫金新城,,,35.20088,118.14261
,肯德基(梅埠九州),临沂,河东区,沂河新区梅埠街道九州超市月亮湾店一层A04号,,,34.962234,118.432721
,肯德基(郯东路店),临沂,郯城县,人民路与郯东路交汇处银都购物中心一层,,,34.61485,118.353106
,肯德基(金果时尚购物广场店),临沂,河东区,观唐街金果时尚购物广场汤泉店一层,,,35.266449,118.509633
,肯德基(金雀山路万达店),临沂,兰山区,"金雀山路1号万达广场1F-1012,1F-1013",,,35.052801,118.363068
,肯德基(九州商业大厦店),临沂,蒙阴县,新城路105号九州商业大厦,,,35.710186,117.945431
,肯德基(平邑浚河路店),临沂,平邑县,浚河路和汉阙路交汇处华百购物中心一二层,,,35.506982,117.641489
,肯德基(财富中心店),临沂,沂水县,沂蒙山路与府前街交汇西北角,,,35.784318,118.625592
,吉祥肯德基门,临沂,郯城县,新东马物流城南侧60米,,,34.594906,118.342793
,断桥肯德基,临沂,沂水县,月安水饺有限公司西侧,,,36.041325,118.938575
,开元国际KFC,临沂,兰陵县,兰陵路与文化路交叉口西北100米,,,34.856725,118.051625
,翔宇肯德基门(蒙山大道店),临沂,兰山区,蒙山大道与北园路交叉口南160米,,,35.081889,118.314096
,肯德基门,临沂,兰山区,白新线南侧,,,35.187321,118.327326
,肯德基门(临西十一路店),临沂,兰山区,大山路与临西十一路交叉口东300米,,,35.102125,118.271075
,肯德基门平开窗,临沂,河东区,东兴路与中昇大街交叉口西南140米,,,35.108327,118.410417
,专产肯德基门,临沂,罗庄区,高架路豪德陶瓷建材装饰城内,,,35.030148,118.309228
,肯德基车速取餐点(苏宁广场店),临沂,兰山区,红旗路与沂蒙路交汇处西北角红旗路北,,,35.063486,118.344089
,嘉盾肯德基门配件,临沂,兰山区,铝型材市场D区6号,,,35.100272,118.268921
,批发肯德基门,临沂,临沭县,华丰街9号,,,34.905722,118.696941
,方正肯德基门厂,临沂,郯城县,宏达装饰城B区16号,,,34.597486,118.344911
,凯米特肯德基门型材,临沂,兰山区,临西十一路与北京路交叉口东南360米,,,35.099862,118.270776
,批发肯德基门(万和丽景园店),临沂,莒南县,东环路万和丽景园东南侧约150米,,,35.185944,118.864081
,兴达肯德基门,临沂,郯城县,郯西路与皇亭路交叉口北160米,,,34.604067,118.341334
,肯德基门业,临沂,蒙阴县,刘洪路与古城路交叉口西南40米,,,35.711712,117.926709
,卷帘门肯德基门,临沂,兰陵县,玉康门业东南侧,,,34.987152,118.098408
,肯德基平开断桥重型推拉门,临沂,河东区,临沂鼎锻智能装备有限公司北侧50米,,,35.180003,118.536928
,批发卷帘门肯德基门曹杨门业,临沂,平邑县,仲子路与兴水路交叉口北100米,,,35.505423,117.623593
,系统门窗肯德基门办公隔断私家定制,临沂,莒南县,红菊加油站东侧150米,,,35.122285,118.67826
,肯德基(天衢店),德州,德城区,德兴北路2号,,,37.456084,116.321033
,肯德基(大学路银座店),德州,德城区,银座商城1层,,,37.470631,116.311895
,肯德基(澳德乐店),德州,德城区,新兴路以东104国道以南的澳德乐时代广场一层东AD003商铺,,,37.428957,116.367304
,肯德基(德百铁西店),德州,德城区,东风西路299号德百运河广场一层,,,37.445202,116.282818
,肯德基(德州奥莱店),德州,德城区,德城区经济技术开发区宋官屯街道办事处晶华大道南1099号德百奥莱广场A座A013号,,,37.416369,116.380074
,肯德基(湖滨店),德州,德城区,湖滨中大道118德州百货大楼1层,,,37.444358,116.308355
,肯德基(德州万达店),德州,德城区,湖滨大道669号万达广场内1063/1065/2069B/2070B号商铺,,,37.428997,116.311049
,肯德基(信业商厦店),德州,陵城区,南环路南侧政府路西侧信业商厦一层铺位号为1F-028号,,,37.3218,116.57287
,肯德基(桃园大街店),德州,平原县,德百广场,,,37.173463,116.468968
,肯德基(华宇工学院店)(暂停营业),德州,德城区,大学东路968号一层铺位号1-09,,,37.462942,116.356284
,肯德基(广运街店),德州,武城县,向阳路北首武城德百广场一楼,,,37.227477,116.078106
,肯德基(迎宾店),德州,临邑县,迎宾路200号荣盛购物中心一层,,,37.190841,116.870576
,肯德基(禹城德百店),德州,禹城市,禹城德百广场(迎宾大道店),,,36.955825,116.676475
,肯德基(通衢店),德州,禹城市,汉槐街以北通衢路以西新时代购物广场一二层的房产,,,36.927045,116.655301
,肯德基(宁津德百店),德州,宁津县,黄河大街与正阳路交汇处宁津德百广场,,,37.631148,116.791131
,肯德基(泰和街店),德州,夏津县,银山路以西泰和街以北的夏津德百广场一层,,,36.955247,115.9887
,肯德基(五洲大道店),德州,乐陵市,五洲大道路乐陵德百广场一层,,,37.722489,117.184947
,肯德基(世纪路店),德州,齐河县,齐鲁大街西首路南世纪路西侧德百新时代购物中心一层,,,36.788836,116.739426
,肯德基(齐河万达店),德州,齐河县,万达广场内号商铺一楼1号门,,,36.773332,116.764459
,肯德基(庆云昆仑店),德州,庆云县,开元大街2088号,,,37.767717,117.393162
,肯德基(柳园店),聊城,东昌府区,柳园南路新时代南广场一层,,,36.443531,115.989227
,肯德基(新东昌店),聊城,东昌府区,东昌东路139号建工大厦一层的房产,,,36.457858,115.989809
,肯德基(聊城银座店),聊城,东昌府区,柳园南路19号聊城银座商城一层铺位号为0027号,,,36.44965,115.988028
,肯德基(聊城大润发店),聊城,东昌府区,东昌路以南聊城公园以北的中央丽都商业楼大润发超市一层总计建筑面积为258平方米房产,,,36.456982,116.002462
,肯德基(乐华城餐厅),聊城,东昌府区,兴华西路北金柱绿城小区39号商业楼一层S39-1号临街商铺,,,36.461803,115.962202
,肯德基(聊城万达店),聊城,东昌府区,万达广场东门1号入口北临1050号商铺,,,36.478793,115.98735
,肯德基(当代DT店),聊城,东昌府区,东昌路北中华路东北当代国际广场展示中心,,,36.458415,116.044227
,肯德基(中心街店),聊城,茌平区,中心路京都国际64号一层二层,,,36.584112,116.256254
,肯德基(民生壹号广场店),聊城,东昌府区,昌润路与湖南路交汇处民生壹号广场一层铺位号1-018,,,36.42455,115.94859
,肯德基(谷山路店),聊城,阳谷县,[],,,36.117878,115.79119
,肯德基(华盛邻里中心店),聊城,东昌府区,华盛超市孟达邻里中心,,,36.414318,116.008818
,肯德基(月季里特色文旅街区店),聊城,东昌府区,长江路中华路交叉口东南角月季里特色文旅街区一层铺位号6-101,,,36.437074,116.04381
,肯德基(金柱大学城店),聊城,东昌府区,"利民东路南金柱大学城小区59号楼1层,铺位号为A-06号",,,36.447324,116.01597
,肯德基(前进街店),聊城,东阿县,紫金城购物广场1层,,,36.348152,116.251743
,肯德基(大众路店),聊城,临清市,新开街8号金鼎百货临清店F1层,,,36.844964,115.706123
,肯德基(燕塔鑫街),聊城,莘县,振兴街中段北侧,,,36.238722,115.669525
,肯德基(冠县冠百店),聊城,冠县,冠百购物广场一层,,,36.481306,115.441984
,肯德基(高唐财富广场店KFC),聊城,高唐县,财富广场一层二层,,,36.871364,116.233928
,肯德基(紫云府DT店),聊城,临清市,天雨置业紫云府,,,36.826357,115.728629
,肯德基(渤海店),滨州,滨城区,黄河七路326号银座奥特莱斯F1层,,,37.387825,117.9643
,肯德基(渤海十路店),滨州,滨城区,渤海十路719号银座商城黄河店F1层,,,37.38194,118.000937
,肯德基(滨州万达店),滨州,滨城区,黄河十二路以南渤海十一路以西的万达广场内1039-1050号商铺,,,37.404411,117.995567
,肯德基(滨州爱琴海店),滨州,滨城区,黄河十二路与新立河东路交叉口东南角,,,37.40514,117.992654
,肯德基(滨州新城吾悦广场店),滨州,滨城区,渤海十八路与长江二路交叉口南380米,,,37.353632,117.956463
,肯德基(乐安大街店),滨州,博兴县,博城一路与乐安大街交汇处西北天元购物广场一层肯德基,,,37.158399,118.118275
,肯德基(滨州银座茂餐厅),滨州,滨城区,滨州银座茂南门西侧,,,37.380822,117.952244
,肯德基(博城店),滨州,博兴县,博城五路367号博百购物广场1层,,,37.142138,118.131658
,肯德基(棣新店),滨州,无棣县,棣新一路27号圣豪百货部分一层二层,,,37.741625,117.609375
,肯德基(圣豪店),滨州,惠民县,南门大街213号(东侧故园南路南侧)房屋一层二层,,,37.482865,117.510214
,肯德基(阳城店),滨州,阳信县,阳城六路与河东一路交叉口,,,37.630451,117.592543
,肯德基(会仙路店),滨州,邹平市,会仙一路圣豪购物开发区店一层,,,36.874169,117.761039
,肯德基(博兴爱琴海店),滨州,博兴县,博兴碧乐城F1-001,,,37.139152,118.103717
,肯德基(邹平圣豪购物中心店),滨州,邹平市,黄山二路圣豪时尚广场东南侧约30米,,,36.882879,117.737725
,肯德基(鼎烁广场店),滨州,沾化区,富国路与徒骇河东交叉口鼎烁广场一层,,,37.69189,118.115166
,肯德基(圣豪悠乐里店),滨州,邹平市,市鹤伴四路与醴泉五路交叉口东南角地块被称为圣豪悠乐里〞的22号楼一层部分,,,36.851111,117.752129
,肯德基(阳信圣豪购物中心店),滨州,阳信县,阳城四路655号圣豪购物广场一层001铺,,,37.641448,117.579493
,肯德基(兴福镇兴隆餐厅),滨州,博兴县,兴福镇皇冠路幸福广场兴隆超市,,,37.032035,118.253456
,肯德基(时代店)(装修中),滨州,滨城区,渤海七路601号,,,37.377758,118.01766
,肯德基门断桥铝门窗,滨州,滨城区,黄河七路与黄河八路交叉口西260米,,,37.393172,118.101077
,肯德基车速取餐点(时代店),滨州,滨城区,渤海七路601号时代超级购物中心一层门口停车场,,,37.377828,118.01756
,肯德基门百叶隔断,滨州,滨城区,黄河二路750号,,,37.371428,118.031178
,肯德基(牡丹店),菏泽,牡丹区,中华路686号银座商城地上一层,,,35.231728,115.48747
,肯德基(和平店),菏泽,牡丹区,新苏天美东1门南60米,,,35.229974,115.48541
,肯德基(菏泽南华餐厅店),菏泽,牡丹区,中华路39-6号茂业百货1层,,,35.233439,115.483242
,肯德基(菏泽万达店),菏泽,牡丹区,长江东路1266号菏泽万达广场F1层1002,,,35.224712,115.4762
,肯德基(佳和城店),菏泽,牡丹区,牡丹路与中华路交叉口的佳和城购物中心负一层及一层店铺号B102+116,,,35.23409,115.463049
,肯德基(世玺大厦餐厅),菏泽,牡丹区,开发区人民路1399号中央公馆三期六号楼一单元麦迪隆超市一层,,,35.246327,115.497756
,肯德基(祥泰广场店),菏泽,定陶区,青年路与崇文路交汇星悦城1001号,,,35.098167,115.564016
,肯德基(青菏路店),菏泽,曹县,万基广场,,,34.836398,115.550751
,肯德基(五四路店),菏泽,东明县,五四路中段汇够广场L1层,,,35.293239,115.105306
,肯德基(郓城鲁商银座店),菏泽,郓城县,忠义路以南胜利街以西郓城鲁商银座广场号一层,,,35.587479,115.941642
,肯德基(巨野新天地店),菏泽,巨野县,麒麟大道164号,,,35.391774,116.091371
,肯德基(成武银座商城店),菏泽,成武县,文亭街道千里马路002号,,,34.958003,115.868207
,肯德基(禹王路店),菏泽,鄄城县,人民街与禹王路交叉口西南角鄄城茂都购物广场一层,,,35.562711,115.512548
,肯德基风味,菏泽,牡丹区,舜秀路与人民路交叉口西60米,,,35.169318,115.495942
,肯德基(湖西路店),菏泽,单县,环亚商城市中店1层,,,34.790054,116.083265
,肯德基(舜师路店),菏泽,单县,单县开发区舜师路东段路北环亚府东商城一层,,,34.77765,116.110183
,肯德基玻璃门,菏泽,曹县,大集镇淘宝产业园东北侧120米,,,34.748387,115.631059
,肯德基(舜师路咖啡店),菏泽,单县,舜师路东段路北环亚府东商城一层东南侧,,,34.777676,116.111761
,前屯肯德基风味,菏泽,牡丹区,前屯中心街丁字路口北20米路东,,,35.303489,115.676502
,肯德基风味店(S327餐厅),菏泽,鄄城县,327省道北30米,,,35.479533,115.597328
,肯德基风味十元一斤送半斤(六厂明大店),菏泽,东明县,陆圈镇采油六厂明大购物东邻,,,35.276347,115.17771
,肯德基甜品站(育才路店),菏泽,牡丹区,长江东路1266号菏泽牡丹万达广场F3层,,,35.224401,115.475123
,肯德基车速取餐点(菏泽大润发店),菏泽,牡丹区,牡丹路与黄河路交叉口大润发黄河路地上停车场,,,35.258897,115.468507
,金达肯德基门批发,菏泽,牡丹区,淮河路东段,,,35.247638,115.613085
,肯德基车速取餐点(金城时代广场店)(暂停营业),菏泽,曹县,世纪大道南金城时代广场一楼,,,35.005064,115.196092
,肯德基门商务门,菏泽,曹县,242省道与许单路交叉口东北260米,,,34.805589,115.840745
,良友肯德基门批发,菏泽,巨野县,金港路与前进路交叉口东460米,,,35.364143,116.096473
,肯德基(徐州花园城店),徐州,云龙区,昆仑大道和汉风路交叉口A9号地块招商花园城一层,,,34.208473,117.279679
,肯德基(美的乐城店),徐州,鼓楼区,下淀路260号1层(金山桥地铁站2号口步行450米),,,34.291669,117.234259
,肯德基(徐州金山店),徐州,泉山区,解放南路26三胞国际广场F1层,,,34.223116,117.194102
,肯德基(徐州弘阳店),徐州,泉山区,湖北路1号新盛弘阳广场街区1层D-1018-1019号,,,34.248068,117.178667
,肯德基(徐州铜山万达店),徐州,铜山区,北京北路19号万达广场(徐州铜山店)1F层,,,34.190159,117.187829
,肯德基(绿地缤纷城店),徐州,云龙区,汉风路绿地缤纷城一层,,,34.213885,117.281531
,肯德基(徐州复兴店),徐州,鼓楼区,复兴北路27号徐州和信宝龙广场A区F1层,,,34.268435,117.202909
,肯德基(徐州云龙万达店),徐州,云龙区,庆丰路与和平路交叉口万达广场2楼东北角,,,34.253827,117.247247
,肯德基(振兴DT店),徐州,贾汪区,城东大道辅路与振兴大道交叉口东60米,,,34.270454,117.28663
,肯德基(徐州环球港店),徐州,贾汪区,徐海路8号淮海环球港F1层,,,34.268662,117.273513
,肯德基(世茂大润发店),徐州,云龙区,郭庄路99号世茂广场1层,,,34.241942,117.22468
,肯德基(徐州泉山大润发店),徐州,泉山区,北京路与欣欣路交叉口大润发超市1层,,,34.200703,117.194587
,肯德基(徐州晴朗谷店),徐州,泉山区,三环南路27号晴朗谷广场5号楼1-101一楼肯德基,,,34.21347,117.183323
,肯德基(徐州华联店),徐州,鼓楼区,淮海东路51号华联大厦A座1层,,,34.263907,117.189453
,肯德基(大福源店),徐州,泉山区,建国西路大润发1层,,,34.258142,117.165399
,肯德基(徐州金地商都店),徐州,鼓楼区,中山北路6号金地商都一期一层,,,34.268192,117.186006
,肯德基(淮海店),徐州,泉山区,淮海西路252号(苏堤路地铁站5号口步行230米),,,34.263725,117.165825
,肯德基(泰山店),徐州,泉山区,解放南路延长段28号卜蜂莲花1楼,,,34.22195,117.19542
,肯德基(徐州云龙爱琴海店),徐州,云龙区,和平路以北三环东路以东爱琴海购物公园(F1019-1020)号商铺,,,34.252767,117.235826
,肯德基(淮海新天地店),徐州,泉山区,新淮海西路与二轻路交口东北角,,,34.263285,117.147232
,肯德基(徐州工程学院店),徐州,云龙区,丽水路2号徐州工程学院第一食堂一层,,,34.194542,117.297559
,肯德基(徐州矿大店)(暂停营业),徐州,铜山区,大学路1号1层,,,34.213345,117.139683
,肯德基(万马奔腾店),徐州,鼓楼区,中山北路南侧君盛广场1号一层可达鸭已售罄,,,34.295729,117.191856
,肯德基(壹方城店),徐州,铜山区,大学路壹方城一层,,,34.204551,117.142047
,肯德基(徐州市第一人民医院),徐州,铜山区,大学路269号,,,34.190754,117.132708
,肯德基(徐州医科大学店),徐州,云龙区,铜山路209号徐州医科大学主校区第一食堂一层,,,34.259183,117.254608
,肯德基(荣盛城店),徐州,泉山区,麓山荣郡A区北门旁,,,34.257647,117.133637
,肯德基(小韩商业中心餐厅),徐州,云龙区,紫金路以北新元大道东小韩商业中心1层103-104铺位,,,34.223579,117.303014
,肯德基(徐州金龙湖外卖点),徐州,贾汪区,经济开发区龙湖东路6号金龙湖新天地,,,34.262796,117.282382
,肯德基(徐州鼓楼广场店),徐州,鼓楼区,中山北路与二环北路交叉口鼓楼广场一层,,,34.283176,117.187486
,肯德基(时代茂店),徐州,睢宁县,双沟街道时代茂1层,,,34.035177,117.590933
,肯德基(徐州泰隆商业街餐厅),徐州,鼓楼区,经济技术开发区泰隆商业街大卖场1-101一层,,,34.284518,117.272027
,肯德基(老东门店),徐州,云龙区,淮海东路104号老东门时尚街区肯德基餐厅,,,34.263591,117.194855
,肯德基(中石油徐林DT车速取餐厅),徐州,铜山区,大学路297号,,,34.190894,117.132308
,肯德基(徐州江师大东门餐厅),徐州,铜山区,上海路东江苏师范大学东门对面吉美青年广场1层,,,34.19814,117.186751
,肯德基(观音机场店),徐州,睢宁县,双沟镇徐州观音国际机场国内出发厅T2航站楼02号登机口,,,34.053311,117.55723
,肯德基(徐州九里万科城餐厅),徐州,鼓楼区,天齐路6号万科城SA-9号楼,,,34.305501,117.160634
,肯德基(徐州吉祥佳苑餐厅),徐州,泉山区,二环西路东健康路北吉祥佳苑商业中心1层106-107铺位,,,34.272005,117.15713
,肯德基(贾汪吾悦店),徐州,贾汪区,吾悦广场肯德基大泉街道中旺路1号1021号商铺,,,34.418756,117.451987
,肯德基(城投国际广场店),徐州,沛县,东风路与汉城路交口西北角,,,34.736115,116.93465
,肯德基(邳州通城店),徐州,邳州市,建设北路西侧世纪大道北侧通城世纪广场一层,,,34.331977,117.967015
,肯德基(徐州杉杉奥莱店),徐州,泉山区,玉带大道6号徐州杉杉奥特莱斯广场1F层,,,34.227,117.128766
,肯德基(德信店),徐州,沛县,汉城路东侧正阳路西侧韩信路南侧德信之翼一层,,,34.75139,116.937364
,肯德基(邳州大润发店),徐州,邳州市,中钰广场大润发1层,,,34.326578,117.980447
,肯德基(天成太平洋店),徐州,睢宁县,睢河街道中山北路201号天成太平洋一层,,,33.915599,117.948203
,肯德基(邳州时代店),徐州,邳州市,同盛广场建设南路30号,,,34.315692,117.96179
,肯德基(沛县汉城店),徐州,沛县,汉城中路东侧刘邦大酒店一层,,,34.73376,116.934394
,肯德基(睢宁万达店),徐州,睢宁县,永昶路与睢河路交叉口西160米,,,33.919726,117.93423
,肯德基(贾汪百大店),徐州,贾汪区,贾韩北路百大购物广场1-2层,,,34.443131,117.45152
,肯德基(徐州沛城壹号店),徐州,沛县,歌风路11号沛城壹号项目1层A-112,,,34.723324,116.937217
,肯德基(睢宁万象苏果店),徐州,睢宁县,万象天地北门旁,,,33.902124,117.947276
,肯德基(丰县欢乐城店),徐州,丰县,中阳大道北东城路西侧一层,,,34.694122,116.623955
,肯德基(新沂吾悦店),徐州,新沂市,上海路与大桥路交叉口新城吾悦广场(1001-1)号商铺,,,34.359125,118.326525
,肯德基(富民店),徐州,新沂市,新安镇富民路100号银河之星,,,34.372608,118.353009
,肯德基(新沂欢乐买店),徐州,新沂市,公园南路6号1层,,,34.3443,118.344504
,肯德基(丰县凤鸣店),徐州,丰县,解放路3号,,,34.698272,116.595259
,肯德基(丰县汉悦城店),徐州,丰县,中阳大道北向阳西路西书院街东原丰县汉悦城一层,,,34.689195,116.591747
,肯德基(万客隆店),徐州,邳州市,官湖镇万客隆超市邻边,,,34.431106,118.005371
,肯德基(徐州丰县吾悦广场店),徐州,丰县,吾悦广场(徐州丰县店),,,34.692725,116.631525
,肯德基(徐州丰县吾悦餐厅),徐州,丰县,新城吾悦广场1002-1003商铺,,,34.697232,116.658111
,肯德基(徐州尚都会店)(暂停营业),徐州,云龙区,城东快速路辅路与坝山路交叉口西南100米,,,34.262036,117.227699
,肯德基沃尔玛餐厅(暂停营业),徐州,云龙区,解放南路与和平路交叉口金隆广场一层1025单元,,,34.250292,117.194085
,肯德基车速取餐厅,徐州,铜山区,北京南路与振兴路交叉口西60米,,,34.154897,117.177703
,肯德基车速取餐点(麓山荣郡店),徐州,泉山区,新淮海西路51号,,,34.257674,117.133598
,肯德基(连云港万达店),连云港,海州区,凌州路与科苑路交汇处万达广场一楼,,,34.617541,119.214353
,肯德基(连云港华联店),连云港,海州区,利民街海连东路1号一层,,,34.598907,119.187095
,肯德基(连云港文峰店),连云港,海州区,郁洲路东陇海东路南文峰广场一层015,,,34.609115,119.193253
,肯德基(连云港利群广场店),连云港,海州区,建设东路18号连云港海州利群广场F1层,,,34.586828,119.209444
,肯德基(盐河路时代店),连云港,海州区,朝阳西路与盐河南路交叉口时代超级购物中心一层,,,34.588075,119.172081
,肯德基(金庭大润发店),连云港,海州区,郁洲北路15号大润发1层,,,34.608598,119.191587
,肯德基(海州吾悦店),连云港,海州区,秦东门大街南侧通灌南路东侧新城吾悦广场一层1035号商铺,,,34.570307,119.194534
,肯德基(连云港中央商场店),连云港,海州区,解放中路56号,,,34.603596,119.1784
,肯德基(连云港海连西路家得福餐厅),连云港,海州区,海连西路1号,,,34.596994,119.170957
,肯德基(苍梧春晓店),连云港,海州区,海宁路以南通灌路以西祥生苍梧春晓项目家得福超市一层,,,34.580798,119.189855
,肯德基(中国石化苍梧路加油站店),连云港,海州区,苍梧路43号中石化加油站内,,,34.600778,119.204104
,肯德基(赣榆吾悦店),连云港,赣榆区,金海东路199号吾悦繁华里,,,34.84797,119.157353
,肯德基(连云港苍梧路车速取餐厅),连云港,海州区,苍梧路43号,,,34.600787,119.204074
,肯德基(墟沟大润发店),连云港,连云区,平山路与港城大道交叉口大润发超市一楼,,,34.726148,119.350852
,肯德基(墟沟嘉瑞宝店),连云港,连云区,中山西路嘉瑞宝广场一楼,,,34.738117,119.370895
,肯德基(板浦镇),连云港,海州区,板浦北门口新民路179号,,,34.483782,119.245107
,肯德基(海陵路苏果店),连云港,东海县,牛山街道海陵东路99号晶都国际购物中心一层,,,34.528619,118.773818
,肯德基甜品站(利群广场店),连云港,海州区,建设东路18号连云港海州利群广场F4层,,,34.586828,119.209444
,肯德基(华中路餐厅),连云港,赣榆区,青口镇后宫路19号时代天荟S1号楼101及105号,,,34.837775,119.126475
,肯德基(墟沟家得福店),连云港,连云区,海棠中路39号家得福超市一层,,,34.744544,119.372252
,肯德基(灌南世茂店),连云港,灌南县,人民中路世茂时代广场B区,,,34.09291,119.350214
,肯德基(海头海州湾),连云港,赣榆区,海头镇海港路2189号(赵一鸣旁边),,,34.933499,119.176026
,肯德基(恒基广场店),连云港,灌南县,新东北路与惠泽路交叉口恒基广场东北30米,,,34.103804,119.353922
,肯德基(灌云时代店),连云港,灌云县,胜利西路251号利群时代F1,,,34.297842,119.252369
,肯德基(九龙港广场店),连云港,灌云县,水利中路2号九龙港商业水街综合工程二期18幢,,,34.284943,119.235782
,肯德基(赣榆黄海路店),连云港,赣榆区,青口镇黄海路37号,,,34.840398,119.127053
,肯德基(灌南黄浦银都城店),连云港,灌南县,人民中路173号1-2层,,,34.088773,119.33225
,肯德基(锦程佳园店),连云港,东海县,锦程佳园,,,34.542232,118.78563
,肯德基(连云港灌云万达广场店),连云港,灌云县,人民东路66号万达广场连云港灌云店F1层,,,34.292862,119.276385
,肯德基(东海水晶城店),连云港,东海县,中华北路1号东海水晶城3号馆家得福超市入口南侧一层,,,34.544208,118.739996
,肯德基(东海时代店),连云港,东海县,和平东路79号嘉瑞宝超市一楼入口旁,,,34.522647,118.766597
,肯德基门,连云港,东海县,利民东路与新建路交叉口东60米,,,34.526149,118.778829
,肯德基风味(棉麻小区店),连云港,灌南县,亨通家园东南门西南100米,,,34.095617,119.348423
,肯德基门批发,连云港,赣榆区,杏坛路与兴华路交叉口东40米,,,35.063793,119.225579
,肯德基(宿迁楚街店),宿迁,宿城区,洪泽湖路98号,,,33.958227,118.285184
,肯德基(宿迁宝龙店),宿迁,宿城区,西湖路6号宝龙城市广场F1层,,,33.950599,118.288985
,肯德基(宿迁雨润中央店),宿迁,宿城区,幸福路与西湖路交叉口幸福南路88号,,,33.950815,118.301727
,肯德基(宿迁金鹰店),宿迁,宿城区,西湖路1号金鹰天地,,,33.952268,118.290825
,肯德基(宿迁利群店),宿迁,宿城区,富康大道1101号一层,,,33.941004,118.283462
,肯德基(宿迁万达店),宿迁,宿豫区,项王路8号万达广场,,,33.941395,118.318893
,肯德基(幸福店),宿迁,宿城区,幸福中路世纪大厦一层,,,33.954184,118.299529
,肯德基(宿迁新盛街店),宿迁,宿城区,幸福路188号新盛里B栋141-142,,,33.957903,118.300025
,肯德基(宿迁吾悦广场店),宿迁,宿城区,双庄镇青海湖路222号大黄蜂儿童服饰吾悦广场(宿迁宿城店)F1层,,,33.949835,118.248082
,肯德基(中国石油古城路店),宿迁,宿城区,中国石油加油站(古城路),,,33.938049,118.218576
,肯德基(宿迁宿城西楚生活广场店),宿迁,宿城区,苏州路1号西楚生活广场(宿迁宿城店),,,33.904425,118.248395
,肯德基(古城路中石油DT车速取餐厅),宿迁,宿城区,古城路1号,,,33.937975,118.218625
,肯德基(兰亭苏果店),宿迁,宿城区,厦门路68号兰亭御城苏果一层,,,33.930417,118.277855
,肯德基(宿迁运河城市之家店),宿迁,宿豫区,运河城市之家1层铺位110,,,33.962679,118.321109
,肯德基(洋河发展店),宿迁,宿城区,洋河新区华地万象城市广场1楼,,,33.773553,118.380098
,肯德基(宿迁高铁站候车厅),宿迁,宿城区,上海路宿迁高铁站SQ-2F-10,,,33.874223,118.281937
,肯德基(沭阳大润发店),宿迁,沭阳县,上海南路大润发超市1层,,,34.112363,118.777337
,肯德基(中央广场店),宿迁,沭阳县,人民中路33号沭阳中央商场F1层,,,34.127081,118.778511
,肯德基(沭阳时代店),宿迁,沭阳县,沭城镇人民中路南侧,,,34.127947,118.775188
,肯德基(桃源大润发店),宿迁,泗阳县,淮海中路与桃源路西北角大润发一楼,,,33.713411,118.691027
,肯德基(泗阳芙蓉店),宿迁,泗阳县,人民中路16-5号,,,33.711865,118.681564
,肯德基(沭阳万达店),宿迁,沭阳县,北京南路(原新城路22号)万达广场一层1030号商铺,,,34.095913,118.763569
,肯德基(沭阳爱琴海店),宿迁,沭阳县,迎宾大道(沭阳远洋未来广场)一层F1055F1056号商铺,,,34.093674,118.854653
,肯德基(乐之地店),宿迁,沭阳县,台州南路68号吾悦广场中庭一楼二楼,,,34.101699,118.799314
,肯德基(沭阳华氏大厦店),宿迁,沭阳县,人民中路41号1层,,,34.128621,118.775002
,肯德基(泗阳雨润店),宿迁,泗阳县,人民路雨润广场一层,,,33.721798,118.684505
,肯德基(泗阳吾悦广场店),宿迁,泗阳县,新城吾悦广场号商铺,,,33.724402,118.673407
,肯德基(泗洪苏果店),宿迁,泗洪县,泗洲西大街12号华润苏果购物广场一层,,,33.459599,118.206325
,肯德基(宿迁泗州吾悦餐厅),宿迁,泗洪县,泗州西大街南侧衡山南路东侧(泗州)新城吾悦广场(1012/1013)号商铺,,,33.458568,118.199519
,肯德基(泗洪大润发店),宿迁,泗洪县,泗州中大街29号大润发超市旁边,,,33.459063,118.220974
,肯德基(泗洪吾悦广场店),宿迁,泗洪县,吾悦广场1013-2号(宿迁泗洪店),,,33.441465,118.220337
,肯德基(黄山路店),宿迁,泗洪县,黄山路东侧中正时代城8幢111室,,,33.457924,118.237639
,肯德基(苏杭生活超市店),宿迁,泗洪县,双沟镇新城首府3栋125-1室,,,33.229171,118.190029
,肯德基(楚州大润发店),淮安,淮安区,翔宇大道与北门大街交汇处,,,33.529478,119.143618
,肯德基(淮安新城吾悦店),淮安,淮安区,生态文旅区凤里路1号淮安吾悦广场,,,33.552352,119.122498
,肯德基(南昌路大润发店),淮安,清江浦区,南昌路大润发1层,,,33.587965,119.071443
,肯德基,淮安,清江浦区,中海国联淮上景明,,,33.609379,119.032956
,肯德基(楚州淮城店),淮安,淮安区,淮城镇南门大街2号供销大厦一层,,,33.503944,119.144538
,肯德基(淮安区万达店),淮安,淮安区,楚州大道东侧翔宇大道南侧的万达广场,,,33.527396,119.155213
,肯德基(茂业天地店),淮安,清江浦区,江浦区清江浦区淮海北路10号茂业天地,,,33.595166,119.025564
,肯德基(淮安融创广场店),淮安,清江浦区,江浦区天津路西侧延安东路南侧淮安融创ins park(L1-1036)号商铺,,,33.572737,119.053381
,肯德基(玖玟珑店),淮安,淮安区,翔宇南道玖珑汇商业广场一楼铺位号1F-030,,,33.536546,119.126639
,肯德基(淮安梦乐城店),淮安,清江浦区,迎宾大道南侧与淮海南路西侧交汇处272号梦乐广场一层,,,33.549795,119.030324
,肯德基(淮安金禧园店),淮安,清江浦区,北京南路东侧柯山路南侧的金禧园15号楼一层,,,33.560722,119.016248
,肯德基(承德北路大润发店),淮安,淮阴区,承德北路与黄河东路交叉口大润发,,,33.618483,119.036689
,肯德基(新亚2店),淮安,清江浦区,淮海东路142号新亚国际广场B1层,,,33.597275,119.027625
,肯德基(淮安北京路苏果店),淮安,清江浦区,清河区北京新村五区新苑逸城,,,33.602532,119.008801
,肯德基(曦园街店),淮安,清江浦区,古河口大街88号,,,33.61769,119.107444
,肯德基(楚州苏果店),淮安,淮安区,韩信北路苏果超市1层(近漕运小区),,,33.508998,119.147495
,肯德基(中国石油大连路加油站店),淮安,清江浦区,大连路与合肥路交叉口东160米,,,33.576824,119.091255
,肯德基(淮安旭辉广场店),淮安,清江浦区,淮安经济技术开发区富准路与裕民路交叉口淮安旭辉一楼1042-1043商铺肯德基,,,33.600792,119.14239
,肯德基(欣天地商业广场店),淮安,淮安区,欣明文锦城C1号楼一层,,,33.529252,119.162555
,肯德基(时代店),淮安,清江浦区,解放东路43号,,,33.57984,119.040516
,肯德基(淮安万达广场店),淮安,清江浦区,清江浦区清浦区淮安万达广场超市楼,,,33.600305,119.045001
,肯德基(淮阴时代店),淮安,淮阴区,淮海北路536号利群时代淮海北路店F1层,,,33.625911,119.019809
,肯德基(淮安曼度店),淮安,淮阴区,淮海北路668号一层,,,33.647075,119.027675
,肯德基(明远路DT车速取餐厅),淮安,清江浦区,淮安市开发区明远路北侧逢桥路东侧水沐韶华小区S1号楼一层,,,33.554325,119.060525
,肯德基(百悦广场店),淮安,涟水县,莲花小区东侧百悦广场L1-9899一层,,,33.776448,119.290286
,肯德基(翔宇北道中国石化加油站店),淮安,淮阴区,王营镇翔宇北道华侨新苑小区西门,,,33.634393,119.046532
,肯德基(涟水大润发店),淮安,涟水县,安东路与常青路交叉处大润发超市一楼,,,33.771231,119.271367
,肯德基(洪泽苏果店),淮安,洪泽区,景虹丽都商业广场一楼商铺,,,33.297236,118.890668
,肯德基(涟水第一街),淮安,涟水县,高沟镇高沟第一街,,,34.016639,119.190385
,肯德基(金湖易买得店),淮安,金湖县,阳光星城39幢一层,,,33.022669,118.997762
,肯德基(淮安滨河吾悦餐厅),淮安,涟水县,清涟大道北侧淮浦南路西侧新城吾悦广场1063及1065号商铺,,,33.765776,119.252908
,肯德基(涟水吾悦店),淮安,涟水县,涟城镇红日大道南侧南京路东侧涟水新城吾悦广场一层1012-1013号商铺,,,33.777788,119.299162
,肯德基(金湖苏宁店),淮安,金湖县,人民路58号金湖苏宁易购广场一层(117+118号)商铺,,,33.017853,119.021196
,肯德基(金湖苏果店),淮安,金湖县,金湖路12号与新民路交汇处华润苏果购物广场一二层,,,33.011993,119.016901
,肯德基(洪泽大润发店),淮安,洪泽区,洪泽湖大道86号,,,33.295884,118.85942
,肯德基(洪泽人民店),淮安,洪泽区,东风路111号,,,33.289284,118.851657
,肯德基(盱眙华厦店),淮安,盱眙县,华厦国际广场A幢1单元一层,,,33.003298,118.495392
,肯德基(盱眙大润发店),淮安,盱眙县,东湖南路与都梁大道交汇处大润发超市一楼,,,32.99525,118.529314
,肯德基(盱眙苏宁店),淮安,盱眙县,金源北路12号101室的盱眙苏宁易购广场一层101号商铺,,,32.999843,118.520377
,肯德基车速取餐点(六洞服务区西店),淮安,淮安区,环乡线在平桥服务区(京沪高速上海方向)附近,,,33.423676,119.263985
,肯德基门系统窗,淮安,淮安区,跃进路与远东路交叉口北140米,,,33.487613,119.143298
,福临肯德基门,淮安,盱眙县,马坝工业集中区东区,,,32.967277,118.790721
,肯德基(盐城解放润发店),盐城,盐都区,解放南路239号大润发肯德基,,,33.349278,120.15377
,肯德基(盐城宝龙店),盐城,亭湖区,人民中路9号宝龙广场1层,,,33.360004,120.153391
,肯德基(盐城解放店),盐城,亭湖区,解放南路128号,,,33.360924,120.144048
,肯德基(盐城金大洋店),盐城,盐都区,第六空间,,,33.342107,120.141957
,肯德基(盐城万达店),盐城,盐都区,西环路88号,,,33.357768,120.128299
,肯德基(盐阜店),盐城,亭湖区,建军中路109号,,,33.382287,120.134974
,肯德基(盐城中南店),盐城,盐都区,解放南路278号中南城购物中心内,,,33.322067,120.180023
,肯德基(旺角店),盐城,亭湖区,解放南路80号,,,33.371769,120.138758
,肯德基(盐城凤凰汇店),盐城,盐都区,解放南路266号凤凰汇广场19幢101室和102室,,,33.336335,120.167518
,肯德基(盐城龙冈店),盐城,盐都区,龙冈镇盐兴西路2号龙冈商城一楼,,,33.357216,120.039418
,肯德基(高教公寓店),盐城,亭湖区,乌江路创业街北排23号,,,33.380279,120.209367
,肯德基(盐城新纪元店),盐城,亭湖区,开放大道北路103号新纪元广场6号1002室10,,,33.399367,120.145887
,肯德基(盐城峰尚店),盐城,亭湖区,建军东路153号盐城峰尚生活广场5号楼,,,33.406358,120.190996
,肯德基(盐城金鹰奥莱店),盐城,盐都区,金鹰奥莱城G馆L1,,,33.340482,120.173671
,肯德基(盐城大冈店),盐城,盐都区,开元路与卧龙路交叉口东南20米,,,33.187525,120.110975
,肯德基(新龙广场店),盐城,盐都区,城南新区新都街道办事处东进村盐城新龙广场10号楼一楼10-105,,,33.327353,120.190529
,肯德基KFC(伍佑珠溪古镇店),盐城,亭湖区,盐南高新区伍佑街道伍佑珠溪古镇东街1-1-4号一层,,,33.30101,120.226987
,肯德基(盐城城东宝龙广场店),盐城,亭湖区,新都路100号盐城城东宝龙广场,,,33.387143,120.238036
,肯德基(盐城爱琴海店),盐城,亭湖区,开放大道150号1层F1001F1002F1003号,,,33.422032,120.128903
,肯德基(盐城时代店),盐城,亭湖区,建军中路59号时代超市内,,,33.382603,120.139184
,肯德基(盐城大数据产业园店),盐城,盐都区,学海路29号大数据产业园数梦小镇B1-101、201室,,,33.307044,120.183061
,肯德基(盐城先锋店),盐城,亭湖区,先锋岛先锋国际广场商业中心建军西路与小海路交界处二楼,,,33.380607,120.123095
,肯德基(盐城悦达店),盐城,亭湖区,希望大道中路60号盐城悦达城市广场一层铺位编号L152,,,33.392555,120.200505
,肯德基(盐城文泽商业广场店),盐城,亭湖区,黄海路北人民路东侧盐城文泽商业广场18号楼L01号,,,33.395611,120.137674
,肯德基(盐城众鑫车速取餐厅),盐城,亭湖区,长亭路2号一层2号104,,,33.388293,120.191662
,肯德基(盐城吾悦广场店),盐城,盐都区,海洋路216号新城吾悦广场1019-21020号商铺,,,33.306952,120.147582
,肯德基(盐城义乌城店),盐城,亭湖区,开放大道盐城义乌国际商贸城,,,33.428368,120.119215
,肯德基(盐城欧风街爷爷自在茶店),盐城,盐都区,人民南路欧风花街a1-a号、a1-b号,,,33.344863,120.177423
,肯德基(建湖上冈店),盐城,建湖县,204国道与港口大道交叉口西北100米,,,33.528414,120.02044
,肯德基(荷兰花海店),盐城,大丰区,新丰镇西环路(新丰商务大厦西北侧),,,33.263223,120.436519
,肯德基(盐城南洋机场店),盐城,亭湖区,南洋国际机场T2航站楼国内出发厅隔离区内外,,,33.431851,120.209049
,肯德基(建湖店),盐城,建湖县,人民路东侧向阳路北侧金基·东方广场A1栋123层,,,33.472873,119.802266
,肯德基(盐城古月年华店),盐城,盐都区,古月年华购物中心,,,33.320084,120.08592
,肯德基(盐城碧桂园餐厅),盐城,亭湖区,跃进路15号碧桂园君悦府38幢106室,,,33.401585,120.215749
,肯德基(大丰店),盐城,大丰区,健康东路39号一层,,,33.199591,120.463886
,肯德基(大丰万佳店),盐城,大丰区,春柳北路6号万佳城市广场1号楼一楼B-1011号,,,33.207815,120.485431
,肯德基(盐城大洋湾餐厅),盐城,亭湖区,湖滨路88号2幢大洋湾唐渎里湿地文化美食街2-110-1号商铺,,,33.425599,120.193486
,肯德基(建湖宝龙店),盐城,建湖县,湖中南路896号天铂华庭A1地块14号楼M1-L1-028,,,33.444934,119.789608
,肯德基(建湖秀夫店),盐城,建湖县,向阳西路168号大润发一楼,,,33.474319,119.788836
,肯德基(射阳龙翔店),盐城,射阳县,朝阳南街华润苏果超市1层,,,33.764188,120.258447
,肯德基(建湖万彩店),盐城,建湖县,兴建东路800号万彩国际购物中心1楼1F01,,,33.465632,119.820814
,肯德基,盐城,射阳县,合德镇振阳街,,,33.765875,120.264375
,肯德基(东台店),盐城,东台市,海陵南路2号,,,32.851102,120.319868
,肯德基(射阳恒隆店),盐城,射阳县,恒隆广场大润发超市一楼,,,33.774882,120.258392
,肯德基(射阳人民路店),盐城,射阳县,人民中路12号文峰超市1层,,,33.771509,120.269519
,肯德基(凤凰广场店),盐城,阜宁县,苏州路999号凤凰阜宁文化广场一楼1F-03号,,,33.74754,119.790501
,肯德基(人民北路车自取店),盐城,大丰区,大中街道人民北路49号新丰里文创产业园4幢,,,33.209366,120.462088
,肯德基(东台德润店),盐城,东台市,海陵北路9号101室102室德润购物广场1层107商铺,,,32.862278,120.319174
,肯德基(东台红兰店),盐城,东台市,红兰中路3号,,,32.852142,120.315191
,肯德基(阜宁富建广场店),盐城,阜宁县,阜城大街199号富建广场F区一层1-21-31-4号,,,33.783249,119.788933
,肯德基(东台吾悦店),盐城,东台市,惠阳路107号新城吾悦广场S1-1号楼1049号,,,32.831969,120.319394
,肯德基(射阳吾悦店),盐城,射阳县,新城大道88号射阳吾悦广场F1层,,,33.76906,120.30563
,肯德基(建湖中利广场店),盐城,建湖县,汇文东路168号中利城市商业广场C区一楼1026-1032号,,,33.466305,119.797595
,肯德基(大丰吾悦店),盐城,大丰区,常新北路8号新城吾悦广场1001号,,,33.211714,120.452588
,肯德基(大丰新词商场店),盐城,大丰区,大中街道健康西路27号新词商场101室101-1号,,,33.199176,120.447651
,肯德基(大丰幸福店),盐城,大丰区,幸福东大街17-2号(大润发1层),,,33.203584,120.464335
,肯德基(阜宁益林店),盐城,阜宁县,人民路苏可超市,,,33.589679,119.60722
,肯德基(中交美庐店),盐城,大丰区,黄海西路南侧美庐城13号楼一层,,,33.194914,120.461023
,肯德基(阜宁店),盐城,阜宁县,阜宁县府城大街49号,,,33.781797,119.798305
,肯德基(阜宁星汇店),盐城,阜宁县,阜城大街与大关北路交叉口,,,33.780701,119.804483
,肯德基(久悦广场店),盐城,阜宁县,阜城街道办崔湾村四组上海路407号天鹅湖国际广场润发广场一楼F1-01号,,,33.762439,119.796276
,肯德基(建湖广益来车速取店),盐城,建湖县,塘河街道严桥路81号广益来财富广场1幢1-101-011-101-02,,,33.433889,119.782746
,肯德基(建湖广益来车速取餐厅),盐城,建湖县,塘河街道严桥路81号广益来财富广场1幢1-101-011-101-021-101-031-101-04,,,33.433873,119.78275
,肯德基(东台中南城店),盐城,东台市,迎宾大道10号东台中南城购物中心F1层,,,32.886103,120.31359
,肯德基(凤凰文化广场店),盐城,射阳县,合德镇人民路182号射阳凤凰文化广场一楼1F-06号,,,33.770574,120.254219
,肯德基(滨海店),盐城,滨海县,阜东中路248号大洋百货1层,,,33.999668,119.843518
,肯德基(滨海颐高店),盐城,滨海县,幸福路2号恒太城F1层,,,34.016988,119.856528
,肯德基(东台八佰伴店),盐城,东台市,望海东路58号一层L1020号商铺,,,32.85208,120.328915
,肯德基(东台安丰店),盐城,东台市,兴丰路安丰镇小学西北侧约210米,,,32.741563,120.403876
,肯德基(东台悦来城店),盐城,东台市,东台市高新区东城大道8号东台城购物公园1幢悦来城一层101室二层201室,,,32.854286,120.381969
,肯德基(滨海润发店),盐城,滨海县,人民中路62号大润发1层,,,33.99778,119.833424
,肯德基(东台时堰),盐城,东台市,时堰镇人民路北侧时溱路西侧20-8A20-9A,,,32.720607,120.188153
,肯德基(滨海港城店),盐城,滨海县,港城路99号欧宝利亚商业广场A一层102室103室,,,33.992444,119.8191
,肯德基门感应门(人民南路店),盐城,滨海县,人民南路与凤鸣路交叉口北60米,,,33.983437,119.827404
,肯德基(黄海路店),盐城,响水县,黄海路与滨江路交界处,,,34.200846,119.580412
,肯德基门禁,盐城,大丰区,金三角路与康平北路交叉口东北20米,,,33.210071,120.470186
,肯德基(滨海新城吾悦店),盐城,滨海县,滨海吾悦广场一楼东北角,,,34.006723,119.824766
,肯德基(东台三仓店),盐城,东台市,三仓镇新仓中路16号华联百货对面,,,32.765678,120.678153
,肯德基,盐城,响水县,北海路与灌河路交叉口北100米,,,34.211175,119.593075
,肯德基(东台喵鲜生店),盐城,东台市,海盐路30号东台市喵鲜生市集1层101号,,,32.855883,120.326068
,肯德基(滨海八滩店),盐城,滨海县,八滩镇八滩中路14号,,,34.142852,120.07078
,肯德基(东台富安餐厅),盐城,东台市,富安镇凤凰池东路9号,,,32.671591,120.481535
,肯德基(响水盛都店),盐城,响水县,黄海路东侧珠江路北侧盛都华城,,,34.192263,119.584528
,肯德基(东台弶港餐厅),盐城,东台市,弶港镇前进路146号,,,32.739244,120.850255
,肯德基(响水爱琴海店),盐城,响水县,开发区东海路29号响水爱琴海购物中心,,,34.2009,119.61394
,肯德基(响水陈家港店),盐城,响水县,陈家港镇(金港村三组)黄海大街4-1号一楼001室,,,34.373957,119.816643
,滨海服务区肯德基(装修中),盐城,滨海县,G15沈海高速与滨海服务区交叉口西460米,,,33.915924,119.968003
,滨海服务区肯德基,盐城,滨海县,G15沈海高速与滨海服务区交叉口西北480米,,,33.918177,119.969937
,肯德基车速取餐厅(盐城阳光城店),盐城,亭湖区,建军东路217号东方商贸城商业楼1幢132室,,,33.400908,120.180609
,肯德基车速取餐点(阜宁凤凰店),盐城,阜宁县,苏州路999号(凤凰广场停车场南入口),,,33.747343,119.789895
,肯德基门批发,盐城,滨海县,光明路与五汛中路交叉口西南80米,,,33.952074,120.088271
,肯德基(扬州京华城店),扬州,邗江区,京华城路184号,,,32.385963,119.37349
,肯德基(扬州大润发广陵店),扬州,广陵区,文昌中路168号,,,32.396285,119.461896
,肯德基(运河路店),扬州,广陵区,运河西路228号,,,32.389128,119.460924
,肯德基(扬州润辉广场店),扬州,邗江区,西峰路88号(蜀冈龙域商务广场)9幢一层铺位号1009部分1010部分,,,32.418425,119.396282
,肯德基(扬州广电店),扬州,广陵区,汶河南路44号盛世商务楼F1层,,,32.388817,119.433024
,肯德基(广润发店),扬州,邗江区,邗江路2号大润发超市内,,,32.391051,119.395962
,肯德基(扬州万家福店),扬州,广陵区,汶河北路1号,,,32.395225,119.434188
,肯德基(邗江乐购店),扬州,邗江区,邗江中路306号金阳光购物广场一楼,,,32.371621,119.399996
,肯德基(润茂大润发店),扬州,邗江区,博物馆路295号,,,32.36744,119.374263
,肯德基,扬州,邗江区,吴州西路与润扬南路交叉口东北440米,,,32.331425,119.399625
,肯德基(扬州华建天祥店),扬州,邗江区,杨柳青路与天祥路交叉口西100米,,,32.402591,119.388536
,肯德基(扬州五彩世界店),扬州,邗江区,京华城路8号五彩世界生活广场一层北门,,,32.385795,119.382365
,肯德基(江阳欧尚店),扬州,邗江区,江阳中路425号M会员商店1层,,,32.370453,119.412158
,肯德基(扬州竹西路大润发店),扬州,邗江区,竹西路2号北区大润发一楼肯德基餐厅,,,32.418404,119.45164
,肯德基(扬州宝龙店),扬州,邗江区,维扬路27号宝龙广场一层M6-L1-046号铺,,,32.365217,119.416879
,肯德基(扬州四望亭店),扬州,邗江区,扬子江北路101号沃尔玛超市一楼,,,32.397562,119.417043
,肯德基(奥邦大润发店),扬州,广陵区,渡江南路128号,,,32.367949,119.447073
,肯德基(蜀冈万达店),扬州,邗江区,平山堂西路52号万达广场,,,32.414053,119.375767
,肯德基(华侨城梦幻之城店),扬州,邗江区,侨城路19号梦幻广场1-1号楼一层,,,32.465433,119.435532
,肯德基(瘦西湖虹桥坊店),扬州,邗江区,大虹桥路18号瘦西湖文化休闲广场6-102室1-2层,,,32.402137,119.429786
,肯德基(扬州万达店),扬州,邗江区,万达广场一号口,,,32.367764,119.400394
,肯德基(汶河店),扬州,广陵区,汶河北路48号一层及负一层,,,32.399344,119.433618
,肯德基(扬州中集文昌店),扬州,邗江区,文昌中路618号(文昌商业中心)1幢102-2室,,,32.395195,119.424084
,肯德基(扬州弘阳店),扬州,广陵区,文昌东路12号银泰百货一层,,,32.396375,119.503567
,肯德基(扬州KPARK店),扬州,广陵区,文昌东路15号江广智慧城东苑3幢1-超市01一层,,,32.392941,119.50513
,肯德基(琼花观店),扬州,广陵区,文昌中路364号0514-,,,32.395524,119.44891
,肯德基(运河三湾景区店),扬州,广陵区,大学南路与运博路交叉口西120米,,,32.360929,119.434404
,肯德基(江都大润发店),扬州,江都区,新加坡城1号门旁,,,32.406657,119.572272
,肯德基(江都商城店),扬州,江都区,工农路2号0514-,,,32.42673,119.565732
,肯德基(扬州吾悦广场店),扬州,邗江区,竹西路23号58-3号商业楼新城吾悦广场1018号、2801-1号商铺,,,32.419653,119.459446
,肯德基(顺达广场店),扬州,邗江区,顺达路138号恒通顺达广场F1层,,,32.354354,119.398435
,肯德基(扬州SM广场店),扬州,广陵区,运河北路77号SM城市广场一层B1007商铺,,,32.405149,119.478975
,肯德基(扬州汊河苏果店),扬州,邗江区,华扬西路200号汇金谷F1层,,,32.338261,119.391375
,肯德基(江都金鹰店),扬州,江都区,文昌中路1177号金鹰国际购物中心扬州江都店F1层,,,32.405725,119.577225
,肯德基(江都时代店),扬州,江都区,东方红路6号时代广场一层,,,32.429644,119.564757
,肯德基(扬州嘉都汇店),扬州,广陵区,观潮路88号嘉都汇一层,,,32.391324,119.470488
,肯德基(江都万达店),扬州,江都区,仙女镇万达广场号商铺,,,32.446328,119.576945
,肯德基(真州时代店),扬州,仪征市,工农南路114号,,,32.269937,119.184384
,肯德基(荷花池阳光里店),扬州,广陵区,荷花池路1号,,,32.380053,119.430673
,肯德基(扬州三盛广场餐厅),扬州,邗江区,三盛国际广场一层5幢130室,,,32.380144,119.397596
,肯德基甜品站(扬州京华城店),扬州,邗江区,京华城路168号京华城全生活广场北门,,,32.386115,119.374489
,肯德基(苏果店),扬州,仪征市,真州西路147号,,,32.278685,119.16629
,肯德基(扬州悦慧天地车速取餐厅),扬州,邗江区,扬子江中路186号75幢101室(扬州智谷科技悦慧天地商业街)一层1018-1铺位,,,32.35988,119.414458
,肯德基(大桥宏信龙店),扬州,江都区,大桥镇东园路与新城路交叉口东北角宏信龙购物中心1层,,,32.362594,119.716618
,肯德基(金港荟生活广场店),扬州,邗江区,八里镇金港路168号金港荟生活广场1层,,,32.293142,119.413684
,肯德基(万紫千红餐厅),扬州,邗江区,双塘路129号商业108室,,,32.436671,119.406771
,肯德基(九久奥特莱斯广场店),扬州,广陵区,九久奥特莱斯广场,,,32.374324,119.46537
,肯德基(扬州九久奥莱DT车速取餐厅),扬州,广陵区,江都南路九久奥特莱斯广场一层,,,32.374321,119.465367
,肯德基(新都路苏果店),扬州,江都区,新都路东侧金牛湾都市花园综合楼0514-,,,32.421079,119.587692
,肯德基(施桥乐客超市店),扬州,邗江区,施桥镇施桥南路36号滨江生活广场北区1层,,,32.29765,119.463081
,肯德基(邵伯甘棠路店),扬州,江都区,邵伯镇甘棠1-2幢(甘棠路99号)世纪华联超市一层,,,32.529014,119.514919
,肯德基(阳光店),扬州,高邮市,高邮市经济开发区通湖路172号北海环球手机连锁二楼(北海肯德基对面)vivo官方客户服务中心代签,,,32.787405,119.442255
,肯德基(杭集红豆万花城店),扬州,广陵区,杭集红豆万花城一层,,,32.375646,119.54339
,肯德基(东方红路苏果店),扬州,江都区,东方红路18号苏果超市一层,,,32.429155,119.560134
,肯德基(高邮世贸店),扬州,高邮市,通湖路333号世贸国际购物中心F1层,,,32.789407,119.45824
,肯德基(瘦西湖服务区店),扬州,江都区,启扬高速瘦西湖服务区南区1层,,,32.480905,119.558873
,肯德基(仪征润霖苏果店),扬州,仪征市,[],,,32.272632,119.163044
,肯德基(仪征宝能店),扬州,仪征市,解放东路828号,,,32.278457,119.208415
,肯德基(瘦西湖服务区北区店),扬州,江都区,启扬高速瘦西湖服务区北区一层,,,32.483047,119.559283
,肯德基(江都砂之船店),扬州,江都区,纬三路562号砂之船奥特莱斯1-A08和2-A09商铺,,,32.383005,119.593674
,肯德基(槐泗小镇客厅),扬州,邗江区,槐泗镇新甘泉大道向东60米东北角槐泗小镇客厅,,,32.476648,119.440314
,肯德基(扬州大梦想城DT店),扬州,高邮市,经济开发区珠光路西侧秦邮路北侧大梦想城项目2号楼一层,,,32.801175,119.472525
,肯德基(扬州仪征碧乐汇餐厅),扬州,仪征市,真州东路802号,,,32.282441,119.199005
,肯德基(万博怡华餐厅),扬州,仪征市,真州镇长江东路59号怡华广场商业楼,,,32.281025,119.154875
,肯德基(高邮吾悦广场店),扬州,高邮市,高邮镇工业集中区海潮东路111号新城吾悦广场,,,32.778579,119.480067
,肯德基(高邮瑞和苏果店),扬州,高邮市,文游中路213号,,,32.774341,119.449546
,肯德基(高邮服务区西区店),扬州,高邮市,卸甲镇周邶墩村陈家组100号高邮服务区西区1层2层,,,32.763679,119.511719
,肯德基(江都服务区北区餐厅),扬州,江都区,京沪高速江都服务区北区,,,32.408226,119.670313
,肯德基(高邮服务区东区店),扬州,高邮市,京沪高速高邮龙奔服务区东区1-2层,,,32.763585,119.512974
,肯德基(安宜店),扬州,宝应县,苏中中路318号,,,33.235511,119.320217
,肯德基(金源大润发店),扬州,宝应县,宝应县经济开发区东阳路88号金源温泉生活广场一层大润发超市主入口旁,,,33.232962,119.360329
,肯德基(国际苏果店),扬州,宝应县,白田中路时代国际1层,,,33.237461,119.33349
,肯德基(邻里中心店),扬州,宝应县,白田南路东侧莲花路南侧1号邻里中心一层,,,33.219401,119.338569
,肯德基(宝应吾悦店),扬州,宝应县,通运路9号新城吾悦广场1016号商铺,,,33.212547,119.35097
,肯德基(氾水东园路),扬州,宝应县,氾水镇东园路17弄10号,,,33.09546,119.401862
,肯德基(奥园老东门店),扬州,宝应县,苏中南路52号,,,33.232362,119.32073
,肯德基车速取餐点(扬州昌建广场店),扬州,邗江区,京华城路321号,,,32.38351,119.368538
,肯德基车速取餐点,扬州,广陵区,九久奥莱,,,32.37432,119.465375
,肯德基车速取餐点(瘦西湖服务区店),扬州,江都区,双沟镇周墅村京沪高速瘦西湖服务区,,,32.483003,119.55929
,肯德基车速取餐点(瘦西湖服务区店),扬州,江都区,刘伙组与中涵路交叉口西北440米,,,32.480842,119.558855
,肯德基车速取餐点(邻里中心店),扬州,宝应县,邻里中心停车场南入口处,,,33.218997,119.338739
,肯德基(新人民公园店),泰州,海陵区,梅兰东路299号大润发一楼肯德基,,,32.461384,119.918971
,肯德基(济川店),泰州,海陵区,济川东路与海陵南路交叉口东北侧时代超一层,,,32.471139,119.920353
,肯德基(海陵店),泰州,海陵区,坡子街12号地块H区,,,32.493257,119.916725
,肯德基(永定店),泰州,海陵区,永定路399号,,,32.442288,119.920926
,肯德基(药城DT店),泰州,海陵区,药城大道1号(8号楼食堂旁边),,,32.394238,119.903705
,肯德基(东风店),泰州,海陵区,永定东路998号一层,,,32.44081,119.935218
,肯德基(中石油泰州开泰站店),泰州,海陵区,青年南路21号,,,32.447965,119.910245
,肯德基(文峰店),泰州,海陵区,青年路38号,,,32.48091,119.914345
,肯德基(海陵万达店),泰州,海陵区,济川东路226号万达广场万达百货1层1059、2层2060A-2060B,,,32.471315,119.918275
,肯德基(泰州茂业店),泰州,海陵区,南通路399号茂业天地购物中心一层铺位号F01020X+F01021,,,32.495792,119.930233
,肯德基(泰州中骏店),泰州,海陵区,迎春东路100中骏世界城F1层,,,32.487854,119.951853
,肯德基(春晖店),泰州,海陵区,春晖路20号102室一层,,,32.4609,119.944943
,肯德基(九州店),泰州,海陵区,东进西路九州商厦1层,,,32.494485,119.911552
,肯德基(泰州天虹店),泰州,高港区,药城大道天虹购物中心一层L109铺,,,32.394077,119.90955
,肯德基,泰州,海陵区,中骏世界城南门西130米,,,32.486296,119.951805
,肯德基(鹏欣店),泰州,海陵区,东进东路8号鹏欣丽都G4幢,,,32.497131,119.921404
,肯德基(高港店),泰州,高港区,春港路与金港路交汇处,,,32.323209,119.87819
,肯德基(万象城A馆店),泰州,海陵区,永定东路与紫金路交叉口西80米,,,32.442295,119.920799
,肯德基(泰州万象城店),泰州,海陵区,永定东路37号泰州万象城L2层C201号,,,32.442125,119.924375
,肯德基(新迎春车速取KFC店),泰州,海陵区,迎春东路15号(卜蜂莲花旁),,,32.484554,119.935208
,肯德基(泰州万象城店),泰州,海陵区,永定东路399号泰州万象城一期生活馆L103号商铺,,,32.442148,119.924431
,肯德基(恒大华府车速取餐厅),泰州,海陵区,海陵南路253号湖畔铭园34幢114室一层,,,32.427439,119.916891
,肯德基(金港店),泰州,高港区,金港中路东侧大润发超一层,,,32.309325,119.879575
,肯德基(泰州学院店),泰州,海陵区,济川东路92号泰州学院,,,32.47006,119.944403
,肯德基(姜堰西大街店),泰州,姜堰区,姜堰西大街156号1+2F,,,32.506733,120.151656
,肯德基(锦宸店),泰州,姜堰区,罗塘街道姜堰大道北侧锦宸大厦1层,,,32.509313,120.14317
,肯德基(泰州柳园车速取餐厅),泰州,海陵区,打渔湾街区10幢一层,,,32.476083,119.91935
,肯德基(欧亚国际商业中心店),泰州,海陵区,海姜大道1795号欧亚国际商业中心,,,32.502485,119.992472
,肯德基(泰尚里店),泰州,海陵区,泰康路83号美好易居城香榭居78幢109-110室一层,,,32.482961,119.978482
,肯德基(泰渡车速取餐厅),泰州,海陵区,泰九路14号瑞力·泰渡双创街区一层,,,32.482664,119.89413
,肯德基(中兴店),泰州,泰兴市,中兴大道169号一层,,,32.170263,120.047929
,肯德基(美好易居城店),泰州,海陵区,美好易居城云庭轩32幢101室,,,32.487073,119.97703
,肯德基(姜堰城南店),泰州,姜堰区,罗塘街道花园路970号,,,32.493575,120.137475
,肯德基(东海店),泰州,姜堰区,姜堰大道780号,,,32.513913,120.160319
,肯德基(泰州东DT餐厅),泰州,海陵区,中国石化泰州东加油站,,,32.497175,119.939825
,肯德基(雕花楼店),泰州,高港区,扬子江路西侧柴墟路北侧雕花楼商业街区1层,,,32.304906,119.883786
,肯德基(永安洲车速取店),泰州,高港区,永新中路55-3号,,,32.236095,119.92164
,肯德基(金凤店),泰州,泰兴市,鼓楼南路72号1楼,,,32.165127,120.020826
,肯德基(虹雨DT店),泰州,高港区,刁铺街道扬子江路东侧环溪路南侧虹雨商城一层,,,32.341236,119.884965
,肯德基(泰兴城中大统华店),泰州,泰兴市,县前街5号一层,,,32.167394,120.022026
,肯德基(海姜广场DT店),泰州,姜堰区,海姜大道南侧许陆河东侧1号海姜广场一层,,,32.503963,120.087893
,肯德基(新泽店),泰州,兴化市,戴南镇新泽路南侧护国坊项目,,,32.727455,120.14167
,肯德基(姜堰新时代店),泰州,姜堰区,罗塘街道时代商业广场1层,,,32.504177,120.148546
,肯德基(丰收路店),泰州,兴化市,牌楼中路227号,,,32.933747,119.838457
,肯德基(英武店),泰州,兴化市,大润发超市内,,,32.91772,119.844875
,肯德基(泰兴东润店),泰州,泰兴市,中南悠漫里,,,32.158465,120.050112
,肯德基(溱潼古镇店),泰州,姜堰区,溱潼镇华光大桥南侧、姜溱河西侧1+2层,,,32.649218,120.100546
,肯德基(姜堰大润发店),泰州,姜堰区,三水大道三水新都会商业广场一层,,,32.503753,120.135875
,肯德基(扬子江厂内K-Coffee餐厅),泰州,高港区,扬子江南路1号华虹公寓北侧一处门面房,,,32.310702,119.884927
,肯德基(兴化城南DT店),泰州,兴化市,文昌路与文峰路交叉口东南80米,,,32.899325,119.859568
,肯德基(长安店),泰州,兴化市,县桥居委会八字桥中央广场A区2号楼A2幢A44,,,32.933056,119.84526
,肯德基(上海城店),泰州,靖江市,人民中路88号,,,32.012026,120.266914
,肯德基(昭阳店),泰州,兴化市,马桥路2号,,,32.935282,119.840745
,肯德基(泰和店),泰州,靖江市,工农路118号靖江泰和吾悦广场B区2层,,,32.005924,120.26078
,肯德基(泰兴万达店),泰州,泰兴市,鼓楼北路西侧振兴路万达广场一层,,,32.186565,120.01129
,肯德基(黄桥新城店),泰州,泰兴市,定慧路1号,,,32.2335,120.219565
,肯德基(姜堰万家福店),泰州,姜堰区,罗塘街道姜堰大道380号姜堰万家福广场一层,,,32.509901,120.145002
,肯德基(兴化万达店),泰州,兴化市,英武南路256号万汇广场,,,32.89717,119.846453
,肯德基(宣堡服务区北店),泰州,泰兴市,京沪高速公路宣堡服务区北楼1+2,,,32.286919,119.983757
,肯德基(鼓楼新天地店),泰州,泰兴市,鼓楼新天地,,,32.171803,120.056597
,肯德基(永安洲车速取餐厅),泰州,高港区,永安洲镇永新中路55-4号,,,32.235987,119.92166
,肯德基(兴化吾悦店),泰州,兴化市,中和路新城吾悦广场一层1060号铺位二层2061号铺位,,,32.910149,119.826921
,肯德基(新骥江店),泰州,靖江市,靖城镇骥江路351号,,,32.01881,120.265131
,肯德基(安丰店),泰州,兴化市,安丰镇新时代银座一层,,,33.096837,120.094331
,肯德基(润晖DT店),泰州,靖江市,渔婆南路98号润晖国际广场,,,32.005166,120.252541
,肯德基(泰兴滨江店),泰州,泰兴市,滨江镇福泰路东侧福泰商业广场一层,,,32.154451,119.969937
,肯德基(泰兴虹桥店),泰州,泰兴市,虹桥镇虹桥新城商业广场A幢114室华宸大酒店一层,,,32.055102,120.000452
,肯德基(宣堡服务区南店),泰州,泰兴市,京沪高速公路宣堡服务区南楼1+2,,,32.286675,119.982375
,肯德基(龙河餐厅),泰州,泰兴市,龙河路南侧枕淮路东侧众安港商业广场二期一层,,,32.188801,120.033866
,肯德基(泰兴吾悦店),泰州,泰兴市,鼓楼北路199号新城吾悦广场1030号商铺,,,32.178513,120.017927
,肯德基(泰兴凤凰店),泰州,泰兴市,济川街道大庆中路32号凤凰广场一层,,,32.17358,120.017062
,肯德基(靖江未来城店),泰州,靖江市,姜八公路西侧纬六路北侧未来城商业街一层,,,32.03983,120.283032
,肯德基(靖江新桥DT店),泰州,靖江市,新桥镇新桥村润新大道南侧江河路东侧肯德基汽车穿梭餐厅,,,31.996036,120.080841
,肯德基(靖江印象城店),泰州,靖江市,新洲路南侧晨阳路东侧印象城一层,,,31.975067,120.277676
,肯德基(兴化汽车站店),泰州,兴化市,兴化汽车客运站1层,,,32.915609,119.868924
,肯德基(黄桥梦想城店),泰州,泰兴市,黄桥镇城黄路南侧定慧路西侧大梦想城一层,,,32.227862,120.220299
,肯德基(张郭餐厅),泰州,兴化市,张郭镇同济路233号超市一层,,,32.755043,120.166013
,肯德基(百富绅鑫宏发店),泰州,靖江市,靖城镇百富绅国际装饰家居广场一层,,,31.977054,120.248057
,肯德基(靖江凯旋国际餐厅),泰州,靖江市,人民中路99号凯旋国际广场5号楼一层,,,31.993977,120.261206
,肯德基(靖江斜桥店),泰州,靖江市,东阜路以北斜桥镇新港商业广场一层,,,32.055535,120.386764
,肯德基(靖江晨阳里店),泰州,靖江市,晨阳路80号晨阳里商业街一层,,,31.974374,120.276833
,肯德基(戴泽路车速取餐厅),泰州,兴化市,戴南镇戴泽路3号,,,32.726665,120.134383
,肯德基车慢取餐厅(兴化城南DT店),泰州,兴化市,文昌路与文峰路交叉口东南80米肯德基兴化城南DT店车道取餐口,,,32.899475,119.859525
,KFC甜品站(上海城店),泰州,靖江市,上海城东门旁,,,32.011999,120.266932
,肯德基青少年茂车速取餐厅,泰州,海陵区,鼓楼北路102号儿童书坊一层(鼓楼印对面),,,32.505109,119.922566
,肯德基(德诚店),泰州,靖江市,德城城市广场2125,,,32.017563,120.267967
,肯德基车速取餐厅(恒大华府店),泰州,海陵区,海陵路253号湖畔铭园34幢114室1层肯德基恒大华府车速取餐厅车道取餐口,,,32.427439,119.916891
,肯德基甜品站(泰和吾悦广场店),泰州,靖江市,工农路118号吾悦广场靖江泰和店F2层,,,32.005839,120.260662
,肯德基(文峰广场店),南通,崇川区,虹桥路1号南通文峰城市广场一层,,,31.995574,120.884391
,肯德基(南通印象城店),南通,崇川区,工农南路155号印象城负一层B1-19,,,31.986925,120.887975
,肯德基(南通桃园路店),南通,崇川区,桃园路12号中南大有境负一楼,,,31.968856,120.894327
,肯德基(南通崇川店),南通,崇川区,星城路299号(南通大学地铁站2号口步行310米),,,31.97685,120.908285
,肯德基(南通圆融店),南通,崇川区,工农路57号圆融广场LG层(文峰地铁站出入口旁),,,32.004844,120.884077
,肯德基(南通会展中心店),南通,崇川区,南通体育会展中心消费免停车费1H,,,31.967059,120.897365
,肯德基(南通工农路店),南通,崇川区,工农路515号金飞达广场乐购超市一楼肯德基,,,32.024734,120.881699
,肯德基(南通城山路店),南通,崇川区,城山路100号苏果超市一楼,,,31.994244,120.876538
,肯德基(飞马国际店),南通,崇川区,长通路9号D幢一层DS-102室,,,31.930148,120.95589
,肯德基(南通人民医院店),南通,崇川区,胜利路666号南通第一人民医院新院负一层B1F-12号,,,31.980213,120.927708
,肯德基(南通国城大润发店),南通,崇川区,观音山街道青年中路200号国城大润发超市一楼,,,31.999024,120.931252
,肯德基(南通嘉悦汇店),南通,崇川区,普贤路99号圆融嘉悦汇(普贤路地铁站2号口旁),,,32.062889,120.830085
,肯德基(通州先锋店),南通,通州区,先锋街道富锋路398号先锋新时代广场A18号,,,32.007611,120.975648
,肯德基(南通中南时代悦城店),南通,崇川区,观畅路38号悦汇园28幢时代悦城店负一层B1025-B1026号,,,32.002953,120.915305
,肯德基(南通永旺店),南通,崇川区,星湖大道1066号永旺梦乐城一层145号,,,31.922908,120.96176
,肯德基(南通北大街店),南通,崇川区,北大街108号(大润发超市一层),,,32.049765,120.860869
,肯德基(南通耀江广场店),南通,崇川区,开发区源兴路558号南通耀江商业广场6号楼一层C-101号,,,31.950071,120.918174
,肯德基(南通邦豪店),南通,崇川区,濠北路529号万濠城,,,32.024421,120.855451
,肯德基(悦玺店),南通,崇川区,北大街111号L337号商铺,,,32.051652,120.858957
,肯德基(南通京扬店),南通,崇川区,人民中路209号京扬市集一楼,,,32.024016,120.900662
,肯德基(南通七彩店),南通,崇川区,桃坞路58号,,,32.010167,120.855129
,肯德基(南通任港店),南通,崇川区,任港路50号大润发1楼,,,32.010026,120.840076
,肯德基(南通万象城店),南通,崇川区,永怡路和站前西街交叉口东北角南通万象城L3层L337,,,32.050761,120.85922
,肯德基(南通通润发店),南通,崇川区,人民中路86-1(友谊桥地铁站5号口旁),,,32.017154,120.866717
,肯德基(圆融堤调店),南通,崇川区,永怡路111号南通堤调商业中心A1楼一层铺位号101,,,32.049237,120.854213
,肯德基(南通世茂店),南通,崇川区,开发区上海东路北新河路东世茂广场大润发一楼,,,31.921448,120.951123
,肯德基(南通人民店),南通,崇川区,人民中路10-1(孩儿巷地铁站1A口步行230米),,,32.015616,120.853386
,肯德基(通州万达店),南通,通州区,高新技术产业开发区朝霞东路198号,,,32.064571,121.091883
,肯德基(南通盛景广场店),南通,崇川区,新开北路113号盛景大厦4幢102室一号,,,31.959489,120.94729
,肯德基(南通紫琅店),南通,崇川区,南通经济技术开发区崇州大道60号紫琅科技城7幢1F-01,,,31.966988,120.930563
,肯德基(南通万达店),南通,崇川区,深南路9号万达广场一楼,,,32.036086,120.835254
,肯德基(南通华强城店),南通,崇川区,华强城74幢103室华强广场一层L1-01,,,32.042014,120.861117
,肯德基(南通八佰伴店),南通,崇川区,人民中路47号八佰伴2层,,,32.016086,120.86555
,肯德基(南通玖玖广场店),南通,崇川区,工农北路9号玖玖广场6号楼一楼肯德基,,,32.045735,120.877752
,肯德基(苏通邻里店),南通,崇川区,南通经济技术开发区月季路6号苏通邻里中心102室一层,,,31.838294,121.007721
,肯德基(南通喜悦汇店),南通,崇川区,石桥路88号皇家花园24幢1层24-112-24-113-24-114-24-115号,,,32.054142,120.871888
,肯德基(南通陈桥店),南通,崇川区,集美路198号南通天元汇东区一楼A1A2A23A24号,,,32.091472,120.797159
,肯德基(南通妇幼保健院店),南通,崇川区,南通经济技术开发区崇川路58号8幢一层105号,,,31.979552,120.905346
,肯德基(南通悦拾光店),南通,崇川区,上海东路越秀城市广场,,,31.917907,120.948184
,肯德基(南通张芝山店),南通,通州区,张江路99号德力新天地F1层,,,31.923587,121.008989
,肯德基(建设路店),南通,通州区,通杨南路2号,,,32.10068,120.74645
,肯德基(通州二甲店),南通,通州区,地纬·金樽花园南门东290米,,,32.018086,121.187475
,肯德基(通州金悦汇店),南通,通州区,建设路与为民路交叉口西北60米,,,32.08697,121.073912
,肯德基(海门叠石桥店),南通,海门区,三星镇叠石桥绣女街西侧步行街1号楼一层1118号,,,31.965057,121.078984
,肯德基(通州文峰店),南通,通州区,金沙镇建设路76号通州文峰大世界内,,,32.086068,121.075099
,肯德基(通州奥邦店),南通,通州区,通州市高新区金霞路888号,,,32.073714,121.084377
,肯德基(南通盛景广场车速取餐厅),南通,崇川区,开发区新开北路113号盛景大厦4幢102室一号,,,31.939721,120.948439
,肯德基(中国石油鑫纳尔加油站店),南通,崇川区,洪江路高架中国石油鑫纳尔加油站,,,31.990128,120.920979
,肯德基(通州金沙店),南通,通州区,金沙镇建设南路18号大润发卖场一层,,,32.079855,121.076758
,肯德基(苏通乐园店),南通,崇川区,海澳路99号枫叶小镇肯德基北1号门,,,31.812798,120.987055
,肯德基(华融和生店),南通,通州区,川姜镇川叠路1555号华融和生商业广场1层,,,31.953811,121.067333
,肯德基(通州嘉海坊店),南通,通州区,9号金沙街道学林路2号通州嘉海坊广场B楼一楼106号107号108号10,,,32.082448,121.084419
,肯德基(通州桃李江山店),南通,通州区,牡丹江路与金桥路交叉口东南100米,,,32.054538,121.099183
,肯德基(南通城市之光车速取店),南通,崇川区,人民中路288号城市之光花园A座149-150-151室,,,32.016625,120.923175
,肯德基(南通唐闸店),南通,崇川区,唐闸镇兴隆街2-1号一楼二楼,,,32.061894,120.812023
,肯德基(通州时代之光店),南通,通州区,新世纪大道1098号19幢商铺119-122,,,32.036527,121.071093
,肯德基(南通兴东机场店),南通,通州区,兴东街道南通兴东机场CFDT-2区域,,,32.067675,120.978675
,肯德基(江安店),南通,如皋市,人民路29号,,,32.168169,120.41503
,肯德基(观音山棕榈湾餐厅),南通,崇川区,骏和棕榈湾1幢101-102室,,,32.019475,120.935075
,肯德基(南通禧乐汇车速取餐厅),南通,崇川区,虹桥路96号虹东花苑1号楼A座,,,31.998125,120.853525
,肯德基(海门时代店),南通,海门区,解放中路309号北贵都之星利群时代一层肯德基餐厅,,,31.895283,121.183806
,肯德基(海门中南城店),南通,海门区,南海路南张謇大道西侧海门彩虹漾一层,,,31.877125,121.175125
,肯德基(通州湾东安荟DT店),南通,如东县,东安大道20号东安荟商业广场一楼肯德基,,,32.257012,121.378256
,肯德基(如皋西欧国际店),南通,如皋市,中山路398号丰乐桥西欧国际广场一层,,,32.390645,120.564217
,肯德基(南通兴东机场店),南通,通州区,机场大道兴东国际机场出发大厅,,,32.067675,120.978675
,肯德基(南通竹行店),南通,崇川区,南通经济技术开发区开发区振兴东路9号,,,31.90492,120.986003
,肯德基(南通刘桥店),南通,通州区,刘桥镇刘桥社区居委会11组交通路24号2幢M7商铺,,,32.161084,120.844861
,肯德基(海门江海明珠店),南通,海门区,江海中路337号中南南通海门大有境F1层,,,31.880104,121.166301
,肯德基(如皋九华店),南通,如皋市,九华镇润华路199号珺临雅居一层南侧01-05铺,,,32.141691,120.696615
,肯德基(如皋长江店),南通,如皋市,长江镇长江中路6号文峰大世界一楼肯德基,,,32.102438,120.572957
,肯德基(铂金时代店),南通,通州区,金桥路209号通州铂金时代花园3栋一楼1-1,,,32.053053,121.070706
,肯德基(苏通大桥服务区西区餐厅),南通,崇川区,沈海高速苏通大桥服务区西区(南通往苏州方向),,,31.867739,120.993591
,肯德基(海门师山广场店),南通,海门区,海门街道解放路北侧海门师山广场一层,,,31.893765,121.170829
,肯德基(海安西场店),南通,海安市,爱楼路与164乡道交叉口北300米,,,32.530151,120.59484
,肯德基(如皋大润发店),南通,如皋市,海阳路福寿路199号大润发超一楼,,,32.379502,120.57077
,肯德基(如皋益寿路店),南通,如皋市,中山西路1号正翔广场1楼,,,32.385943,120.552443
,肯德基(如东大豫店),南通,如东县,大豫镇人民南路136号,,,32.263829,121.299587
,肯德基(长江金雅店),南通,如皋市,长江镇恒水路2号金雅名都荟商业广场4-101,,,32.101647,120.599511
,肯德基(海安雨润店),南通,海安市,中坝中路41号海安雨润中央购物广场一层商铺号D1008-D1009,,,32.538005,120.463626
,肯德基(海门中央公园店),南通,海门区,海门街道莘园31幢165室,,,31.876621,121.194987
,肯德基(海安明珠店),南通,海安市,市中坝南路1号明珠城,,,32.536375,120.463056
,肯德基(海门步行街DT餐厅),南通,海门区,海门街道青海东路398号,,,31.89835,121.19408
,肯德基(苏通大桥服务区东区餐厅),南通,崇川区,沈海高速苏通大桥服务区东区(苏州往南通方向),,,31.867789,120.991324
,肯德基(如皋万达店),南通,如皋市,万寿南路998号万达广场1038号,,,32.378605,120.586838
,肯德基(渔湾中路店),南通,通州区,石港镇渔湾中路富港商业街112-114号,,,32.208984,120.977116
,肯德基(海门富江邻里车速取餐厅),南通,海门区,海门街道通江路58号富江商业广场1层,,,31.90001,121.152107
,肯德基(如皋白蒲店),南通,如皋市,白蒲镇文峰大世界一楼,,,32.242922,120.762096
,肯德基(如东马塘店),南通,如东县,江海西路与马新路交叉口西80米,,,32.31884,121.044225
,肯德基(鹤城北路店),南通,启东市,鹤城北路1088号1层113号,,,32.066075,121.605875
,肯德基(海安万达店),南通,海安市,市海安县高新区钟庄路东侧黄海大道北侧海安万达广场1019-1020号,,,32.516493,120.45304
,肯德基(如皋新城吾悦店),南通,如皋市,惠政路5号如皋吾悦广场1F-1001-1号,,,32.368763,120.577324
,肯德基(如东亚萍店),南通,如东县,青园北路12号,,,32.310574,121.184785
,肯德基(海门欧尚餐厅),南通,海门区,黄海路530号欧尚超市一楼,,,31.884444,121.186838
,肯德基(海安星湖店),南通,海安市,黄海东路29号星湖001商业广场F1层,,,32.53536,120.496001
,肯德基(海安江海路店),南通,海安市,市宁海南路2号文峰大世界购物中心1楼,,,32.539099,120.468291
,肯德基(如皋皋邻广场店),南通,如皋市,万寿南路与丞相大道交叉口西南60米,,,32.352728,120.60081
,肯德基(海安宁海店),南通,海安市,市人民东路6号,,,32.545438,120.464347
,肯德基(海安中大街店),南通,海安市,市中大街26号利群时代超市一层,,,32.544365,120.459323
,肯德基(海门江城逸品车速取餐厅),南通,海门区,南海路南张骞大道东江城逸品二期商铺1084号1086号,,,31.880049,121.179964
,肯德基(如皋石庄店),南通,如皋市,石庄镇石庄路86号业琛商业广场,,,32.141665,120.535457
,肯德基(如皋文峰店),南通,如皋市,如城街道中山东路588号如皋文峰城市广场一层,,,32.39499,120.578718
,肯德基(海门三厂餐厅),南通,海门区,三厂街道中华中路178号底层108号,,,31.892193,121.24866
,肯德基(南理工海安校区店)(暂停营业),南通,海安市,城东镇上湖大道1号南通理工学院校内文化交流中心一楼,,,32.510884,120.551547
,肯德基(通州三余店),南通,通州区,三余镇人民路88号,,,32.133606,121.288013
,肯德基(海门步行街车速取餐厅),南通,海门区,海门街道青海东路398号底层1-1888号,,,31.898364,121.194105
,肯德基(如东时代生活广场店),南通,如东县,掘港镇海花路186号如东时代生活广场一楼肯德基,,,32.30882,121.192126
,肯德基(如东欧尚店),南通,如东县,掘港镇通海路9号(欧尚超市一层),,,32.318671,121.181286
,肯德基门,南通,如皋市,石庄通江路与345国道交叉口南20米,,,32.145404,120.551215
,肯德基(如皋磨头店),南通,如皋市,磨头镇育贤路1号福家生活超市,,,32.287825,120.568675
,肯德基(如东城区店),南通,如东县,掘港镇老城区青园北路19号如东文峰大世界内,,,32.311616,121.184599
,肯德基(启东大润发店),南通,启东市,灵秀中路516号(大润发地下车库出口处旁),,,31.799724,121.664224
,肯德基(海安城市客厅店),南通,海安市,安平中路209号城市客厅购物中心一层105-107号铺位,,,32.522874,120.463342
,肯德基(启东文峰店),南通,启东市,汇龙镇人民中路650号启东文峰大世界一层003号C01号C02号,,,31.810737,121.658505
,肯德基(如皋中交美庐店),南通,如皋市,城北街道如意新村中交美庐天地1幢一层,,,32.416086,120.560772
,肯德基(紫薇中路店),南通,启东市,江海中路942号一层102铺位,,,31.818184,121.663996
,肯德基(海安瑞海店),南通,海安市,宁海路70号海安瑞海铺位102-5号,,,32.533163,120.474862
,肯德基(如东长沙车速取餐厅),南通,如东县,长沙镇黄海路8号天瑞海港城17号楼117商铺,,,32.400583,121.289253
,肯德基(吕四欣乐城店),南通,启东市,吕四港镇鹤城南路29号欣乐鹤城苑D区幸福蓝海影城旁,,,32.04722,121.600845
,肯德基(吕四店),南通,启东市,吕四港镇环城北路272号吕四宾馆楼下,,,32.05943,121.604495
,肯德基车速取餐厅(海安李堡店),南通,海安市,包场南路115号肯德基,,,32.559412,120.692258
,KFC,南通,海门区,江海中路337号南通海门大有境1F层,,,31.880158,121.166342
,肯德基(如东县双甸镇餐厅),南通,如东县,双甸镇江海路25号明珠花苑6幢101-102号,,,32.349675,120.827875
,肯德基(如皋搬经车速取店),南通,如皋市,搬经镇顺帆路25号101室,,,32.304199,120.414871
,肯德基(如东岔河车速取餐厅),南通,如东县,岔河镇通洋南路20号金悦汇一层1F-01号,,,32.350044,120.921623
,肯德基(爷爷自在茶如东雨润店),南通,如东县,城中街道珠江路7号如东喜润城1F层,,,32.324259,121.186319
,肯德基(启东吾悦店),南通,启东市,汇龙镇建设南路8号新城吾悦广场1028、2029-2号,,,31.787776,121.661088
,肯德基(如东栟茶餐厅),南通,如东县,栟茶镇中市街71号,,,32.517045,120.893884
,肯德基(如东丰利店),南通,如东县,丰利镇农行斜对面,,,32.445136,121.038073
,肯德基(通州三余车速取餐厅),南通,通州区,三余镇人民路88号,,,32.133596,121.288195
,肯德基(启东碧桂街区店),南通,启东市,开发区中邦上海城商业二期购物中心一层1-004号,,,31.817364,121.641879
,肯德基(启东凤凰荟购物中心店),南通,启东市,人民西路1188号启东凤凰荟购物中心F1层,,,31.818175,121.639525
,肯德基(如皋吴窑镇餐厅),南通,如皋市,吴窑镇吴窑居鲁班路8号,,,32.20028,120.549858
,肯德基(启东欣乐城店),南通,启东市,人民东路29号欣乐城太平洋百货一层,,,31.798932,121.67912
,肯德基(启东三美车速取餐厅),南通,启东市,汇龙镇江海南路402号102铺位,,,31.801826,121.651971
,肯德基(如皋搬经车速取餐厅),南通,如皋市,搬经镇顺帆路25号101室,,,32.304225,120.414592
,肯德基(吕四鹤城车速取餐厅),南通,启东市,吕四港镇鹤城北路1088号1层113号,,,32.06607,121.6059
,肯德基(启东碧桂街区店),南通,启东市,启东市开发区中邦上海城商业二期购物中心一层1-004号,,,31.817325,121.641875
,肯德基(启东公园爷爷自在茶店),南通,启东市,公园路545号,,,31.80736,121.662791
,肯德基(启东海上店),南通,启东市,恒大海上威尼斯6-4幢,,,31.715467,121.936853
,肯德基(启东凤凰荟店),南通,启东市,启东市开发区中邦上海城商业二期购物中心一层1-004号,,,31.817364,121.641879
,肯德基(中南上锦花园店),南通,如皋市,"城北街道上锦花园33幢33-101室,33-102室,33-120室,33-121室一层",,,32.404585,120.572462
,肯德基(曲塘香溢花城店),南通,海安市,市中心南街88号香溢花城20号楼一层,,,32.496591,120.325817
,KFC甜品站(印象城店),南通,崇川区,工农南路155号印象城F3层,,,31.986325,120.888025
,肯德基(启东近海店),南通,启东市,南海路523号,,,31.906332,121.831775
,肯德基(南通龙王桥店),南通,崇川区,工农路259号(学田地铁站2号口步行420米),,,32.018799,120.882084
,肯德基(虹桥·禧乐汇店),南通,崇川区,虹桥·禧乐汇,,,31.998239,120.853567
,肯德基(新悦里车速取店),南通,崇川区,星湖邻里3幢商业1层1-107,,,31.919901,120.941712
,肯德基(海门电竞中心车速取餐厅),南通,海门区,海门市香港路858号电竞中心一楼,,,31.82794,121.154316
,肯德基车速取餐厅(渔湾中路店),南通,通州区,渔湾中路39号112-113-114室,,,32.209335,120.977254
,肯德基甜品站(南通通润发店),南通,崇川区,人民中路86-1号(友谊桥地铁站5号口旁),,,32.017131,120.866762
,KFC甜品站(南通中心金鹰购物中心店),南通,崇川区,工农路57号金鹰购物中心南通中心店-1层,,,32.004624,120.884004
,肯德基车速取餐点(海安瑞海店),南通,海安市,宁海南路与安平路交叉口西北240米,,,32.533193,120.474918
,批发移门卫浴肯德基门,南通,如皋市,佩尔斯路与怡年路交叉口东200米,,,32.37392,120.541571
,肯德基(大市口店),镇江,京口区,解放路218号,,,32.204261,119.454527
,肯德基(庄泉店),镇江,润州区,西路万达广场肯德基一楼,,,32.195258,119.435635
,肯德基(电力路店),镇江,润州区,中山东路382号九洲广场1层107号,,,32.203947,119.445177
,肯德基(学府路店),镇江,京口区,学府路68号大润发学府店1楼肯德基,,,32.192103,119.481582
,肯德基(镇江印象店),镇江,润州区,中山西路88号协信星光时代广场一层L133号铺位,,,32.201571,119.436231
,肯德基(谷阳大道DT店),镇江,丹徒区,华珊豪庭2幢,,,32.126805,119.418599
,肯德基(梦溪店),镇江,京口区,梦溪路8号展销馆一楼,,,32.20127,119.465893
,肯德基(润京店),镇江,京口区,小米山路99号大润发1楼,,,32.205342,119.481584
,肯德基(丁卯店),镇江,京口区,丁卯桥路北谷阳路东沃尔玛购物广场一层,,,32.179798,119.494906
,肯德基(东吴店),镇江,京口区,红豆广场九里街1号,,,32.219244,119.480322
,肯德基(镇江吾悦店),镇江,京口区,丁卯桥路以南经七路以西镇江吾悦广场二层,,,32.178002,119.496575
,肯德基(象山路DT店),镇江,京口区,象山路以北一层,,,32.224471,119.496089
,肯德基(镇江宝龙店),镇江,丹徒区,丹徒宝龙广场一层1号门,,,32.127393,119.446321
,肯德基(凤凰店),镇江,京口区,东吴路48号凤凰广场F1层,,,32.213835,119.464864
,肯德基(镇江冠城店),镇江,丹徒区,冠城商业中心高力家具港,,,32.129394,119.446004
,肯德基(江苏大学店)(暂停营业),镇江,京口区,学府路301号江苏大学国际餐厅,,,32.202481,119.513958
,肯德基(大港大润发店),镇江,京口区,扬子江路南侧大润发超一层,,,32.158226,119.673828
,肯德基(中石油迎宾路DT店),镇江,丹阳市,迎宾路242号(迎宾路与迎春路交界处),,,32.004816,119.593412
,肯德基(广场店),镇江,丹阳市,新民中路2号华地百货2层,,,31.992107,119.572752
,肯德基(紫檀公寓店),镇江,润州区,凤凰山路9号紫檀公寓17幢110室111室112室一层,,,32.165481,119.424538
,肯德基(练湖新城店),镇江,丹阳市,练湖西环路(鑫润发百货广场一层),,,32.007956,119.559861
,肯德基(大港店),镇江,京口区,镇江新区赵声路82号,,,32.183159,119.670205
,肯德基(江苏科技大学店)(暂停营业),镇江,丹徒区,长晖路666号江苏科技大学长山校区图书馆一层,,,32.110314,119.366296
,肯德基(丹凤店),镇江,丹阳市,南环路1号大润发超市1层,,,31.983426,119.580807
,肯德基(丹阳迎春路店),镇江,丹阳市,府前星座花园12幢2室一层,,,32.005267,119.604461
,肯德基(丹阳高楼中石化DT店),镇江,丹阳市,大泊镇迎宾路与镇北路叉口高楼油站,,,32.032282,119.597591
,肯德基(新城广场店),镇江,京口区,南环路8号新城广场1幢一层,,,32.138978,119.711597
,肯德基(仙人山服务区南店),镇江,丹徒区,沪蓉高速公路江苏段仙人山服务区南区一层,,,32.041742,119.393047
,肯德基(仙人山服务区北店),镇江,丹徒区,沪蓉高速公路江苏段仙人山服务区北区一层,,,32.045253,119.392997
,肯德基(振兴店),镇江,丹阳市,后巷镇中心大街58号,,,32.089704,119.766785
,肯德基(美的城DT店),镇江,润州区,"朱方路518号美的广场一楼,靠近润州公安局",,,32.184273,119.404482
,肯德基(江苏大学吉麦隆生活卖场店),镇江,京口区,学府路经十二路西侧吉麦隆超市一层,,,32.194495,119.508888
,肯德基(丹阳高楼中石化油站店),镇江,丹阳市,大泊镇迎宾路与镇北路叉口高楼油站,,,32.032404,119.597728
,肯德基(新天一店),镇江,句容市,华阳镇寺街西帕提亚广场,,,31.943794,119.172226
,肯德基(丹阳金鹰店),镇江,丹阳市,新民东路99号金鹰天地广场北区113铺一层及二层,,,31.991056,119.575565
,肯德基(新华阳店),镇江,句容市,华阳东路1号句容雨润中央商场187号1层,,,31.947947,119.167621
,肯德基(东郊奥莱DT店),镇江,句容市,郭庄镇空港新区临泉路1号,,,31.81352,119.005139
,肯德基(界牌红星店),镇江,丹阳市,界牌镇宏森大道与丹界线交叉口红星星毅广场14层,,,32.07896,119.837975
,肯德基(建中·御东国际店),镇江,句容市,[],,,31.929754,119.18553
,肯德基(丹阳华南车速取店),镇江,丹阳市,华南路与振兴路交叉口北220米,,,31.969725,119.571375
,肯德基(葛洪路店),镇江,句容市,华阳东路和东昌路交汇处都市晴园平价店1层105号,,,31.949425,119.178787
,肯德基(句容碧桂园店),镇江,句容市,碧桂园1号碧桂园欢乐城,,,32.015425,119.107018
,肯德基(丹阳吾悦店),镇江,丹阳市,金陵西路55号吾悦广场一楼,,,31.996874,119.609051
,肯德基(梦想城店),镇江,丹阳市,新桥镇东环路与丹界线交叉口五洲梦想城一层,,,32.075849,119.817311
,肯德基(扬中吾悦店),镇江,扬中市,迎宾大道南新民南路西新城吾悦广场1048-2号商铺,,,32.221846,119.79326
,肯德基(宝华星河荟店),镇江,句容市,宝华镇仙林东路16号星河荟商业中心一楼,,,32.12155,119.031068
,肯德基(扬中雨润店),镇江,扬中市,江洲西路8号中央商场(扬中店)F1层,,,32.238829,119.826101
,肯德基(宝华双创店),镇江,句容市,双创大厦,,,32.121194,119.029839
,肯德基(富豪国际店),镇江,句容市,华阳东路11-1号富豪广场1层,,,31.947976,119.170442
,肯德基(句容吾悦店),镇江,句容市,宁杭南路99号新城吾悦广场2031-2032号商铺,,,31.926158,119.171268
,肯德基(御东国际店),镇江,句容市,华阳镇东昌南路88号御东国际D06幢107号108号109号,,,31.929483,119.185466
,肯德基(迎宾大道车速取餐厅),镇江,扬中市,三茅街道迎宾大道997号一层,,,32.222063,119.818474
,肯德基(丹阳皇塘餐厅),镇江,丹阳市,皇塘镇皇家花园B幢26室27室,,,31.785185,119.700327
,肯德基(和爱路车速取餐厅),镇江,句容市,开发区崇明西路北侧世茂大酒店(酒店商场)114号115号116号,,,31.952966,119.147432
,肯德基(丹阳陵口餐厅),镇江,丹阳市,陵口镇肖梁路236号,,,31.947868,119.657685
,东郊奥莱DTKFC,镇江,句容市,郭庄镇临泉路1号南京东郊奥特莱斯,,,31.812575,119.003775
,肯德基(扬中扬子江),镇江,扬中市,扬子东路扬子商业广场一层肯德基扬中扬子江餐厅车道取餐口,,,32.234411,119.82644
,肯德基车速取餐厅(葛洪路店),镇江,句容市,便民生活广场一层肯德基葛洪路车速取车道取餐口,,,31.949425,119.178787
,肯德基车速取餐厅(美的城DT店),镇江,润州区,朱方路518号美的城二区,,,32.190123,119.410551
,肯德基(北环欧尚店),常州,天宁区,永宁路18号(翠竹地铁站2号口步行120米),,,31.793537,119.975347
,肯德基(常州百大店),常州,钟楼区,南大街莱蒙都会商业街1-116号,,,31.77614,119.95362
,肯德基(延陵店),常州,钟楼区,延陵西路166号(南大街地铁站1号口旁),,,31.779941,119.953865
,肯德基(龙城天街店),常州,钟楼区,勤业路295号龙城天街一层铺位编号01-1F-02,,,31.793782,119.91557
,肯德基(世纪店),常州,新北区,通江中路318号,,,31.823093,119.974108
,肯德基(勤业欧尚店),常州,钟楼区,勤业路285号(勤业地铁站2号口步行440米),,,31.788407,119.923508
,肯德基(文化广场店),常州,新北区,锦绣路2号B1层88号和90号铺位,,,31.804722,119.974818
,肯德基(泰富店),常州,天宁区,延陵西路15号嘉宏世纪大厦一二层,,,31.776123,119.961195
,肯德基(青山店),常州,钟楼区,关河西路斗巷1幢,,,31.789773,119.95765
,肯德基(世纪华城店),常州,天宁区,长江路2号,,,31.754682,119.928494
,肯德基(常州钟楼宝龙广场店),常州,钟楼区,宝龙城市广场c区5幢M1F1,,,31.792144,119.893433
,肯德基(常州恐龙园店),常州,新北区,龙汇路60-10号楼靠近迪诺·奥特莱斯购物村,,,31.821676,120.005759
,肯德基(常州环球港店),常州,新北区,通江中路598号一层(环球港地铁站2号口步行390米),,,31.842633,119.978311
,肯德基(北环时代店),常州,天宁区,竹林南路101号,,,31.782588,119.983878
,肯德基(天宁吾悦店),常州,天宁区,东方西路南侧名山路东侧天宁吾悦广场1040及1041号商铺,,,31.764735,120.010588
,肯德基(常州城际店),常州,天宁区,客运中心北广场火车站内,,,31.784975,119.973936
,肯德基(武进万达店),常州,武进区,花园街301号万达广场F2层,,,31.73213,119.948555
,肯德基(秋广场店),常州,天宁区,金融大街与天辰街交叉口西南20米,,,31.798254,120.004009
,肯德基,常州,武进区,凤栖路与龙帆路交叉口南100米(南夏墅地铁站2B口旁),,,31.632125,119.951625
,肯德基(广信悦动店),常州,天宁区,青龙苑东侧青阳北路西侧新堂北路北侧悦动广场2幢一层,,,31.798037,120.021054
,肯德基(常润发店),常州,天宁区,关河东路58号,,,31.778082,119.975534
,肯德基(吾悦国际店),常州,钟楼区,延陵西路123号吾悦广场F2层,,,31.78053,119.949481
,肯德基(定安店),常州,武进区,定安中路433号,,,31.718786,119.956617
,肯德基(奇恩大润发店),常州,钟楼区,怀德中路133号,,,31.77732,119.933442
,肯德基(南洋广场店),常州,武进区,武进区国家高新技术产业开发区广电西路166号1号楼南洋广场一层,,,31.715792,119.958101
,肯德基(常州北站店),常州,新北区,常州北站候车室外北侧,,,31.854034,119.956333
,肯德基(星光天地店),常州,钟楼区,晋陵中路与吊桥路交汇处嘉宏星光天地一层,,,31.770044,119.956089
,肯德基(新桥商业广场店),常州,新北区,新桥商业广场B区2幢一层,,,31.858951,119.967226
,肯德基(常州局前街九序店),常州,钟楼区,小河沿5号九序世家大厦2幢108室,,,31.78068,119.956815
,肯德基(常州大数据产业园店),常州,钟楼区,玉龙路280号4号楼地上一层02号铺位,,,31.810174,119.89494
,肯德基(郑陆新怡华店),常州,天宁区,迎宾南路21号,,,31.821342,120.077912
,肯德基(丽华DT店),常州,天宁区,丽华路西侧312国道北侧诺诚高第一层二层,,,31.749892,119.978017
,肯德基(兰陵店),常州,天宁区,兰陵北路43号(欧尚超市),,,31.750313,119.945385
,肯德基(中吴广场店),常州,钟楼区,龙江中路6-2号楼101号中吴广场一层铺位,,,31.773558,119.897429
,肯德基(关河东路中石油DT店),常州,天宁区,天宁街道关河东路2-4号,,,31.77041,119.982374
,肯德基,常州,钟楼区,和裕路与德裕路交叉口西南40米,,,31.767025,119.751075
,肯德基(常州荆川新怡华餐厅),常州,钟楼区,荆川东路9-11号,,,31.763893,119.927057
,肯德基(薛家苏果店),常州,新北区,天宇购物广场苏果超,,,31.848884,119.931496
,肯德基(常州景泰新怡华店),常州,天宁区,景泰家园4-3号新怡华超市景泰店一层,,,31.756391,119.96604
,肯德基(鸣新路店),常州,武进区,[],,,31.67511,119.942878
,肯德基(弘阳广场店),常州,天宁区,中吴大道南侧长江南路西侧弘阳广场一层L1-018号商铺,,,31.753664,119.927336
,肯德基(武进长虹路店),常州,武进区,长虹东路与花园街东北角大润发1层,,,31.704383,119.950735
,肯德基(常州武进星河店),常州,武进区,武宜北路与社桥路交叉口西南50米星河COCO CityL1层,,,31.716539,119.941376
,肯德基(薛家新怡华店),常州,新北区,薛家镇聚怡花园9-1号一层,,,31.854292,119.924107
,肯德基(常州武进银谷店),常州,武进区,银谷华庭1幢101号银谷广场一层,,,31.675207,119.936186
,肯德基(武进星湖店),常州,武进区,西湖东路2-18号,,,31.665815,119.965159
,肯德基(常州牛塘湖滨新街餐厅),常州,武进区,人民路湖滨新街4幢1号一层以及2号,,,31.729378,119.898324
,肯德基(南夏墅百悦荟店),常州,武进区,南塘路与新仪路交汇处中梁百悦广场1层B101、B102、B103、B104号铺位,,,31.627503,119.920955
,肯德基(武进人民商场店),常州,武进区,湖塘镇人民中路20号人民商场1楼,,,31.726717,119.946592
,肯德基(常州遥观大润发店),常州,武进区,遥观镇中吴大道与今创路交叉口大润发1F,,,31.71954,120.047327
,肯德基(邹区泰富店),常州,钟楼区,常州易买得东门西南100米,,,31.784844,119.849639
,肯德基(常州科教城北店),常州,武进区,湖塘镇花园街西侧滆湖中路北侧科教城北广场一层,,,31.688303,119.947154
,肯德基(横林新怡华店),常州,武进区,横林镇顺通路,,,31.688336,120.097029
,肯德基(兰陵茂餐厅),常州,天宁区,新世界花苑32-302号,,,31.763576,119.950279
,肯德基(常州安家永安东路餐厅),常州,新北区,安宁路76号1层,,,31.914238,119.90595
,肯德基(奔牛机场店),常州,新北区,机场航站楼一楼到达层2号门西侧,,,31.910998,119.786875
,肯德基(常州横山桥店),常州,武进区,潞横路185号新利财富广场海鲜城一楼明都超市旁,,,31.762877,120.106683
,肯德基(牛塘百辉隆店),常州,武进区,湖滨南路99号金东方颐养中心,,,31.694461,119.899392
,肯德基(常州潞城新怡华店),常州,武进区,东方东路189号3幢101号新怡华超市一层,,,31.753491,120.042767
,肯德基(丰田路店),常州,金坛区,丰田路与中兴路交叉口西80米,,,31.738933,119.627983
,肯德基(嘉泽新怡华),常州,武进区,嘉泽镇,,,31.685875,119.792525
,肯德基(奔牛星光城店),常州,新北区,奔牛镇兴奔路以东南观路认南地块项目施工编号9号楼奔牛星光城一层,,,31.842744,119.827545
,肯德基(常州春江发到家店),常州,新北区,春江街道赣江路298号发到家超市一层,,,31.928434,119.95939
,肯德基(常州芙蓉新怡华餐厅),常州,武进区,常芙西路81号,,,31.768493,120.155218
,肯德基(常州舜山小镇餐厅),常州,天宁区,郑陆镇舜南村委横岸塘后村路188号步行街N9-1号一层,,,31.838425,120.166809
,肯德基(常州罗溪星光城餐厅),常州,新北区,通达路38号空港星光城,,,31.895199,119.820344
,肯德基(前黄乐德购店),常州,武进区,前黄镇景德路76号前黄商贸中心乐德购超市一层,,,31.595906,119.960108
,肯德基(常州儿童医院),常州,天宁区,雕庄街道中吴大道958号常州市儿童医院负一楼家属餐厅区内,,,31.745975,119.999675
,肯德基(金城店),常州,金坛区,司马坊35号第一百货F1,,,31.743904,119.576883
,肯德基(常州510碧乐时光餐厅),常州,武进区,常武中路18-29号常州碧乐时光一层,,,31.684918,119.96547
,肯德基(西太湖青年中心店),常州,武进区,西湖街道湖滨嘉园177-1幢102室一层,,,31.701315,119.858655
,肯德基(明都店),常州,武进区,雪堰镇雪城路,,,31.508201,120.097037
,肯德基(常州新校区河海大学店),常州,金坛区,庆升路与鹏举路交叉口西南280米,,,31.673943,119.582783
,肯德基(芳茂山服务区北店),常州,天宁区,芳茂山服务区(位于沪蓉高速公路G42江苏段K161+560)北区商业服务楼一层,,,31.783992,120.084878
,肯德基(常州邹区新怡华餐厅),常州,钟楼区,邹区镇杨庄村新怡华超市层1-71-8,,,31.778868,119.842844
,肯德基(溧阳吾悦店),常州,溧阳市,溧城镇天目路与永平大道交界处溧阳新城吾悦广场1009/2010号商铺,,,31.405041,119.464195
,肯德基(洛阳明都店),常州,武进区,洛阳镇聚荣嘉园15幢101号明都超市一层,,,31.643997,120.089021
,肯德基(常州好利广场餐厅),常州,武进区,轨道交通一号线一期工程南夏墅交通换乘综合服务用房壹层1-21,,,31.627438,119.942708
,肯德基(华城苏果店),常州,金坛区,华城中路1-3-1,,,31.742151,119.590807
,肯德基(金坛大统华店),常州,金坛区,横街西路121-1号,,,31.746709,119.567494
,肯德基(孟河星光城店),常州,新北区,孟河镇东尧路与灵山中路交叉口孟河星光城一层,,,32.001529,119.84761
,肯德基(金坛·新天地店),常州,金坛区,县府路8号金坛·新天地B区F1层,,,31.740097,119.577135
,肯德基(常州溧阳上兴DT店),常州,溧阳市,永兴大道3号,,,31.525834,119.278695
,肯德基(金坛新天地店),常州,金坛区,中山路30号金坛·新天地A区F1层,,,31.740081,119.577101
,肯德基(金坛吾悦店),常州,金坛区,南环二路吾悦广场1层1028号,,,31.730408,119.592934
,肯德基(常州湟里华辰店),常州,武进区,湟里镇金鼎路1号,,,31.641088,119.70885
,肯德基(阳光城市广场店),常州,溧阳市,平陵中路369号上河城国际购物中心F2层,,,31.426847,119.478184
,肯德基(溧阳中关村店),常州,溧阳市,中关村大道与蒋店线交叉口西南40米,,,31.451688,119.430785
,肯德基(城东大统华店),常州,溧阳市,昆仑南路166号-1,,,31.431471,119.499395
,肯德基(金峰大统华店),常州,溧阳市,建设西路71号101室大统华西门店一层,,,31.422474,119.462389
,肯德基(溧阳万达店),常州,溧阳市,南大街199号万达广场内一层1001号商铺,,,31.402247,119.493106
,肯德基(阳光城市广场店),常州,溧阳市,溧城镇溧阳上河城商业广场内B104和B203号,,,31.426861,119.47825
,肯德基(溧阳平陵大统华店),常州,溧阳市,平陵中路252号1幢大统华城中店一层,,,31.425712,119.481931
,肯德基(雪堰佳源广场店),常州,武进区,雪堰镇太北路以东兴政路以南,,,31.523942,120.060923
,肯德基(燕山润发店),常州,溧阳市,燕山中路11号大润发一楼,,,31.408191,119.479893
,肯德基(溧阳平陵店),常州,溧阳市,溧城镇平陵中路228号平陵广场,,,31.424178,119.485348
,肯德基(漕桥新怡华店),常州,武进区,雪堰镇漕桥金三角东路47号新怡华超市1层,,,31.518063,119.983669
,肯德基(竹箦荣昌),常州,溧阳市,竹安街13-1号竹箦镇荣昌超市旁,,,31.557484,119.331139
,肯德基(茅山服务区店),常州,金坛区,薛埠镇茅山服务区一层0519-,,,31.734819,119.332383
,肯德基(中石化天目新城店),常州,溧阳市,梅岭玉大道天目新城公交站旁,,,31.375145,119.476823
,肯德基(天目新城福美多店),常州,溧阳市,梅岭玉大道265-14号福美多生活超市一层,,,31.374088,119.471198
,肯德基(金坛第一人民医院餐厅),常州,金坛区,区金坛大道500号常州市金坛第一人民医院1号楼门诊楼大厅西南角,,,31.720625,119.575125
,肯德基(戴埠好易得餐厅),常州,溧阳市,戴埠镇珠江东路12号,,,31.313609,119.497131
,KFC sweet甜品站(常州武进吾悦广场店),常州,武进区,武宜中路188号吾悦广场(武进店),,,31.726771,119.939864
,KFC甜品站(上河城店),常州,溧阳市,平陵中路369号上河城国际购物中心F3层,,,31.426571,119.478134
,肯德基(通江DT店),常州,新北区,通江中路396-4号,,,31.828049,119.977198
,肯德基(孟河明都店),常州,新北区,东亭路与金府路交叉口西60米,,,32.012622,119.833507
,肯德基车速取餐点(阳光城市广场店),常州,溧阳市,平陵中路381号,,,31.426944,119.478281
,肯德基(温州新城大厦店),温州,鹿城区,[],,,27.99948,120.702973
,肯德基(鹿城世纪新天地店),温州,鹿城区,[],,,27.987161,120.695955
,肯德基(温州白麓城店),温州,鹿城区,万源路356号,,,27.991323,120.70775
,肯德基(温州文化中心店),温州,鹿城区,学院中路212号鹿城文化中心一楼,,,28.005037,120.692176
,肯德基(温州西城店),温州,鹿城区,西城路47号大世界超市1层,,,28.014782,120.635863
,肯德基(温州安泰店),温州,鹿城区,划龙桥路101-103号安泰大厦一楼,,,27.990044,120.677132
,肯德基(温州新时代店),温州,鹿城区,车站大道288号时代广场购物中心车站大道店F1层,,,27.998549,120.684128
,肯德基(温州南塘新天地店),温州,鹿城区,飞霞南路南塘新天地一层,,,27.995753,120.665036
,肯德基(温州景山印象里店),温州,瓯海区,六虹桥路998号铂龙商业广场F1层,,,27.981917,120.634503
,肯德基(温州未来ONE店),温州,瓯海区,霞坊路39-6号,,,27.943477,120.680871
,肯德基(温州万象城店),温州,瓯海区,温瑞大道999号华润万象城1层,,,27.952851,120.685124
,肯德基(中石油桃花岛店),温州,鹿城区,会展路1118号,,,28.002872,120.728555
,肯德基(温州大学城店),温州,瓯海区,中心南路国大商务广场1层,,,27.918344,120.705409
,肯德基(温州欧洲城店),温州,鹿城区,江滨西路355-357号,,,28.019706,120.671314
,肯德基(温州名城广场店),温州,鹿城区,公园路163号名城广场一层,,,28.012851,120.661929
,肯德基(温州滨江万象城店),温州,鹿城区,瓯江路3999号温州滨江万象城B1层53b商铺,,,28.01744,120.708938
,肯德基(温州大西洋银泰城店),温州,瓯海区,娄桥街道瓯海大道1299号,,,27.962439,120.604234
,肯德基(温州未来城DT店),温州,龙湾区,蒲州温州大道温州未来之城项目15号楼,,,27.980482,120.723063
,肯德基(温州锦绣店),温州,鹿城区,锦绣路南国大厦一楼,,,27.999746,120.694264
,肯德基(新城数码电信店),温州,鹿城区,新城大道140号新城数码大厦一层,,,27.998586,120.708877
,肯德基(华侨城欢乐天地店),温州,瓯海区,新桥街道东岸花路高翔华侨城欢乐天地一楼,,,27.966151,120.638821
,肯德基(温州时尚港店),温州,鹿城区,温金路1000号时尚港F1层,,,28.035006,120.591325
,肯德基(瓯北中楠府店),温州,永嘉县,东瓯大道与双塔路交叉口东北150号肯德基,,,28.041384,120.624409
,肯德基(温州滨江广场店),温州,鹿城区,鞋都大道235号,,,28.01747,120.617843
,肯德基(温州世贸店),温州,鹿城区,荷花路156号温州世贸银泰百货二期B1004、B2007,,,28.00643,120.664205
,肯德基(瞿溪新天地店),温州,瓯海区,[],,,27.992484,120.535196
,肯德基(温州飞霞路电信店),温州,鹿城区,飞霞路电信大楼一层肯德基,,,28.012396,120.670471
,肯德基(温州人民店),温州,鹿城区,人民路30号,,,28.009977,120.661019
,肯德基(瓯海泽霞雅苑店),温州,瓯海区,梧田街道泽霞雅苑营业安置房之1组团8幢112室113室114室肯德基,,,27.976407,120.670972
,肯德基(温州印象城MEGA店),温州,鹿城区,南汇街道府东路333号温州印象城,,,27.985376,120.701397
,肯德基(温州创客小镇店),温州,龙湾区,高新技术开发区科技园文昌路166号一层,,,27.97202,120.731469
,肯德基(温州龙湾吾悦广场店),温州,龙湾区,蒲州街道上江路150号新城吾悦广场二层,,,27.985642,120.722661
,肯德基(温州金宇商厦店),温州,鹿城区,温州大道金宇商务楼105室一层-0577,,,27.982791,120.68196
,肯德基(达得利广场店),温州,龙湾区,机场大道4159号蒲州街道达得利商业广场一层肯德基,,,27.974393,120.751161
,肯德基(温州新水心店),温州,鹿城区,马鞍池西路308号,,,28.000727,120.64857
,肯德基(瓯海景屿嘉园店),温州,瓯海区,娄桥街道玕南农贸市场一层景屿嘉园肯德基,,,27.967903,120.606621
,肯德基(温州大象城店),温州,瓯海区,大象城面辅料中心,,,27.956218,120.586195
,肯德基(龙湾大润发店),温州,龙湾区,永中街道永中西路与龙海路交叉口大润发超市一楼,,,27.923386,120.814647
,肯德基(鹿城汇达商厦DT店),温州,鹿城区,汇达商厦一层肯德基,,,28.013323,120.611391
,肯德基(茶山欧尚春天店),温州,瓯海区,太一广场西门旁,,,27.91148,120.700587
,肯德基(三江立体城店),温州,永嘉县,三江商务区环江大道北侧立体城一层,,,28.037423,120.694123
,肯德基(温州商学院店),温州,瓯海区,茶山高教园区温州商学院南校区1号食堂1层,,,27.917245,120.688656
,肯德基(西经一路店),温州,瓯海区,梧田街道数安路135号一期E3栋109号商铺,,,27.955635,120.659317
,肯德基(瓯北双塔路电信店),温州,永嘉县,瓯北镇双塔路1123号双塔路电信大楼一楼电信营业厅隔壁,,,28.040181,120.65537
,肯德基(柳市柳青店),温州,乐清市,柳青南路166号,,,28.046394,120.896724
,肯德基(虹桥店),温州,瑞安市,虹桥南路中银大厦1楼,,,27.773515,120.631808
,肯德基(瓯江口店),温州,洞头区,雁鸿路与灵德路交叉口南80米,,,27.95008,120.930525
,肯德基(温州新火车南店),温州,瓯海区,火车南站出站口(近宁波路),,,27.966136,120.585902
,肯德基(金宇服装商场店),温州,鹿城区,站西路与温州大道交叉口北40米,,,27.982673,120.681973
,肯德基(瓯北置诚广场店),温州,永嘉县,瓯北镇江北街道新桥村双塔路领悦广场一层,,,28.03996,120.640564
,肯德基(三垟湿地地铁站车速取餐厅),温州,瓯海区,三垟街道三垟大道188号一层商铺,,,27.972928,120.715677
,肯德基(瓯海梧田老街店),温州,瓯海区,梧田街道梧田街村之梧田老街项目A4幢一层,,,27.969734,120.679282
,肯德基(温州医科大学店),温州,瓯海区,温州医科大学学生公寓13栋旁肯德基,,,27.919917,120.708856
,肯德基(瓯潮南路店),温州,乐清市,柳市镇南部黄华社区瓯潮南路与兴华东路交叉口肯德基,,,27.991525,120.928825
,肯德基(乐清清远店),温州,乐清市,清远路221号,,,28.11053,120.969729
,肯德基(乐清正大广场店),温州,乐清市,宴海西路777号乐清正大广场银泰百货F1层,,,28.086912,120.973002
,肯德基(汀田未来城店),温州,瑞安市,东新路与文华路交叉口南120米,,,27.795032,120.706304
,肯德基(北白象奥特莱斯店),温州,乐清市,北白象镇(温州大桥工业区)北环南路1号16幢一层,,,28.022819,120.819264
,肯德基(温州龙湾大歌星店),温州,龙湾区,万达广场温州龙湾店2号门3楼,,,27.919101,120.813352
,肯德基(北白象东大店),温州,乐清市,北白象镇东大街257-261号,,,28.03479,120.856811
,肯德基(龙湾泰亨学府店),温州,龙湾区,永中街道繁青路208号龙和大厦一层,,,27.927823,120.802377
,肯德基(温州龙湾万达广场店),温州,龙湾区,永定路1188号万达广场(温州龙湾店)3F层,,,27.920183,120.810281
,肯德基(乐清南虹店),温州,乐清市,城南街道伯乐东路666号南虹广场一楼,,,28.10948,120.981663
,肯德基(龙湾利玛店),温州,龙湾区,滨海三道六路龙湾利玛广场一楼肯德基,,,27.861447,120.818604
,肯德基(瑞安安阳店),温州,瑞安市,万松东路永安大厦一楼萍萍美食城,,,27.776932,120.653026
,肯德基(瑞安吾悦店),温州,瑞安市,瑞祥大道1158号瑞安新城吾悦广场一层1020号商铺,,,27.782745,120.663942
,肯德基(乐清江南里店),温州,乐清市,凌云路66号乐清江南里一层,,,28.10205,121.008652
,肯德基(温州梦多多小镇店),温州,瓯海区,新桥街道六虹桥路1189号梦多多小镇一层,,,27.98054,120.627148
,肯德基(乐清宝龙广场店),温州,乐清市,柳市镇柳青南路1999号乐清宝龙广场1层L1-027号商铺,,,28.019067,120.888165
,肯德基(中石化象阳DT店),温州,乐清市,柳市镇象阳工业区中国石化乐清象阳加油站,,,28.043991,120.937079
,肯德基(上塘万潮广场店),温州,永嘉县,上塘镇南城街道永兴路388号万潮广场一层,,,28.14765,120.689375
,肯德基(柳市现代广场店),温州,乐清市,柳市镇扬帆路88号现代广场1楼肯德基,,,28.043721,120.889637
,肯德基(瑞安新湖广场店),温州,瑞安市,万松东路1588号瑞安新湖银泰城F1层,,,27.765454,120.695122
,肯德基(瑞安罗阳大道餐厅),温州,瑞安市,安阳街道罗阳大道899号翔云大厦1单元101室,,,27.773353,120.661491
,肯德基(温州中庚漫游天地店),温州,瓯海区,中庚漫游天地1号门左侧,,,27.961423,120.611039
,肯德基(瓯北堡一广场店),温州,永嘉县,堡一广场,,,28.047302,120.610601
,肯德基(龙湾昊域广场店),温州,龙湾区,龙湾区经济开发区星海街道海工大道787号之昊域广场项目一层,,,27.814728,120.795733
,肯德基(塘下香港城店),温州,瑞安市,塘下镇中心路以南瑞安大道以西紫荆假日广场一二层,,,27.823992,120.710331
,肯德基(龙湾温德姆酒店),温州,龙湾区,永中街道永强大道4567号2幢101室一层铺位号101-1,,,27.910059,120.828384
,肯德基(瑞安电影院店),温州,瑞安市,罗阳大道瑞安广场东首电影城旁,,,27.770981,120.662976
,肯德基(乐清西铁广场餐厅),温州,乐清市,乐成街道城西路55号西铁新天地一层1902二层1902-2,,,28.117527,120.958175
,肯德基(雁荡山店),温州,乐清市,雁荡镇响岭头村供销合作社大楼一层,,,28.370022,121.11473
,肯德基(龙湾空港宝龙广场店),温州,龙湾区,空港宝龙广场商铺M-L1-0,,,27.851359,120.833813
,肯德基(瑞安仙降欧捷福店),温州,瑞安市,革兴东路116号欧捷福商业广场F1层,,,27.789479,120.55202
,肯德基(龙湾永润发购物广场餐厅),温州,龙湾区,天河街道庄泉村庄泉西路57号之天河永润发购物广场一楼肯德基,,,27.859389,120.790119
,肯德基(乐清电信大楼店),温州,乐清市,市电信大楼肯德基投诉及咨询热线0577-,,,28.105829,120.970872
,肯德基(龙港龙跃店),温州,龙港市,人民路402号长运大厦1楼,,,27.578411,120.550582
,肯德基(萧江新天地店),温州,平阳县,萧江镇新天地商厦商业楼一层,,,27.560402,120.465566
,肯德基(龙湾瑞湖一号DT),温州,龙湾区,永中街道永强大道4788号沧河实业大楼一楼瑞湖一号,,,27.915825,120.832675
,肯德基(瓯海泽雅镇DT),温州,瓯海区,泽雅镇泽雅大道301号一层,,,28.02968,120.489395
,肯德基(旭信雍华园店),温州,乐清市,柳青南路2333号旭信雍华园,,,28.013235,120.889045
,肯德基(龙港滨江水街店),温州,龙港市,龙翔路1355号龙港滨江汇肯德基餐厅,,,27.571976,120.568223
,肯德基(柳市溪桥广场店),温州,乐清市,柳黄路与溪桥中路交叉口东南60米,,,28.033797,120.898758
,肯德基(莘塍电信大楼店),温州,瑞安市,中国电信股份有限公司莘塍支局东南门南60米,,,27.781507,120.675043
,肯德基(乐清中金汇店),温州,乐清市,中金汇1号门(旭阳路地铁站1A口步行130米),,,28.109398,120.986357
,肯德基(平阳解放店),温州,平阳县,雅河路189号平阳大厦一层,,,27.664513,120.563676
,肯德基(平阳百悦广场店),温州,平阳县,昆阳镇城东合并地块中梁百悦广场一层A.106-108A-44铺,,,27.680632,120.576558
,肯德基(文成时代广场店),温州,文成县,大峃镇伯温路211号时代广场一层(铺位号为A-01),,,27.793776,120.089222
,肯德基(瓯江口开元酒店车速取餐厅),温州,洞头区,灵德路359号开元名庭酒店一楼肯德基,,,27.950072,120.930529
,肯德基(龙湾瑞湖一号车速取餐厅),温州,龙湾区,永中街道永强大道4788号沧河实业大楼一楼瑞湖一号DT肯德基,,,27.915799,120.832809
,肯德基(桥下恒达广场店),温州,永嘉县,桥下镇桥下村恒达广场一层,,,28.16014,120.557618
,肯德基(龙湾卓诗尼广场店),温州,龙湾区,滨海六路和滨海四道交叉路口卓诗尼广场招商中心对面一楼肯德基,,,27.857699,120.822172
,肯德基(瑞安瑞立店),温州,瑞安市,中国瑞安经济开发区罗阳大道2088号瑞立外滩大酒店,,,27.751795,120.64653
,肯德基(瓯海泽雅镇车速取餐厅),温州,瓯海区,泽雅镇泽雅大道301号一层,,,28.029625,120.489432
,肯德基(丰茂里店),温州,平阳县,丰茂里东馆,,,27.587575,120.566325
,肯德基(龙港新鸿未来城店),温州,龙港市,世纪大道4988号新鸿广场未来城F1层,,,27.559025,120.589475
,肯德基(温州瓯海亿象街店),温州,瓯海区,"古岸路亿象商厦1幢一层050室,051室,052室,053室,025室,026室,027室,028室",,,27.96885,120.615983
,肯德基(万全新悦广场店),温州,平阳县,老农伯购物广场,,,27.7264,120.586698
,肯德基(苍南比音勒芬店),温州,苍南县,灵溪体育场路与同安路交叉口比音勒芬广场,,,27.516049,120.433662
,肯德基(大荆财富中心店),温州,乐清市,大荆镇荆南村财富中心一层,,,28.40235,121.158365
,肯德基(苍南城中店),温州,苍南县,灵溪镇城中路107号苍南大酒店一楼,,,27.503204,120.403762
,肯德基(苍南银泰城店),温州,苍南县,灵溪镇玉苍路1088号银泰城,,,27.509706,120.426552
,肯德基(平阳万洋众创城店),温州,平阳县,海泽路238号万洋众创城工业综合服务中心4号楼101室,,,27.665909,120.673508
,肯德基(桥头维多利店),温州,永嘉县,桥头镇桥头大道东侧维多利商务广场4号楼一层,,,28.154593,120.486063
,肯德基(龙港芯都荟店),温州,龙港市,龙港镇世纪大道北侧龙金大道西侧河流东侧芯都荟购物中心一层,,,27.554646,120.531155
,肯德基(蒲岐生活广场店),温州,乐清市,蒲岐生活广场一楼,,,28.168959,121.050866
,肯德基(苍南两岸新天地店),温州,苍南县,灵溪镇新天地锦苑15-17栋109室110室111室112室一层,,,27.520982,120.449976
,北大街肯德基,温州,乐清市,北大街与崇礼巷交叉口西北20米,,,28.124825,120.959525
,肯德基(平阳鳌江万达店),温州,平阳县,鳌江镇车站大道88号万达商业步行街一层1036B,,,27.586617,120.574209
,肯德基(洞头南洋国际店),温州,洞头区,洞头县北岙街道中兴路68号,,,27.844938,121.156333
,肯德基(腾蛟客运中心店),温州,平阳县,昌荣南路与城中路交叉口西40米,,,27.678451,120.326246
,肯德基(虹桥天元广场店),温州,乐清市,虹桥镇飞虹南路555号天元广场1F-1026、1027商铺,,,28.206492,121.043914
,肯德基(乐清蝴蝶广场餐厅),温州,乐清市,城东街道千帆东路555号蝴蝶广场一层,,,28.115473,120.990752
,肯德基(虹桥幸福店),温州,乐清市,虹桥镇幸福路时代广场86-88号,,,28.215682,121.036294
,肯德基(永嘉岩头仙清路店),温州,永嘉县,岩头镇仙清路老汽车站,,,28.338323,120.737998
,肯德基(永嘉服务区店),温州,永嘉县,S26诸永高速与永嘉服务区交叉口西北360米,,,28.365524,120.751106
,肯德基(虹桥七号广场DT店),温州,乐清市,虹桥镇飞虹北路77号一层7A-1-3号,,,28.22199,121.036158
,肯德基(苍南加泰广场店),温州,苍南县,浙闽边贸商城东北门旁,,,27.511925,120.407525
,肯德基(水头财富广场店),温州,平阳县,水头镇财富广场一楼,,,27.636801,120.33876
,肯德基(泰顺开太店),温州,泰顺县,新城大道180号,,,27.542972,119.718855
,肯德基(永嘉服务区东餐厅),温州,永嘉县,岩头镇苍坡村永嘉服务区东侧,,,28.365286,120.749029
,小小肯德鸡(玖峰花苑店),温州,平阳县,昆阳镇白石街399号玖峰花苑南苑,,,27.66141,120.557823
,三江立体城店KFC,温州,永嘉县,新希望立体城购物中心,,,28.036725,120.693875
,上塘万潮广场KFC(永嘉万潮广场购物中心店),温州,永嘉县,南城街道永兴路388号永嘉万潮广场购物中心,,,28.148732,120.688334
,两岸新天地KFC,温州,苍南县,佳源两岸新天地东门西北280米,,,27.521224,120.44995
,肯德基(龙湾万洋众创城DT店),温州,龙湾区,瑶溪街道南洋大道2999号温州万洋科技众创城项目F7栋一层,,,27.959261,120.796875
,肯德基(瓯海数安港DT店),温州,瓯海区,数安路135号一期E3栋109号商铺,,,27.955471,120.659087
,肯德基甜品站(新鸿世纪广场店),温州,龙港市,新鸿世纪广场1号门旁,,,27.554677,120.531181
,肯德基(嘉兴南湖天地店),嘉兴,南湖区,南湖路171号嘉兴南湖天地购物中心A512、A513、A514号,,,30.758322,120.763946
,肯德基(华庭店),嘉兴,南湖区,勤俭路与建国路交叉路口华庭街,,,30.766131,120.753026
,肯德基(旭辉广场店),嘉兴,南湖区,禾兴南路697号,,,30.760555,120.746799
,肯德基(大润发店),嘉兴,秀洲区,中山西路607号,,,30.758941,120.715084
,肯德基(嘉兴乐天玛特店),嘉兴,南湖区,城南路886号嘉兴浙北超市1层,,,30.741,120.738187
,肯德基(嘉兴北站店),嘉兴,秀洲区,禾兴北路1599(汽车北站旁),,,30.786225,120.74492
,肯德基(嘉兴中石化DT店),嘉兴,秀洲区,国家高新区东升西路北侧大德路东侧,,,30.779231,120.699833
,肯德基(嘉兴合乐城店),嘉兴,南湖区,中环东路1468号嘉兴合乐城JXHLC-A102号,,,30.756596,120.781416
,肯德基(嘉兴万达店),嘉兴,南湖区,广益路与庆丰路交叉口万达广场2楼,,,30.736072,120.803931
,肯德基(嘉兴江南摩尔店),嘉兴,秀洲区,洪兴西路1766号-江南摩尔西区一层A110,,,30.763263,120.708673
,肯德基(开元万科滨河道店),嘉兴,南湖区,城南街道滨河道花苑酒店幢16-1肯德基,,,30.740844,120.733214
,肯德基(嘉兴星河广场店),嘉兴,南湖区,花园路与长水路交叉口东北100米星河COCOCityL1层L1-059,,,30.723987,120.757436
,肯德基(嘉兴龙鼎万达店),嘉兴,南湖区,莲花广场落新盛西路东,,,30.752683,120.718637
,肯德基,嘉兴,嘉善县,瓶山街与体育南路交叉口东100米,,,30.838297,120.913719
,肯德基(嘉兴华府银泰店),嘉兴,南湖区,城南路1532号,,,30.730916,120.734859
,肯德基(嘉兴新希望锦棠里店),嘉兴,南湖区,新希望·锦棠里,,,30.77699,120.740789
,肯德基(嘉兴九曲里店),嘉兴,南湖区,东栅街道九曲里3东商01、02室,,,30.740267,120.796598
,肯德基(嘉兴紫荆广场DT),嘉兴,南湖区,紫荆路101号一层铺位号L111,,,30.7321,120.813524
,肯德基(嘉兴中港城店),嘉兴,南湖区,广益路双溪路交叉口国际中港城一楼,,,30.738404,120.79204
,肯德基(濮院佳源店),嘉兴,桐乡市,濮院镇桐星大道627号一层,,,30.675508,120.603792
,肯德基(万联恒太城店),嘉兴,嘉善县,罗星街道城南社区体育路东侧白水塘路北侧江南社区中心一层F119号商铺,,,30.818623,120.927145
,肯德基(秀湖万朵城店),嘉兴,秀洲区,新城街道秀丽路99号秀湖全民健身中心南区N1-106,,,30.774372,120.683021
,肯德基(嘉兴丝路彩虹城DT店),嘉兴,南湖区,商务大道三环南路口B2地块A区A1-01号,,,30.699427,120.783457
,肯德基(嘉兴万悦集餐厅),嘉兴,南湖区,泾水路1005号万悦集肯德基,,,30.756712,120.795488
,肯德基(百步镇红星时尚广场店),嘉兴,海盐县,百步大道199号红星时尚广场璟园,,,30.543427,120.76294
,肯德基(桐乡吾悦店),嘉兴,桐乡市,振兴路南侧与圆明路交汇处桐乡吾悦广场1F2号门,,,30.628496,120.5905
,肯德基(海宁城北星天地店),嘉兴,海宁市,文苑路与洛隆路交叉口西南60米,,,30.534197,120.678442
,肯德基(海宁华联店),嘉兴,海宁市,工人路58号,,,30.52793,120.692573
,肯德基(平湖新华店),嘉兴,平湖市,解放中路233号中百商都1-2层,,,30.699224,121.014494
,肯德基(桐乡绿地DT店),嘉兴,桐乡市,梧桐街道发展大道712、716、718、720、722号,,,30.602721,120.565077
,肯德基(平湖里店),嘉兴,平湖市,当湖街道梅兰路北侧梅园路东侧平湖里肯德基,,,30.683082,121.00702
,肯德基甜品站(嘉兴月河古街独立店)(暂停营业),嘉兴,南湖区,月河历史街区中基路84号一层,,,30.770629,120.750232
,肯德基(海宁西田城店),嘉兴,海宁市,联合路97号西田城一楼,,,30.519936,120.682863
,肯德基(杉杉大润发店),嘉兴,秀洲区,东升东路2545号杉杉in象生活广场F1层,,,30.775514,120.726652
,肯德基(长安里DT店),嘉兴,海盐县,望海桥街道北荡社区(21-146号地块)一层铺位5-,,,30.561825,120.945025
,肯德基(嘉善江南邻里中心店),嘉兴,嘉善县,罗星街道城南社区体育路东侧白水塘路北侧江南社区中心一层F119号商铺,,,30.813877,120.911603
,肯德基(濮院金泰店),嘉兴,桐乡市,濮院镇濮院大道3998号机械辅料城一楼,,,30.671138,120.627638
,肯德基(海盐秦山店),嘉兴,海盐县,新桥南路100号,,,30.514143,120.948795
,肯德基(桐乡新东兴店),嘉兴,桐乡市,庆丰北路与逾桥路交叉口桐乡新东兴生活广场1楼肯德基餐厅,,,30.652901,120.546594
,肯德基(海盐吾悦店),嘉兴,海盐县,枣园西路与中兴路交汇处嘉兴海盐吾悦广场L1层1021,,,30.526782,120.92498
,肯德基(嘉兴服务区北区店),嘉兴,秀洲区,王店镇建农村沪昆高速嘉兴服务区北侧,,,30.622676,120.677222
,肯德基(嘉兴好第坊DT店),嘉兴,南湖区,嘉富好第坊南门旁,,,30.73705,120.82547
,肯德基(濮院时尚中心餐厅),嘉兴,桐乡市,濮院镇齐宏路169号时尚中心101-147室1幢一层1133号商铺,,,30.667492,120.626289
,肯德基(嘉善体育南路餐厅),嘉兴,嘉善县,罗星街道体育南路465号晋阳西路518-1号北侧1楼肯德基,,,30.835152,120.913094
,肯德基(油车港马厍老街餐厅),嘉兴,秀洲区,油车港镇东方北路1001号马厍汇历史街区11号楼一层101号,,,30.824206,120.754493
,肯德基(嘉善恒利店),嘉兴,嘉善县,中山西路118号恒利广场一楼,,,30.841278,120.919866
,肯德基(平湖大润发店),嘉兴,平湖市,新华中路世纪商业中心3号楼139号,,,30.702694,121.016611
,肯德基(余新渔里广场店),嘉兴,南湖区,余新镇五星路1002号1004号1006号1008号,,,30.669677,120.793842
,肯德基(干窑镇DT店),嘉兴,嘉善县,干窑镇干窑大道与干洪公路交叉口,,,30.883189,120.900272
,肯德基(嘉兴服务区南区店),嘉兴,秀洲区,王店镇建农村沪昆高速嘉兴服务区南侧,,,30.62126,120.678491
,肯德基(嘉善大润发店),嘉兴,嘉善县,施家南路318号,,,30.837992,120.934771
,肯德基(海宁鹃湖银泰店),嘉兴,海宁市,硖石街道海州东路241号金钻商业中心1幢一楼肯德基,,,30.511817,120.717576
,肯德基(西塘易家福店),嘉兴,嘉善县,西塘镇西塘南苑商贸中心1幢1号一层,,,30.939331,120.894733
,肯德基(许村新天地店),嘉兴,海宁市,大桥路99号印象许村新天地F1层,,,30.43277,120.372271
,肯德基(通元广场DT店),嘉兴,海盐县,通元镇通元大道与红星路通元广场,,,30.458072,120.848129
,向善肯德基,嘉兴,嘉善县,罗星街道世纪大道阳光东路交叉口,,,30.820274,120.94136
,肯德基(桐乡梧桐邻里店),嘉兴,桐乡市,梧桐街道体育东路南侧丁家桥港东侧春蚕桥港北侧梧桐邻里101号商铺,,,30.644719,120.559891
,肯德基(海盐嘉凯城店),嘉兴,海盐县,武原街道新桥北路嘉凯城城市客厅,,,30.535711,120.951188
,肯德基(轮滑中心店),嘉兴,海宁市,海洲街道海昌南路271号和273号轮滑中心1层,,,30.509049,120.692893
,肯德基(乌镇青年广场DT店),嘉兴,桐乡市,乌镇镇雅达青年广场3幢102室1层肯德基,,,30.734705,120.513996
,肯德基(新丰镇银杏广场餐厅),嘉兴,南湖区,新丰镇新阳路88号银杏广场2幢108室,,,30.709938,120.922631
,肯德基(平湖吾悦店),嘉兴,平湖市,南市路811号南市路与东方路交叉口平湖吾悦广场一楼,,,30.67967,121.025882
,肯德基(桐乡万象汇餐厅),嘉兴,桐乡市,梧桐街道新永丰路398号桐乡万象汇地下一层B126铺位,,,30.629926,120.55657
,肯德基(东兴店),嘉兴,桐乡市,东兴街6号0573-,,,30.632863,120.551285
,肯德基(长安虹运汇店),嘉兴,海宁市,长安路338号地铁长安站虹运汇1楼,,,30.435919,120.438266
,肯德基(海宁皮革城海州店),嘉兴,海宁市,海州西路201号一层,,,30.505841,120.668486
,肯德基(海盐大润发店),嘉兴,海盐县,新桥北路118号大润发超市一楼,,,30.517146,120.94922
,肯德基(京浦邻里中心),嘉兴,海盐县,盐北东路与盐平塘东路交叉口东南100米,,,30.543241,120.958803
,肯德基(嘉善农工商店),嘉兴,嘉善县,解放西路181号,,,30.844172,120.919577
,肯德基(平湖银泰百货店),嘉兴,平湖市,城南东路343号银泰百货平湖店F1层,,,30.693327,121.019499
,肯德基(大麻·新天地大厦店),嘉兴,桐乡市,光明路001号大麻·新天地大厦,,,30.50095,120.355627
,肯德基(嘉兴洪合星港汇餐厅),嘉兴,秀洲区,洪合镇嘉洪大道2208号星港汇购物中心1F-23商铺,,,30.674744,120.654344
,肯德基(西塘桥通域广场店),嘉兴,海盐县,西塘桥街道海港大道1820号2幢101室,,,30.592107,121.003975
,肯德基(大桥北服务区西店),嘉兴,海盐县,杭州湾跨海大桥北服务区西,,,30.591067,121.030928
,肯德基(横头街文化历史街区店),嘉兴,海宁市,赵家漾路与干河街交叉口东北20米,,,30.527275,120.699075
,肯德基(钟埭樱花小镇餐厅),嘉兴,平湖市,钟埭街道钟溪路3099号钟溪商贸城8号楼一层编号8-1-48-1-5,,,30.761965,120.993459
,肯德基(姚庄帝恒广场店),嘉兴,嘉善县,姚庄镇兴业西路389号一层编号101-102-103,,,30.919596,120.951371
,肯德基(平湖瑞丰店),嘉兴,平湖市,当湖街道三港路555号中瑞国际广场3幢,,,30.697529,121.04426
,肯德基(崇福嘉凯城店),嘉兴,桐乡市,崇福镇语溪大道西侧崇德西路南侧,,,30.524874,120.43163
,肯德基(海宁新银泰餐厅),嘉兴,海宁市,海昌南路东侧新苑路北侧365号银泰商场1楼,,,30.499538,120.692627
,肯德基(乌镇新东栅餐厅),嘉兴,桐乡市,乌镇镇子夜路,,,30.737476,120.496004
,肯德基(德信滨海广场餐厅),嘉兴,海盐县,武原街道枣园东路20号滨海商业广场2幢101室铺位B-101-11,,,30.525193,120.959984
,肯德基(大桥北服务区东店),嘉兴,海盐县,西塘桥镇杭州湾跨海大桥北岸服务区东区,,,30.592939,121.031796
,肯德基(盐仓春澜路餐厅),嘉兴,海宁市,长安镇(农发区)春澜路2号门牌号111号一层肯德基,,,30.382374,120.42147
,肯德基(长安服务区北店),嘉兴,海宁市,长安镇兴福村北角兜38号一层,,,30.486861,120.465014
,肯德基(长安服务区南一楼店),嘉兴,海宁市,长安镇兴城村沪昆高速长安服务区南区,,,30.484864,120.465139
,肯德基(新仓美树广场店),嘉兴,平湖市,新仓镇勤学路211号美树商业中心1幢1层116-117-118 1191,,,30.723692,121.183989
,肯德基(广陈振广西路餐厅),嘉兴,平湖市,广陈镇振广西路61号,,,30.750842,121.132463
,肯德基(马桥小镇广场店),嘉兴,海宁市,马桥街道红旗大道59号小镇广场1-2层,,,30.465125,120.698702
,肯德基(许村万朵城店),嘉兴,海宁市,人民大道2788号杭海万朵城F1层,,,30.424751,120.365946
,肯德基(独山港友邻中心店),嘉兴,平湖市,振兴路122号,,,30.665991,121.168148
,肯德基(乍浦物美店),嘉兴,平湖市,乍浦天妃路500号,,,30.609116,121.092335
,肯德基(桐乡洲泉湘溪大道餐厅),嘉兴,桐乡市,洲泉镇湘溪大道86号小商品城16幢1-091-10号,,,30.568625,120.357225
,肯德基(浙江奥特莱斯KFC餐厅),嘉兴,海宁市,下沙启潮路199号奥特莱斯广场2楼A230铺位,,,30.34517,120.385436
,嘉兴秀湖万朵城KFC,嘉兴,秀洲区,思家路与秀丽路交叉口北160米,,,30.775031,120.682564
,肯德基车速取餐厅(嘉善向善商业中心店),嘉兴,嘉善县,世纪大道阳光东路交叉口,,,30.828651,120.919951
,风味肯德鸡,嘉兴,嘉善县,车站南路17号,,,30.843452,120.923433
,肯德基车速取餐点(嘉善体育南路店),嘉兴,嘉善县,体育南路肯德基侧门咖啡取餐口,,,30.835152,120.913094
,KFC甜品站(海盐大润发店),嘉兴,海盐县,新桥北路118号大润发(海盐店),,,30.517083,120.949203
,肯德基(凤凰店),湖州,吴兴区,滨河路666号(开发区6号地块),,,30.873527,120.093288
,肯德基(湖州金源店),湖州,吴兴区,南街与红旗路东北角金源大厦一二层,,,30.86498,120.09961
,肯德基(梅地亚店),湖州,吴兴区,新华路690号,,,30.866355,120.122938
,肯德基(港南路浙北店),湖州,吴兴区,西南区域港南路和兴业路交叉口东北侧浙北购物运动体验中心一层,,,30.852044,120.088354
,肯德基(湖州仁皇山店),湖州,吴兴区,湖盛仁皇山生活广场A1门旁,,,30.895234,120.094269
,肯德基(龙之梦动物园店),湖州,长兴县,龙之梦乐园动物园一层DWY002号商铺,,,30.950091,120.056122
,肯德基(太湖古镇店),湖州,长兴县,龙之梦员工宿舍东北侧200米,,,30.953227,120.079852
,肯德基(湖州红旗店),湖州,吴兴区,南街487号,,,30.86325,120.099087
,肯德基(湖州星火外滩店),湖州,吴兴区,龙王山路1号湖州星火外滩广场,,,30.891949,120.09412
,肯德基(湖州永辉广场店),湖州,吴兴区,二环北路(永辉壹号院)永辉城市生活广场,,,30.888154,120.119513
,肯德基(浙北医学中心店),湖州,吴兴区,前庄路758号8幢4号1层,,,30.89605,120.122
,肯德基(湖州吾悦店),湖州,吴兴区,湖州新城吾悦广场,,,30.908725,120.101335
,肯德基(新天地商贸中心店),湖州,吴兴区,新天地商场A1一层,,,30.864863,120.099014
,肯德基(湖州爱山店),湖州,吴兴区,爱山街道人民路47号,,,30.866492,120.102681
,肯德基(织里富民店),湖州,吴兴区,织里镇富民路298号,,,30.864113,120.262079
,肯德基(龙之梦动物园精选店),湖州,长兴县,龙之梦动物世界(东南角),,,30.949463,120.0547
,肯德基(湖州万达店),湖州,吴兴区,八里店镇大升路与苕溪路交叉口湖州万达广场1号门,,,30.861532,120.1417
,肯德基(湖州大学城商业街店)(暂停营业),湖州,吴兴区,星河里商业中心南侧120米,,,30.869639,120.001996
,肯德基(湖州交通集团天空壹号·阅店),湖州,吴兴区,德清路与青太路交叉口交通壹号·阅,,,30.905214,120.081227
,肯德基(湖州东吴银泰餐厅),湖州,吴兴区,劳动路518号东吴银泰店一层1-59B肯德基,,,30.874917,120.099025
,肯德基(织里吴兴大道店),湖州,吴兴区,织里镇吴兴大道71号富民路463号一层,,,30.858424,120.261935
,肯德基(中石油凤凰站店),湖州,吴兴区,太湖路299号中石油加油站,,,30.883835,120.101137
,肯德基(织里浙北店),湖州,吴兴区,阿祥路1388号汇德国际广场F1层,,,30.85479,120.232894
,肯德基(湖州米兰广场餐厅),湖州,吴兴区,白鱼潭路779号米兰广场1-A8027号肯德基餐厅,,,30.881525,120.126475
,肯德基(金陵店),湖州,长兴县,金陵中路268号,,,31.003753,119.90674
,肯德基(南太湖观月湾DT店),湖州,吴兴区,滨湖大道一层718号二层720号,,,30.939952,120.120031
,KFC,湖州,吴兴区,太湖路1699号吾悦广场(湖州南太湖店)F2层,,,30.908633,120.101366
,肯德基(长兴海洋城店),湖州,长兴县,画溪大道与忻湖路交叉口嘉兆海洋城106号一楼肯德基,,,31.03551,119.904745
,肯德基(长兴欧尚店),湖州,长兴县,经济开发区经一路238号大润发长兴店1层,,,31.009682,119.922441
,肯德基(爱中大厦店),湖州,长兴县,和平镇霞慕山路3号,,,30.824331,119.906735
,肯德基(长兴绿创商业广场店),湖州,长兴县,龙山街道浙北商业广场1幢1-1号商铺,,,31.029102,119.907636
,肯德基(长兴利时广场店),湖州,长兴县,利时广场14幢,,,31.020545,119.919191
,肯德基(南浔泰安店),湖州,南浔区,泰安路161号泰安商业广场,,,30.877637,120.42652
,肯德基(湖州服务区南店),湖州,吴兴区,吴兴区高新区塘红村申苏浙皖高速湖州服务区,,,30.891573,120.220635
,肯德基(双林嘉凯城店),湖州,南浔区,嘉凯城·城市客厅,,,30.773884,120.332586
,肯德基(长兴苏杭时代店),湖州,长兴县,市雉城街道长海路296号,,,30.998225,119.909825
,肯德基(湖州师范学院创新创业中心店),湖州,吴兴区,二环东路759号湖州师范学院东校区内33幢(湖州室大学生创新创业中心)104-108室,,,30.874625,120.130321
,肯德基(湖州服务区店),湖州,吴兴区,高新区塘红村湖州服务区北区,,,30.892907,120.22214
,肯德基(安吉昌硕店),湖州,安吉县,昌硕街道九州昌硕广场6号楼一层,,,30.628689,119.687497
,肯德基(南方新世界店),湖州,南浔区,南浔镇人瑞路9999号南方新世界,,,30.866207,120.409311
,肯德基(湖州织里吾悦店),湖州,吴兴区,吴兴大道5005号吾悦广场1门,,,30.85633,120.236455
,肯德基(德清银泰城),湖州,德清县,舞阳街道莫干山高新区地信产业园游子街南侧中兴南路东侧德清银泰城商场,,,30.515961,119.969815
,肯德基(东林商城),湖州,吴兴区,东林商城,,,30.685921,120.106305
,肯德基(安吉城东美颂店),湖州,安吉县,灵峰街道云鸿西路940号(美颂广场)5幢营01-1,,,30.622476,119.65932
,肯德基(安吉恒隆大道DT店),湖州,安吉县,1室安吉县中国浙江省安吉市递铺镇丰华路2-16号楼丰华商业广场3幢01-1室02,,,30.615776,119.68234
,肯德基(安吉文驿店),湖州,安吉县,驿小区1幢营05-2昌硕街道递铺中路298号文驿小区营06-106-2296号文,,,30.63613,119.692336
,肯德基(安吉财富中心),湖州,安吉县,[],,,30.618771,119.671044
,肯德基(长兴瑞联广场店),湖州,长兴县,画溪街道高家墩村长兴瑞联广场一层101,,,30.984929,119.897442
,肯德基(安吉胜利店),湖州,安吉县,递铺镇胜利路商贸广场2幢,,,30.631812,119.690471
,肯德基(德清正翔店),湖州,德清县,武康镇永安街158号,,,30.534932,119.968477
,肯德基(工大路店),湖州,德清县,工大路康乾里8号肯德基,,,30.550027,120.04283
,肯德基(林城新林北路),湖州,长兴县,林城镇林城商贸新城合景苑5幢13号,,,30.935175,119.784725
,肯德基(天星广场店),湖州,长兴县,泗安镇天星广场(天兴广场)1号28号29号30号一层,,,30.904137,119.659135
,肯德基(湖州南浔吾悦店),湖州,南浔区,南林路518号新城吾悦广场1层1026/1027-1028号商铺,,,30.86129,120.409234
,肯德基(新市银河城店),湖州,德清县,新市镇银河城市广场,,,30.617011,120.283512
,肯德基(青山服务区东店),湖州,吴兴区,埭溪镇东红村杭宁高速青山服务区东区,,,30.66492,120.052687
,肯德基(青山服务区西店),湖州,吴兴区,长深高速青山服务区东区一楼商铺,,,30.664892,120.054704
,肯德基(德清美都店),湖州,德清县,武康镇永安街92-6号恒升大厦1层,,,30.535002,119.964256
,肯德基(和平镇爱中大厦车速取餐厅),湖州,长兴县,和平镇爱中大厦DT,,,30.824396,119.906776
,肯德基(浙大儿院莫干山院区店),湖州,德清县,康乾街道儿院路66号负一层,,,30.550635,120.054403
,肯德基(南浔正一广场店),湖州,南浔区,南浔镇大中路东浔横公路南正一广场,,,30.86117,120.415375
,肯德基(德清八角井店),湖州,德清县,武康街道春晖路80号八角井文化广场,,,30.544414,119.962807
,肯德基(长兴服务区北店),湖州,长兴县,G50高速长兴服务北区(安徽方向),,,30.928953,119.732221
,肯德基(安吉森源生活广场餐厅),湖州,安吉县,递铺街道阳光大道3358号天荒坪北路448号9幢营1-28号铺位,,,30.658831,119.684659
,肯德基(莫干山庾村店),湖州,德清县,莫干山镇莫干庾街M20公社303幢,,,30.597534,119.90219
,肯德基(德清东城时代店),湖州,德清县,武康街道千秋街南侧新丰路东侧东城时代商业中心一层,,,30.538545,119.999783
,肯德基(天子湖商贸城店),湖州,安吉县,天子湖镇东阳路762号高禹商贸城,,,30.824184,119.626275
,肯德基(煤山人才中心店),湖州,长兴县,301省道与金钉子路交叉口煤山镇蓝领公寓二期商铺2号楼1层,,,31.105067,119.738193
,肯德基(长兴服务区南店),湖州,长兴县,林城镇阳光村104乡道与沪渝高速G50交汇处长兴服务南区,,,30.927156,119.731494
,肯德基(德清服务区南店),湖州,德清县,申嘉湖杭高速公路德清服务区南区(上海方向),,,30.580819,120.303603
,肯德基(安吉财富中心餐厅),湖州,安吉县,灵峰路西侧鼎森路里荣路北侧,,,30.621664,119.70224
,肯德基(太湖服务区东区店),湖州,长兴县,夹浦镇香山村太湖服务区东区,,,31.122167,119.941903
,肯德基(太湖服务区西区独立小站店),湖州,长兴县,夹浦镇香山村太湖服务区西区,,,31.121704,119.9404
,肯德基(孝丰南门老街店),湖州,安吉县,孝丰镇云鸿塔路1号南门老街肯德基,,,30.585206,119.555919
,肯德基(南浔嘉业中路餐厅),湖州,南浔区,南浔镇嘉业中路323号贝尚湾肯德基餐厅,,,30.858286,120.427379
,肯德基(梅溪镇紫梅广场餐厅),湖州,安吉县,梅青路442号,,,30.80927,119.76033
,肯德基(禹越瑞鑫大厦),湖州,德清县,禹越镇振兴路与木桥路交叉口,,,30.514891,120.260303
,肯德基(德清服务区北店),湖州,德清县,申嘉湖杭高速公路德清服务区北区,,,30.582275,120.303175
,善琏镇肯德基店,湖州,南浔区,振兴路11号,,,30.692039,120.311693
,肯德基(练市东方DT店),湖州,南浔区,"练市镇练杭大道890,892,896号",,,30.7057,120.417169
,新市古镇肯德基,湖州,德清县,新市镇南昌街135号,,,30.613231,120.28802
,凤凰二村肯德基就近分配,湖州,吴兴区,梧桐路与青铜路交叉口东北180米,,,30.877598,120.093996
,肯德基新安必胜客,湖州,德清县,裕华路2283号,,,30.535168,120.225987
,肯德基(绍兴龙湖),绍兴,越城区,灵芝街道凤林西路龙湖绍兴镜湖天街A-1F-14/A-1F-15肯德基,,,30.034187,120.56248
,肯德基(绍兴1051文创园DT店),绍兴,越城区,总计使用面积253.26平方米外摆区30平方米人民东路1051号7幢使用面积223.26平方米8幢使用面积30平方米,,,29.994316,120.618413
,肯德基(绍兴胜利店),绍兴,越城区,胜利东路58号(绍兴电力大厦一楼),,,30.003945,120.582728
,肯德基(绍兴镜湖新天地店),绍兴,越城区,洋江西路558号新天地商务广场1幢,,,30.049434,120.577846
,肯德基(绍兴颐高店),绍兴,越城区,灵芝镇二环北路329号(大滩地铁站B口步行180米),,,30.023929,120.580763
,肯德基(绍兴悦来店),绍兴,越城区,解放南路1385号越兰大厦南区一楼,,,29.97411,120.579786
,肯德基(柯桥大润发店),绍兴,柯桥区,兴越路以南湖西路以东大润发超市一层商铺1001号,,,30.083536,120.501468
,肯德基(绍兴欧尚店),绍兴,越城区,迪荡街道胜利东路386号欧尚超时一楼肯德基商铺,,,30.003445,120.598671
,肯德基(绍兴华润餐厅),绍兴,越城区,马臻南路28号绍兴更新场S116商铺,,,29.999925,120.564525
,肯德基(绍兴环宇一号店),绍兴,越城区,凤林西路302号一层302-2号商铺,,,30.036321,120.580565
,肯德基(柯桥万达店),绍兴,柯桥区,钱陶公路799号万达广场万达百货1层1061-2066,,,30.09234,120.511966
,肯德基(华谊店),绍兴,越城区,解放北路552号,,,29.99727,120.581281
,肯德基,绍兴,越城区,偏门直街与大教场交叉口北40米,,,29.996154,120.57208
,肯德基(绍兴世茂店),绍兴,越城区,胜利东路360号世茂广场一楼肯德基,,,30.003741,120.595891
,肯德基(袍江大润发店),绍兴,越城区,袍江世纪街1号大润发,,,30.079637,120.605638
,肯德基(柯桥乐客多店),绍兴,柯桥区,天虹商场(中国轻纺城地铁站B1口步行160米),,,30.083801,120.49005
,肯德基(绍兴奥梦斯店),绍兴,越城区,斗门街道袍渎路20号,,,30.056141,120.616698
,肯德基(绍兴华联银泰店),绍兴,越城区,二环北路28号梦享城商业广场,,,30.027746,120.555162
,肯德基(绍兴迎恩门店),绍兴,越城区,霞西路与马臻路交叉口,,,30.014208,120.565478
,肯德基(绍兴中兴店),绍兴,越城区,中兴中路37号中惠百货1层,,,29.997559,120.587596
,肯德基(柯桥宝龙店),绍兴,柯桥区,湖东路2558号,,,30.103076,120.511054
,肯德基(暂停营业),绍兴,柯桥区,杨绍线与新城路交叉口东80米,,,29.990722,120.532559
,肯德基(柯岩风景区店),绍兴,柯桥区,柯岩大道558号柯岩风景区办公楼1-2层,,,30.044534,120.479678
,肯德基(绍兴银泰城店),绍兴,越城区,解放南路777号金帝银泰城地下一层BF050,,,29.985051,120.579443
,肯德基(袍江宝龙店),绍兴,越城区,星潮广场M-F1-039/040/042,,,30.061162,120.64028
,肯德基(绍兴旭辉店),绍兴,越城区,东湖街道袍中南路566号1层(旭辉cmall一层),,,30.032867,120.612867
,肯德基(柯桥宝龙天地店),绍兴,柯桥区,群贤西路1050号柯桥宝龙天地1楼商铺,,,30.080664,120.498081
,肯德基(绍兴迎恩门店),绍兴,越城区,霞西路7号迎恩门风情水街最家空间一层101号肯德基,,,30.014375,120.565725
,肯德基(柯桥华泰店),绍兴,柯桥区,金柯桥大道275号华泰大厦,,,30.06665,120.488943
,肯德基(柯桥天虹店),绍兴,柯桥区,笛扬路柯桥蓝天商业中心2幢103室天虹百货一层0777商铺,,,30.083842,120.491049
,肯德基(绍兴鲸银城店),绍兴,越城区,皋埠街道银兴路与三湖路交叉口鲸银城1楼肯德基,,,30.002525,120.679316
,肯德基(绍兴服务区南店),绍兴,越城区,马山镇宋家娄村绍兴服务区南1-2层,,,30.098509,120.643326
,肯德基(袍江滨河MALL店),绍兴,越城区,世纪东街313号滨河商业中心,,,30.076061,120.628495
,肯德基(上虞大通滨江商城店),绍兴,上虞区,曹娥街道博文路818号8.8元咖啡任选,,,30.025916,120.842569
,肯德基(绍兴泓盛餐厅),绍兴,越城区,王家庄路69号1层5-106B和5-107号肯德基商铺联系电话0575-,,,29.986097,120.547675
,肯德基(绍兴服务区北店),绍兴,越城区,马山镇宋家娄村绍兴服务区北一楼,,,30.10007,120.642554
,肯德基(口万安店),绍兴,诸暨市,店口镇万安北路98号万利来广场,,,29.936271,120.347581
,肯德基(上虞大润发店),绍兴,上虞区,市民大道大润发超市1层,,,30.033982,120.878245
,肯德基(安昌彩虹府店),绍兴,柯桥区,安昌街道柯北大道1188号越源彩虹府33幢101号,,,30.135876,120.517019
,肯德基(柯桥金地店),绍兴,柯桥区,双金地自在城商业二期2号楼一层2-1182-1192-1202-121商铺,,,30.087853,120.464857
,肯德基(崧厦佳源店),绍兴,上虞区,崧厦镇佳源商业广场2幢一层101、105、115号,,,30.075466,120.83713
,肯德基(上虞万达店),绍兴,上虞区,称山北路399号万达广场(绍兴上虞店)F1层1010,,,30.053468,120.842993
,肯德基(山下湖向阳店),绍兴,诸暨市,山下湖镇诸暨华东国际珠宝城商业广场S1幢,,,29.841174,120.351659
,肯德基(枫桥学勉店),绍兴,诸暨市,学勉路83征天大厦F1层,,,29.791054,120.422865
,肯德基(杨汛桥树大店),绍兴,柯桥区,紫薇路与杨江大道交叉口东南140米,,,30.124448,120.33633
,肯德基(马鞍滨海商业中心店),绍兴,柯桥区,马鞍街道滨海工业区滨海商业中心一层,,,30.151787,120.6228
,肯德基(杨汛桥虹桥店),绍兴,柯桥区,杨汛桥街道虹桥路4号101商铺使用面积257平方米,,,30.14997,120.381503
,肯德基(上虞观山店),绍兴,上虞区,百官街道观山路176号一楼3号商铺,,,30.04291,120.85306
,肯德基(口嘉凯城店),绍兴,诸暨市,店口镇中央路291嘉凯城城市客厅6号楼1层,,,29.921922,120.323526
,肯德基(柯桥古镇店),绍兴,柯桥区,万商路碧水桥东侧桥下,,,30.069533,120.478268
,肯德基(上虞万和城店),绍兴,上虞区,市民大道688号(上虞万和城一楼),,,30.032296,120.876255
,肯德基(中意奥特莱斯店),绍兴,柯桥区,中意奥特莱斯,,,30.140486,120.596681
,肯德基(珺睿府店),绍兴,越城区,珺睿府28幢4室101号商铺,,,29.976691,120.592809
,肯德基(柯桥利佰家店),绍兴,柯桥区,鉴湖路959号利佰家商业广场F1层,,,30.07968,120.466498
,肯德基(上虞新大通购物中心店),绍兴,上虞区,市民大道689号地上一层F01号8.8元咖啡任选,,,30.033061,120.87173
,肯德基(诸暨永利店),绍兴,诸暨市,苎萝东路399号万风新天地西楼一层,,,29.701114,120.263407
,肯德基(大唐浚枫公寓店),绍兴,诸暨市,大唐街道开元西路165号,,,29.691825,120.160019
,肯德基(大唐大润发店),绍兴,诸暨市,大唐街道商城北路永新广场大润发一楼,,,29.695929,120.158766
,肯德基(沥海供销超市店),绍兴,越城区,沥海街道大塘外海滨大道1号沥海供销社1楼肯德基,,,30.12184,120.764317
,肯德基(湄池店),绍兴,诸暨市,江汇广场东北门旁,,,29.907914,120.301157
,肯德基(丰惠大通),绍兴,上虞区,百丰路100号,,,29.952231,120.980088
,肯德基(上虞解放店),绍兴,上虞区,解放街80号8.8元咖啡任选,,,30.013995,120.879052
,肯德基(上虞舜杰店),绍兴,上虞区,曹娥街道舜杰路258号一层及二层8.8元咖啡任选,,,30.008715,120.866539
,肯德基(绍兴滨海万达广场店)(暂停营业),绍兴,柯桥区,滨海万达广场,,,30.218375,120.708475
,肯德基(上虞人民店),绍兴,上虞区,百官街道人民中路193号8.8元咖啡任选,,,30.017803,120.879219
,肯德基(嵊州吾悦店),绍兴,嵊州市,三江街道兴盛街666号新城吾悦广场第一层1028-2,,,29.571945,120.818454
,肯德基(诸暨飨街餐厅),绍兴,诸暨市,艮塔东路288号B2-02号铺一层肯德基,,,29.688868,120.25
,肯德基(诸暨雄风百货店),绍兴,诸暨市,艮塔路28号,,,29.720447,120.242006
,肯德基(诸暨万达店),绍兴,诸暨市,高湖东路69号万达广场一层,,,29.717375,120.275975
,肯德基(新昌华翔店),绍兴,新昌县,鼓山中路116号华翔大厦一楼,,,29.502986,120.8973
,肯德基(大唐金地店),绍兴,诸暨市,大唐街道商城路广粤荟8号一层,,,29.690463,120.160955
,肯德基(东关永兴店),绍兴,上虞区,东关街道建东中路61号,,,30.007711,120.818686
,肯德基(安华新天地店),绍兴,诸暨市,安华镇双佳路7号悦朗新天地一层,,,29.548138,120.131908
,肯德基(诸暨宝龙店),绍兴,诸暨市,艮塔西路122号之诸暨宝龙广场,,,29.728153,120.204317
,肯德基(嵊州世纪联华店),绍兴,嵊州市,官河南路和兴盛路交叉口世纪联华一楼KFC,,,29.571026,120.827131
,肯德基(钱清钱门学府DT店),绍兴,柯桥区,钱清镇钱门学府一楼餐厅,,,30.129422,120.400523
,肯德基(诸暨大润发店),绍兴,诸暨市,苎萝东路195号大润发超市一楼,,,29.701766,120.253997
,肯德基(嵊州国商店),绍兴,嵊州市,城关镇北直街1号,,,29.585875,120.821325
,肯德基,绍兴,诸暨市,草塔菜市场东门,,,29.68302,120.137433
,肯德基(嵊州西皮贸店),绍兴,嵊州市,官河南路799号,,,29.556546,120.826808
,肯德基(新昌海洋城店),绍兴,新昌县,鼓山西路七星路口2号门口,,,29.504728,120.875595
,肯德基(枫桥城市客厅嘉凯城店),绍兴,诸暨市,绿城·明月春江南门东200米,,,29.787678,120.411042
,肯德基(嵊州和悦时代广场店),绍兴,嵊州市,双塔路1888号和悦时代广场商业3号一层商铺,,,29.59989,120.841275
,肯德基(诸暨新一百店),绍兴,诸暨市,暨阳路7号,,,29.71702,120.237922
,肯德基(嵊州鹿山广场店),绍兴,嵊州市,鹿山路6-7号鹿山广场1F层,,,29.590254,120.827687
,肯德基(新昌康乐广场店),绍兴,新昌县,南明街道市民公园项目康乐坊1号楼,,,29.499654,120.903124
,肯德基(诸暨时代店),绍兴,诸暨市,艮塔东路66号,,,29.71043,120.249778
,肯德基(新昌世贸店),绍兴,新昌县,南明街道鼓山东路196号世贸广场肯德基餐厅,,,29.503183,120.902698
,肯德基(上虞大通农批车速取餐厅),绍兴,上虞区,百官街道凤山路487号农批市场一层B区11-13号商铺肯德基餐厅,,,30.025843,120.886923
,肯德基(诸暨印象城店),绍兴,诸暨市,西施大街77号青悦城1层,,,29.712287,120.237061
,肯德基(新昌芮德餐厅),绍兴,新昌县,七星街道68号芮德广场3号1063号110-2111商铺,,,29.502225,120.855125
,肯德基(小越科峰广场 店),绍兴,上虞区,小越街道越兴东路8.8元咖啡任选,,,30.071763,120.936094
,肯德基(新滨广场店),绍兴,柯桥区,"马鞍街道兴滨路以西、新天地商业中心以北,新滨商业中心1幢1-101A",,,30.203168,120.689051
,肯德基(诸暨服务区店),绍兴,诸暨市,王家井镇凉风洞村,,,29.661683,120.169904
,肯德基(盖北幸福里店),绍兴,上虞区,盖北镇盖北路278号3号楼.8.8元咖啡任选,,,30.133322,120.894208
,肯德基(诸永诸暨服务区西店),绍兴,诸暨市,浣东街道白马墩村诸永高速诸暨服务区西区,,,29.683139,120.285358
,肯德基(嵊州开元里餐厅),绍兴,嵊州市,官河南路9号,,,29.577165,120.826029
,肯德基(新昌服务区北店),绍兴,新昌县,城南乡石溪村东南嘉苑边新昌服务区,,,29.478675,120.905428
,肯德基(诸永诸暨服务区东店),绍兴,诸暨市,浣东街道白马墩村诸永高速诸暨,,,29.682087,120.287657
,肯德基(诸暨唐韵缤谷店),绍兴,诸暨市,浣东中路9号唐韵广场一层,,,29.706707,120.240396
,肯德基(诸暨服务区东店),绍兴,诸暨市,王家井镇凉风洞村诸暨服务区,,,29.660529,120.167807
,肯德基(嵊州服务区西店),绍兴,嵊州市,嵊州服务区东,,,29.786794,120.840429
,肯德基甜品站(万达广场绍兴新昌餐厅),绍兴,新昌县,十九峰路256号万达广场新昌店F1层,,,29.504794,120.875596
,肯德基(诸暨城东一百店),绍兴,诸暨市,"暨阳街道苎萝东路266号、262号260号商铺一层,268号二层",,,29.69972,120.274707
,肯德基(嵊州服务区东店),绍兴,嵊州市,嵊州服务区东侧,,,29.786986,120.842486
,肯德基(绍兴栖湖DT店),绍兴,越城区,解放南路3199号一层101号,,,29.928605,120.574879
,肯德基(绍兴会稽路DT店),绍兴,越城区,会稽路497号,,,29.968281,120.597586
,肯德基车速取餐点(上虞万达店),绍兴,上虞区,称山北路399号万达广场(绍兴上虞店)F1层1010,,,30.053301,120.842836
,肯德基(金华大润发店),金华,婺城区,八一南街1159号华源印象城一层二层,,,29.070867,119.657441
,肯德基(金华时代店),金华,婺城区,八一南街686号乐天玛特超市1层(近工商城),,,29.080485,119.654805
,肯德基(金华新华书店),金华,婺城区,八一南街268号综合楼商铺号,,,29.087325,119.653275
,肯德基(金华之心店),金华,婺城区,西关街道李渔路金华之心4-001号一层,,,29.078912,119.640457
,肯德基(金华汇金店),金华,婺城区,八一北街118号汇金国际商务楼1幢102-1室,,,29.100304,119.649392
,肯德基(金职院郎朗园区店),金华,婺城区,秋滨街道金帆街838号郎朗产业园一层二层,,,29.062131,119.631171
,肯德基(金华世贸店),金华,婺城区,李渔路888号金华世贸城市广场F1层,,,29.082569,119.649969
,肯德基(金华锦绣店),金华,婺城区,回溪街172号,,,29.104643,119.6499
,肯德基(金华浙中总部中心店),金华,金东区,光南路20号(万达广场地铁站B口步行500米),,,29.091399,119.672905
,肯德基(金华万达店),金华,金东区,李渔东路366号万达广场1楼(万达广场地铁站A口旁),,,29.089705,119.675878
,肯德基(金华缤纷汇店),金华,婺城区,号一层和悦路以北兰溪街以东缤纷名座房号,,,29.050821,119.653958
,肯德基(金华银泰店),金华,婺城区,解放东路168号,,,29.10359,119.654494
,肯德基(福泰隆店),金华,婺城区,宾虹路777号,,,29.08401,119.649039
,肯德基(金华恒大KFC),金华,婺城区,城中街道文化路22号恒大百货一楼A096-A100号,,,29.102499,119.653041
,肯德基(金华国元店),金华,婺城区,回溪街418号及青春西路111号婺商国际小区,,,29.108397,119.650562
,肯德基(金华婺城万固广场店),金华,婺城区,迎宾大道699号双龙旭辉广场101-102号,,,29.131874,119.6544
,肯德基(金华紫金湾店),金华,金东区,大堰河街西侧光南路南侧C地块金华涵碧紫金湾东方广场一层商铺号,,,29.098693,119.695945
,肯德基(金华婺城城市广场店),金华,婺城区,宾虹西路2999号万泰公园大道D座,,,29.083402,119.570691
,肯德基(金华现代城餐厅),金华,婺城区,宾虹路1518号现代城大楼1幢25室-29室一层,,,29.081795,119.632147
,肯德基(金华浙师大店)(暂停营业),金华,婺城区,浙江师范大学校区商业街西一楼121-123室,,,29.135411,119.637124
,肯德基(金华骆家塘餐厅),金华,婺城区,骆家塘畅达街41号肯德基,,,29.122843,119.639849
,肯德基(兰溪·天下江南景区店),金华,兰溪市,人民南路6号,,,29.207428,119.476701
,肯德基(兰溪兰江店),金华,兰溪市,兰江街道丹溪大道20号1-2号1-2层,,,29.212507,119.464326
,肯德基,金华,义乌市,凯旋南路33号,,,29.366419,120.117003
,肯德基(曹宅金汇店),金华,金东区,曹宅镇金汇路599号璟玥花园商业楼一楼102商铺,,,29.196675,119.757325
,肯德基(永康芝英店),金华,永康市,后城大街120号,,,28.937392,120.141395
,肯德基(兰溪服务区北店),金华,兰溪市,上华街道马达荷仙山兰溪服务区北区,,,29.13365,119.476308
,肯德基(兰溪新时代店),金华,兰溪市,横山路405号嘉泰新时代广场,,,29.213243,119.451727
,肯德基(金华金义万固店),金华,金东区,金义都市新区金义快速路南侧广渠街东侧悦湖广场一层二层,,,29.207103,119.845585
,肯德基(金华金义宝龙广场店),金华,金东区,金义新区双尖大道与金港大道交叉口南侧金义宝龙肯德基,,,29.216091,119.869633
,肯德基(永康金源店),金华,永康市,东城溪中东路209号211号(金源大厦),,,28.886796,120.055351
,肯德基(义乌宾王店),金华,义乌市,稠州北路458号一楼肯德基,,,29.314222,120.09192
,肯德基(兰溪人民店),金华,兰溪市,人民南路6号兰江大厦一楼,,,29.21205,119.477625
,肯德基(武义时代店),金华,武义县,花园殿巷15号宏马时代广场F1层,,,28.892321,119.815331
,肯德基(永康大润发店),金华,永康市,丽州中路与九铃路交叉口,,,28.896423,120.036424
,肯德基(义乌江东店),金华,义乌市,江东中路482号肯德基,,,29.291887,120.085926
,肯德基(义乌银海店),金华,义乌市,银海路292号,,,29.339875,120.104075
,肯德基(孝顺KFC店),金华,金东区,自贸大街与孝川路交叉口东南200米,,,29.181189,119.869974
,肯德基(义乌宏迪店),金华,义乌市,稠州西路,,,29.296974,120.061766
,肯德基(义乌滨江国际DT店),金华,义乌市,江滨北路393-397号滨江国际1-421-45号及399号1-40室1-41室1-43室一层,,,29.317817,120.100479
,肯德基(义乌万体广场店),金华,义乌市,春晗路与宾王路交叉鸿翔万体广场,,,29.335948,120.064672
,肯德基(义乌众安店),金华,义乌市,众安广场,,,29.308402,120.008994
,肯德基(廿三里开元店),金华,义乌市,廿三里镇开元南街2号一层,,,29.33252,120.169177
,肯德基(兰溪服务区店),金华,兰溪市,兰溪服务区东南侧,,,29.131283,119.474051
,肯德基(义乌万达店),金华,义乌市,新科路9号万达广场,,,29.277976,120.045405
,肯德基(义乌之心店),金华,义乌市,工人西路9号义乌之心城市生活广场,,,29.310597,120.074247
,肯德基(义乌环球大厦店),金华,义乌市,福田街道金融六街168号环球大厦商铺号9-10号,,,29.326094,120.109322
,肯德基(六石宝龙店),金华,东阳市,六石街道广福东街与油塘路交叉口西北100米宝龙广场一楼肯德基,,,29.304652,120.317099
,肯德基(义乌五爱店),金华,义乌市,江东中路55号,,,29.303525,120.102325
,肯德基(永康宝龙店),金华,永康市,解放路188号永康宝龙广场F1层,,,28.900604,120.029315
,肯德基(义乌绿地店),金华,义乌市,稠州中路91号绿地朝阳门义乌绿地朝阳门项一层肯德基,,,29.302914,120.077649
,肯德基(花园吉祥店),金华,东阳市,南马镇花园村花园商业中心,,,29.116919,120.225537
,肯德基(东阳浙江广厦大学店),金华,东阳市,广厦建设职业技术大学D1食堂,,,29.319615,120.350021
,肯德基(永康万达店),金华,永康市,永康市经济开发区长城西大道399号万达广场1001号商铺,,,28.901573,120.067219
,肯德基(苏溪之心店),金华,义乌市,苏溪镇镇前街53号北侧商业综合体地块苏溪之心一层,,,29.409268,120.133491
,肯德基(佛堂宝龙店),金华,义乌市,翔龙里佛堂之心东南门西120米,,,29.190846,120.019358
,肯德基(永康华联店),金华,永康市,胜利街2号永康华联商厦F1层,,,28.894218,120.033487
,肯德基(义乌北苑店),金华,义乌市,北苑路与丹溪路交汇处北苑行政商务中心商贸区1层,,,29.323041,120.054615
,肯德基(东阳定安店),金华,东阳市,吴宁街道办事处双岘路1号,,,29.258923,120.229749
,肯德基(苏溪佳庭汇店),金华,义乌市,苏华街112号中唐盛境购物中心F1,,,29.395266,120.149127
,肯德基(傅村东升店),金华,金东区,四海铭门西北门西80米,,,29.235527,119.903709
,肯德基(义乌大陈),金华,义乌市,大陈镇镇中南路130号铺位号101-102-103,,,29.459053,120.105606
,肯德基(上溪美食城DT),金华,义乌市,上溪镇云上之溪美食创意园(四通东路25号上溪美食城)一层肯德基,,,29.277768,119.931966
,肯德基(东阳振兴店),金华,东阳市,人民路66号,,,29.257425,120.240675
,肯德基(东阳金天地店),金华,东阳市,吴宁街道人民路106号第一百货F1层,,,29.267605,120.239303
,肯德基(东阳世纪联华店),金华,东阳市,江北街道艺海北路300-2号肯德基,,,29.283503,120.253042
,肯德基(佛堂赞美超市餐厅),金华,义乌市,佛堂镇大成路180号佛堂商业中心世纪联华商铺号1F-001一层,,,29.200877,120.021714
,肯德基(东阳山口店),金华,东阳市,江北街道广福西路258号哈哈广场大楼,,,29.308884,120.20507
,肯德基(义乌绣湖里店),金华,义乌市,绣湖西路191号193号,,,29.309333,120.061152
,肯德基(浦江福泰隆店),金华,浦江县,人民东路28号,,,29.452606,119.89004
,肯德基(义乌城北店),金华,义乌市,后宅街道洪深路城北商业中心一街13号艾伦幼儿园隔壁,,,29.356892,120.063881
,肯德基(义乌吾悦店),金华,义乌市,江东东路2号新城吾悦广场一楼,,,29.305473,120.105891
,肯德基(武义新漾里餐厅),金华,武义县,壶山街道市民广场西侧待出让地块(浙江锦浩商业管理有限公司1#楼1078-1081铺),,,28.911633,119.814603
,肯德基(横万盛店),金华,东阳市,横店镇万盛南街22号,,,29.153996,120.316268
,肯德基(浦江万固浦江之心餐厅),金华,浦江县,仙华街道班班大道158号一楼肯德基,,,29.455142,119.912828
,肯德基(东阳银泰城店),金华,东阳市,兴平西路428号东阳银泰城B1层,,,29.28424,120.208024
,肯德基(浦江财富店),金华,浦江县,大桥路人民路交叉口财富广场,,,29.451232,119.893446
,肯德基(浦江海乐城店),金华,浦江县,浦南街道亚太大道18号浦江海乐城一层1-20号,,,29.436169,119.912094
,肯德基(浙江横店影视产业实验区店),金华,东阳市,华夏大道533号影视产业园区C2-122,,,29.158979,120.28686
,肯德基(义乌商贸城二区店),金华,义乌市,福田路99号国际商贸城二区辅房ED-F-01号,,,29.332373,120.106006
,肯德基(义乌华润孝子祠餐厅),金华,义乌市,稠城街道工人北路101号一楼肯德基,,,29.31174,120.085046
,肯德基(义乌汇商中心店),金华,义乌市,稠州北路1505号汇商天地F1层,,,29.34289,120.108917
,肯德基(金华服务区店),金华,金东区,傅村镇杭金衢高速公路金华服务区北商铺号20号,,,29.244458,119.885258
,肯德基(义乌机场店),金华,义乌市,民航路201号义乌机场航站楼标段二号店铺号13、25、26,,,29.340073,120.032268
,肯德基(义乌现代店),金华,义乌市,望道路印悦城西南侧现代花园9幢一层商铺号1-1,,,29.311957,120.05216
,肯德基(桐琴佳源广场店),金华,武义县,桐琴镇佳源商业广场5幢136-137铺,,,28.866112,119.941371
,肯德基(义乌曙光大厦店),金华,义乌市,福田街道商城大道188号曙光大厦一楼肯德基,,,29.327718,120.113976
,肯德基(义乌丹溪金座店),金华,义乌市,北苑街道石桥头周边,,,29.320214,120.061752
,肯德基(义乌杨村商业街餐厅),金华,义乌市,稠江街道杨村社区杨村港城商铺号B10-11-12-13一层肯德基,,,29.2902,120.042255
,肯德基(东阳江北之芯店),金华,东阳市,江北街道北雅院3栋106号,,,29.291187,120.242279
,肯德基(兰溪宝龙店),金华,兰溪市,"兰江街道振兴路以北,永顺路以西兰溪宝龙广场商铺编号M1-L1-036",,,29.210234,119.441735
,肯德基(横店财富店),金华,东阳市,横店镇康庄南路168号国耀财富广场一层商铺,,,29.14829,120.323834
,肯德基(义乌旺地广场店)(暂停营业),金华,义乌市,工人北路与银海路交叉口西南340米,,,29.337074,120.10349
,肯德基(浙大四院店),金华,义乌市,福田街道浙江大学医学院附属第四医院东门,,,29.333409,120.128307
,肯德基(义乌国际商贸城一区餐厅),金华,义乌市,城北路555号国际商贸城一区F1,,,29.328577,120.102572
,肯德基(浦江财富咖啡店),金华,浦江县,人民东路财富广场1050店面,,,29.451225,119.893475
,肯德基(古山山水店),金华,永康市,古山镇山水一品一层,,,28.969531,120.148629
,肯德基(东阳沃德中心餐厅),金华,东阳市,白云街道世贸大道505号沃德中心A幢101号商铺号18室肯德基,,,29.302276,120.174996
,肯德基(义乌青口宝龙店),金华,义乌市,江东街道青口片区之义乌青口宝龙广场商铺编号M1-L1-026,,,29.311239,120.130887
,肯德基(金华服务区南餐厅),金华,金东区,傅村镇杭金衢高速公路金华服务区南商铺号20号,,,29.246208,119.885495
,肯德基(廿三里爱琴海店),金华,义乌市,爱琴海购物公园,,,29.332603,120.174598
,肯德基(磐安宝龙店),金华,磐安县,宝龙广场S6幢101号102号123号124号,,,29.054507,120.447374
,肯德基(义乌湖大塘邻里中心店),金华,义乌市,稠江街道86-12号湖大塘邻里中心,,,29.296138,120.065876
,肯德基(柒悦大厦店),金华,义乌市,丹溪北路936号柒悦大厦108号一层,,,29.337386,120.048117
,肯德基(义亭之心店),金华,义乌市,义亭镇镇前街一号地块义亭之心,,,29.230069,119.957478
,肯德基(巍山新天地店),金华,东阳市,巍山镇金源大道巍山新天地购物中心一层,,,29.321775,120.427825
,肯德基(义乌柒悦大厦车速取餐厅),金华,义乌市,北苑街道丹溪北路936号柒悦大厦108号一层肯德基,,,29.337361,120.047907
,肯德基(东阳服务区东店),金华,东阳市,东阳服务区西30米,,,29.301405,120.407841
,肯德基车速取餐厅(义乌商城大道中石化店),金华,义乌市,城中北路与商城大道交叉口长春二区对面,,,29.333385,120.095063
,肯德基车速取餐点(义乌江东店),金华,义乌市,江东中路与篁园路交叉口西南260米,,,29.29204,120.085973
,肯德基(衢州吾悦店),衢州,柯城区,白云中大道99号新城吾悦广场1幢一层,,,28.974562,118.849155
,肯德基(衢州国金店),衢州,柯城区,南街2号国金中心1层,,,28.959365,118.870894
,肯德基(衢州鹿鸣岛银泰inPARK店),衢州,柯城区,九华中大道489号衢州鹿鸣岛银泰inPARKB1层,,,28.958376,118.855771
,肯德基(衢江东方店),衢州,衢江区,信安大道398号,,,28.975899,118.957703
,肯德基(衢州县学街餐厅),衢州,柯城区,钟楼底1幢122-124-126号一层商铺,,,28.961904,118.872251
,肯德基(衢州荷花店),衢州,柯城区,三衢路238号,,,28.944251,118.879014
,肯德基(衢州世纪东方店),衢州,柯城区,世纪东方广场一层1002号商铺,,,28.940447,118.897909
,肯德基(衢州巨化店),衢州,柯城区,衢化学院路399号南方大厦2楼,,,28.89019,118.909467
,肯德基(衢州市人民医院餐厅),衢州,柯城区,白云街道闽江大道100号衢州人民医院肯德基,,,28.95267,118.83451
,肯德基(爱琴海购物公园奥特莱斯店),衢州,柯城区,衢州爱情海购物公园奥特莱斯3号门必胜客对面,,,28.963443,118.821802
,肯德基(太平店),衢州,龙游县,太平西路1号,,,29.02818,119.173257
,肯德基(江山大润发店),衢州,江山市,城北广场98号,,,28.745572,118.63236
,肯德基(江山东方店),衢州,江山市,鹿溪南路365号东方时代b1b2号,,,28.728709,118.627942
,肯德基(开化凤凰台东方店),衢州,开化县,开元路2号,,,29.121293,118.404949
,肯德基(开化东方店),衢州,开化县,城关镇临湖路212号,,,29.126502,118.40204
,肯德基(常山东方店),衢州,常山县,紫港街道东方广场1幢1F-017商铺,,,28.906599,118.52647
,肯德基(龙游大润发店),衢州,龙游县,老火车站北侧人民广场大润发商场1005商铺,,,29.022545,119.17027
,肯德基(常山文峰店),衢州,常山县,天马街道文峰西路95-97-99号,,,28.899479,118.515804
,肯德基(龙游城东东方广场店),衢州,龙游县,铺位东华街道荣昌东路以南泊珍路以西集贤路以北龙游城东东方广场1层1039号,,,29.040222,119.199754
,肯德基(衢州万达店),衢州,柯城区,"荷花中路555幢万达广场6号门,往前10米",,,28.927363,118.878703
,肯德基(江山城南东方广场店),衢州,江山市,城南华达美好广场1层1F-16号,,,28.686685,118.608377
,肯德基(东方华达城店),衢州,江山市,锦绣大道8号东方商厦江山东方广场店F1层,,,28.763435,118.651878
,肯德基(龙游湖镇东方店),衢州,龙游县,湖镇新星西路200号志诚东方广场一楼,,,29.056695,119.291685
,肯德基(开化华埠镇华阳路餐厅),衢州,开化县,华埠镇华阳路32号,,,29.011538,118.35379
,肯德基(临城乐购店),舟山,定海区,临城街道体育路189号乐购超市一楼,,,29.990848,122.210485
,肯德基(舟山新城宝龙店),舟山,定海区,千岛街道定沈路699号宝龙广场A馆-L1-057,,,29.992513,122.209299
,肯德基(普陀店),舟山,普陀区,东大街1号,,,29.944666,122.301666
,肯德基(普陀鑫材DT店),舟山,普陀区,浦西工业小区东海西路93号鑫材广场,,,29.970941,122.241404
,肯德基(定海解放店),舟山,定海区,解放西路169号,,,30.01502,122.099865
,肯德基(定海宝龙店),舟山,定海区,盐仓街道兴舟大道396号西侧之舟山定海宝龙天地第L1层商铺编号S5-L1-026-2/041/042,,,30.018977,122.065836
,肯德基(舟山普陀水街店),舟山,普陀区,东港街道兴北中路251路B2-L1-001普陀水街,,,29.969867,122.278719
,肯德基(舟山长峙绿城店),舟山,定海区,长峙岛香樟园东北门旁,,,29.972214,122.178043
,肯德基(东港普陀天地店),舟山,普陀区,东港街道海印路856号,,,29.976451,122.324612
,肯德基(欧尚东港店),舟山,普陀区,兴普大道266号欧尚超市1层,,,29.965962,122.320052
,肯德基(定海百悦餐厅),舟山,定海区,解放西路106号百悦生活广场一楼店铺,,,30.015541,122.103542
,肯德基(舟山定海檀香餐厅),舟山,定海区,城东街道东瀛路121号,,,30.017565,122.124066
,肯德基(定海东门店),舟山,定海区,解放东路232号世纪新茂,,,30.01588,122.118673
,肯德基(舟山普陀宝龙天地店),舟山,普陀区,滨港路与滨港一路交叉口东380米,,,29.94257,122.319206
,肯德基(定海宋都蓝郡店),舟山,定海区,和平路与沿港东路交汇处蓝郡国际花园底商S1幢101室一层,,,30.005701,122.110459
,肯德基(舟山凯虹城市广场餐厅),舟山,普陀区,沈家门街道船厂南路5号一层1F-05号,,,29.941356,122.290561
,肯德基(朱家尖慈航店),舟山,普陀区,朱家尖街道普渡路4号慈航广场二期一层候船厅肯德基,,,29.950965,122.370358
,肯德基(岱山日达店),舟山,岱山县,长河路338号日达广场B座,,,30.246547,122.209832
,肯德基(六横天合店),舟山,普陀区,六横镇峧头三八路与六横路交叉口东侧天合广场一层,,,29.743938,122.123545
,肯德基(金塘沥港店),舟山,定海区,丽港新天地2号楼一层十字路口东南侧,,,30.052518,121.848741
,肯德基(东港美乐汇餐厅),舟山,普陀区,东港街道海印路780号一楼肯德基,,,29.969629,122.32154
,肯德基(金塘丽港店),舟山,定海区,金塘镇欣港路193号丽港新天地广场2幢一层,,,30.052275,121.848575
,肯德基(嵊泗嘉域店),舟山,嵊泗县,兴海路345号嘉域生活中心一层101-102-103号商铺,,,30.732003,122.455091
,肯德基(椒江银泰店),台州,椒江区,中心大道3899号(国博中心地铁站B1口步行100米),,,28.621952,121.399463
,肯德基(中山西路店),台州,椒江区,中山西路189号沃老大超市1楼,,,28.675249,121.429962
,肯德基(路桥方林汽车城DT店),台州,路桥区,迎宾大道南侧之浙江方林汽车城项目北侧集装箱式城市会客厅肯德基,,,28.555778,121.386167
,肯德基(椒江耀达店),台州,椒江区,市府大道289号耀达百货1层,,,28.651209,121.43105
,肯德基(万科山海十里店),台州,路桥区,路桥街道南官大道以东、新安西街以北地块十里观·加生活、南官大道163号,,,28.576794,121.371038
,肯德基(台州万达店),台州,椒江区,开发大道799号万达广场一楼1号门,,,28.636805,121.417915
,肯德基(椒江乐客多店),台州,椒江区,市府大道555号世纪联华超市一楼,,,28.654355,121.414266
,肯德基(椒江宝龙城店),台州,椒江区,黄海公路5号宝龙城,,,28.673727,121.408905
,肯德基(椒江鑫和DT店),台州,椒江区,学院路与东平路交叉口北140米,,,28.670166,121.403383
,肯德基(路桥南官新天地店),台州,路桥区,路桥街道月河北街74号(月河北路和百兴路交叉口),,,28.58118,121.384265
,肯德基(椒江青悦城店),台州,椒江区,中心大道555号台州青悦城购物中心F1层,,,28.657408,121.409479
,肯德基(椒江锦江百货店),台州,椒江区,解放南路251-253号锦江百货招商部,,,28.673775,121.438075
,肯德基(路桥日用品城店),台州,路桥区,财富大道999号,,,28.580263,121.331512
,肯德基(黄岩黄石大道店),台州,黄岩区,西城街道黄石大道136号肯德基,,,28.628036,121.248648
,肯德基(黄岩大润发店),台州,黄岩区,大润发肯德基,,,28.631596,121.259802
,肯德基(黄岩吾悦店),台州,黄岩区,大桥路1号,,,28.653564,121.259947
,肯德基(椒江优加广场店),台州,椒江区,白云山西路与芷京路交界西北角优加广场,,,28.664979,121.407539
,肯德基(椒江岳头大厦店),台州,椒江区,安康路与椒东路交叉口西南40米,,,28.657449,121.454609
,肯德基(路桥大润发店),台州,路桥区,螺洋街道藕池居万嘉广场一层,,,28.568414,121.355002
,肯德基(椒江金地中成广场店),台州,椒江区,金地中城广场西门北170米,,,28.648246,121.453856
,肯德基(路桥中盛广场店),台州,路桥区,台州中盛城市广场北里,,,28.579038,121.378763
,肯德基(新桥领悦广场DT店),台州,路桥区,新桥镇白剑线与新桥路交叉口镇西路245号,,,28.517768,121.410706
,肯德基(椒江欧尚东海店),台州,椒江区,方米椒江区东海大道1800号一层A107A108商铺总计使用面积为404.72平,,,28.644544,121.427939
,肯德基(旭辉府店),台州,椒江区,机场路与洪三路交汇处下陈街道旭辉府,,,28.609915,121.448691
,肯德基(台州职业技术学院餐厅),台州,椒江区,学院路788号台州职业技术学院第五食堂2楼(仅限校内用餐),,,28.650423,121.403566
,肯德基(横峰百盛广场店),台州,温岭市,横峰街道宅前路6号肯德基,,,28.433014,121.341925
,肯德基(大溪佳源店),台州,温岭市,大溪镇方山大道388号-389号,,,28.469012,121.266041
,肯德基(温岭乐购店),台州,温岭市,九龙商圈时代广场购物中心,,,28.401336,121.382027
,肯德基(山海麓园店),台州,临海市,江南大道与下叶路交叉口临海荣安山海麓园一楼肯德基,,,28.817863,121.139358
,肯德基(杜桥杜川店),台州,临海市,杜桥镇杜川路240号,,,28.761783,121.498637
,肯德基(黄岩国贸店),台州,黄岩区,劳动南路263号国贸大厦1层,,,28.63613,121.26354
,肯德基(温岭宝龙广场店),台州,温岭市,宝龙广场商铺编号M1-L1-010-2,,,28.403132,121.341098
,肯德基(温岭恒隆MUSE中心店),台州,温岭市,五洋路与横湖北路交叉口东北120米,,,28.39917,121.363824
,肯德基(杜桥宝龙广场宝龙广场店),台州,临海市,杜桥宝龙广场西北门旁,,,28.753355,121.498601
,肯德基(温岭箬横锦悦城店),台州,温岭市,箬横镇人民西路北88号锦悦城1F-肯德基,,,28.399586,121.522146
,肯德基(温岭文体中心DT店),台州,温岭市,城西街道曙光路198号温岭岭商文体中心1层,,,28.391412,121.365519
,肯德基(椒江悦海城店),台州,椒江区,湾新区聚英路1300号155室,,,28.595704,121.536263
,肯德基(嘉里城店),台州,路桥区,嘉里城,,,28.506891,121.511557
,肯德基(温岭万达餐厅),台州,温岭市,城东街道科技路万达商场1F-肯德基,,,28.387213,121.396099
,肯德基(温岭恒隆MUSE中心店),台州,温岭市,五洋路70号(恒隆商业中心1幢103室),,,28.399475,121.365125
,肯德基(温岭领悦广场购物中心店),台州,温岭市,泽国镇泽牧路208-15号领悦广场一层,,,28.499167,121.360919
,肯德基(温岭城北商业综合体餐厅),台州,温岭市,城北街道横塘村温岭城北商业综合体1F-肯德基,,,28.44639,121.385216
,肯德基(温岭万佳店),台州,温岭市,人民东路105号东辉公园旁,,,28.368763,121.379905
,肯德基(温岭新天地店),台州,温岭市,太平街道万泉东路234号温岭新天地2F层2-205,,,28.367276,121.389507
,肯德基(亚朵酒店店),台州,路桥区,银安街689号亚朵酒店一层肯德基餐厅,,,28.588496,121.362316
,肯德基(院桥奥特莱斯店),台州,黄岩区,院桥镇兴华路211号奥特莱斯广场1幢1号2号14号15号一层,,,28.55612,121.267337
,肯德基(黄岩天佑城店),台州,黄岩区,世纪大道378号/建议和投诉,,,28.648858,121.221212
,肯德基(桃渚佳美汇店),台州,临海市,桃渚四岔街康平路67号佳美汇购物广场1楼肯德基,,,28.822621,121.587276
,肯德基(黄岩黄石大道车速取餐厅),台州,黄岩区,西城街道黄石大道136号肯德基,,,28.628024,121.248694
,肯德基(温岭数码店),台州,温岭市,城东街道万昌中路758号,,,28.400625,121.379425
,肯德基(杜桥联嘉超市店),台州,临海市,杜桥镇杜北路交牌门路东南角之联嘉超市项目一层,,,28.767142,121.490334
,肯德基(路桥蓬街振蓬店),台州,路桥区,蓬街镇老卫生院(振蓬东路与新蓬北路交叉口),,,28.552958,121.484523
,肯德基(临海柏叶店),台州,临海市,柏叶西路168号,,,28.849679,121.142628
,肯德基(临海回浦店),台州,临海市,崇和门广场北首,,,28.845304,121.126184
,肯德基(金清席腾广场店),台州,路桥区,金清镇环城三路555号席腾商业广场,,,28.510848,121.509358
,肯德基(临海银泰店),台州,临海市,东方大道一号银泰城1-2层,,,28.855284,121.140284
,肯德基(新河莱曼酒店),台州,温岭市,新河镇市民大道188号1层,,,28.458017,121.457149
,肯德基(黄岩新世纪店),台州,黄岩区,东城街道横街路193-195号,,,28.642839,121.264951
,肯德基(横街意得广场店),台州,路桥区,横街镇新兴路以东,,,28.536314,121.442698
,肯德基(临海府城店),台州,临海市,古城街道赤城路4号一二层总面积325.83平方米,,,28.840079,121.117744
,肯德基(三门雷迪森酒店),台州,三门县,滨海大道和梧桐路交叉口28号肯德基,,,29.099235,121.39726
,肯德基(松门岭商广场店),台州,温岭市,松门镇育英西路201号岭商国际广场1楼肯德基(第四医院正对面),,,28.347402,121.595986
,肯德基(大溪多方里餐厅),台州,温岭市,大溪镇登云南路86号(大溪多方里肯德基),,,28.45941,121.257095
,肯德基(临海华润店),台州,临海市,古城街道柏叶西路316号华润万家超市一楼,,,28.852045,121.151214
,肯德基(温岭CC广场餐厅),台州,温岭市,太平街道城市中心娱乐城一层温岭CC广场L1肯德基,,,28.374474,121.375283
,肯德基(三门首府店),台州,三门县,海游镇南山路首府广场,,,29.117216,121.379872
,肯德基(玉环大润发店),台州,玉环市,榴岛大道与珠港大道交叉口大润发超市1层,,,28.115555,121.249802
,肯德基(玉环万达广场店),台州,玉环市,银湖大道22号万达广场F1-1055号,,,28.216678,121.257984
,肯德基(永安店),台州,仙居县,城关镇解放街109号,,,28.855147,120.737554
,肯德基(新桥领悦广场车速取餐厅),台州,路桥区,新桥镇新桥路785号,,,28.517636,121.410549
,肯德基(天台太平洋店),台州,天台县,赤城路399号太平洋购物中心一楼,,,29.143479,121.031099
,肯德基(玉环玉兴店),台州,玉环市,玉兴西路与建设路交叉口西80米,,,28.132775,121.229652
,肯德基(天台赤城店),台州,天台县,赤城路66号赤城大厦1楼,,,29.143236,121.026252
,肯德基(天台工人路DT店),台州,天台县,赤城街道工人东路410号紫金花城肯德基,,,29.136554,121.048238
,肯德基(石塘上马广场店),台州,温岭市,石塘镇金星村上马广场一层,,,28.275962,121.607889
,肯德基(温岭医院店),台州,温岭市,温岭医疗中心内,,,28.401528,121.348925
,肯德基(平桥龙庭百悦荟店),台州,天台县,平桥镇祟文路1号,,,29.161605,120.888542
,肯德基(台州服务区东店)(暂停营业),台州,临海市,[],,,28.880652,121.226149
,肯德基(干江繁江),台州,玉环市,干江镇繁江路83号,,,28.161883,121.353793
,肯德基(临海伟星广场店),台州,临海市,大洋东路2号临海伟星星悦广场1层,,,28.879487,121.182443
,肯德基(玉环吾悦店),台州,玉环市,双港路8号台州玉环新城吾悦广场1F层1029,,,28.113893,121.229759
,肯德基(清港阿斯那广场店),台州,玉环市,清港镇下湫村湫涛路与新漩线交叉口东南80米阿斯那广场,,,28.244224,121.276298
,肯德基(玉环华鸿广场店),台州,玉环市,玉城街道华鸿广场1楼007,,,28.120916,121.230927
,肯德基(温岭千禧广场餐厅),台州,温岭市,太平街道万寿路258号千禧阳光文化创意园一层L013及L014号商铺,,,28.368124,121.367035
,肯德基(天台祥生广场店),台州,天台县,法华路628号祥生世纪广场1层,,,29.157968,120.990895
,肯德基(楚门印象广场店),台州,玉环市,楚门镇小王村印象广场一层,,,28.225119,121.288748
,肯德基(天台岭商广场店),台州,天台县,福溪街道滨溪南路,,,29.135457,121.00634
,肯德基(下各品尚),台州,仙居县,下各镇穿镇路467号品尚购物广场一楼,,,28.857039,120.851372
,肯德基(三门星悦广场店),台州,三门县,西区大道103号星悦·西城广场F1层,,,29.112993,121.360548
,肯德基(神仙居景区),台州,仙居县,泥昔线,,,28.674068,120.609439
,肯德基(天台赭溪老街店),台州,天台县,工人西路38号赭溪老街肯德基,,,29.140925,121.030025
,肯德基(白水洋欧乐购餐厅),台州,临海市,白水洋镇永安路59号欧乐购肯德基,,,28.892875,120.901235
,肯德基(仙居吾悦广场店),台州,仙居县,泰和中路1号新城吾悦广场一层铺位号为1033号铺位,,,28.846291,120.721245
,肯德基(三门君临城邦店),台州,三门县,泰和路9-6号,,,29.114453,121.457736
,肯德基(横溪东西大街),台州,仙居县,横溪镇横溪下街村东西大街544号,,,28.735578,120.478593
,临海恩泽医院肯德基,台州,临海市,大洋东路599号,,,28.891438,121.19695
,陆记肯德基风味炸鸡,台州,椒江区,昌阁路与中心街交叉口东20米,,,28.587827,121.454271
,KFC甜品站(台州青悦城购物中心店),台州,椒江区,中心大道555号台州青悦城购物中心F1层,,,28.657639,121.408837
,肯德基(丽水店),丽水,莲都区,中山街498号,,,28.450222,119.914019
,肯德基(丽水学院店),丽水,莲都区,学院路24号印象西城F2层,,,28.456583,119.904031
,肯德基(丽水万地花园店),丽水,莲都区,岩泉街道宇雷北路182号万地广场,,,28.463069,119.924006
,肯德基(丽水时代店),丽水,莲都区,解放街121号金马时代广场一楼,,,28.446062,119.919808
,肯德基(丽水汽车城DT店),丽水,莲都区,绿谷大道与成大街交叉口北侧地块,,,28.412811,119.854783
,肯德基(丽水MT超市店),丽水,莲都区,紫金街道解放路373号,,,28.447304,119.927242
,肯德基(丽水江泰广场店),丽水,莲都区,遂松路249-12和成大街199号之水阁江泰国际广场一楼肯德基餐厅,,,28.409267,119.856376
,肯德基(海特购广场店),丽水,莲都区,碧湖镇环北路与文一路路口海特购广场一楼肯德基餐厅,,,28.337101,119.776163
,肯德基(丽水银泰城店)(暂停营业),丽水,莲都区,花园路与卢镗街交叉口丽水银泰城B1层B1076,,,28.438125,119.926686
,肯德基(松阳万家惠店),丽水,松阳县,西屏街道要津路155-1号万家惠超市一层,,,28.441104,119.491297
,肯德基(丽水中广未来城餐厅),丽水,莲都区,成大街与秀山路交叉口东南侧之丽水中广未来城1019号一层铺位号1026,,,28.40146,119.874536
,肯德基(温溪江泰广场店),丽水,青田县,温溪镇洲头村新建路120号温溪江泰广场项目一层,,,28.148409,120.375285
,肯德基(青田之心店),丽水,青田县,油竹街道石锦侨与潘桥街交叉路口体育中心对面肯德基,,,28.102454,120.321987
,肯德基(缙云万地广场店),丽水,缙云县,五云街道新区南区缙云万地广场项目一层,,,28.650402,120.09091
,肯德基(景宁东方广场店),丽水,景宁畲族自治县,鹤溪街道鹤溪中路136号,,,27.975954,119.636971
,肯德基(青田鹤城店),丽水,青田县,鹤城东路88号,,,28.135787,120.29272
,肯德基(云和解放店),丽水,云和县,解放东街210号,,,28.111713,119.57692
,肯德基(缙云永宁星座店),丽水,缙云县,问渔路与永宁路交叉路口永宁星座售楼处,,,28.654735,120.091061
,留巷肯德基餐厅(刘祠堂背历史文化街区店),丽水,莲都区,丽水市中医医院北2门旁,,,28.442875,119.915303
,肯德基(缙云新建镇中心街店),丽水,缙云县,新建镇中心街,,,28.720375,120.025075
,肯德基(遂昌凯恩大酒店店),丽水,遂昌县,北街妙高街道北街1号凯恩广场一二层,,,28.591725,119.275625
,肯德基(壶镇乐业广场店),丽水,缙云县,壶镇镇乐业广场5号一楼肯德基餐厅,,,28.799913,120.251331
,肯德基(龙泉新天地店),丽水,龙泉市,西街街道中山西路1号龙渊新天地一层,,,28.073813,119.130584
,肯德基(遂昌江泰领悦广场店),丽水,遂昌县,妙高街道后江路2号未来公园南面遂昌江泰领悦广场L1层101,,,28.588425,119.245831
,肯德基(龙泉万达广场店),丽水,龙泉市,龙渊街道东茶路118号万达广场-1020B1021,,,28.069215,119.149484
,肯德基(汇金城店),丽水,庆元县,蒙洲街139号汇金城一楼肯德基餐厅,,,27.617583,119.064243
,KFC甜品站(丽水万地广场店),丽水,莲都区,宇雷北路与庆春街交叉口南60米,,,28.461561,119.925772
,肯德基(凤凰店),湖州,吴兴区,滨河路666号(开发区6号地块),,,30.873527,120.093288
,肯德基(湖州金源店),湖州,吴兴区,南街与红旗路东北角金源大厦一二层,,,30.86498,120.09961
,肯德基(梅地亚店),湖州,吴兴区,新华路690号,,,30.866355,120.122938
,肯德基(港南路浙北店),湖州,吴兴区,西南区域港南路和兴业路交叉口东北侧浙北购物运动体验中心一层,,,30.852044,120.088354
,肯德基(湖州仁皇山店),湖州,吴兴区,湖盛仁皇山生活广场A1门旁,,,30.895234,120.094269
,肯德基(龙之梦动物园店),湖州,长兴县,龙之梦乐园动物园一层DWY002号商铺,,,30.950091,120.056122
,肯德基(太湖古镇店),湖州,长兴县,龙之梦员工宿舍东北侧200米,,,30.953227,120.079852
,肯德基(湖州红旗店),湖州,吴兴区,南街487号,,,30.86325,120.099087
,肯德基(湖州星火外滩店),湖州,吴兴区,龙王山路1号湖州星火外滩广场,,,30.891949,120.09412
,肯德基(湖州永辉广场店),湖州,吴兴区,二环北路(永辉壹号院)永辉城市生活广场,,,30.888154,120.119513
,肯德基(浙北医学中心店),湖州,吴兴区,前庄路758号8幢4号1层,,,30.89605,120.122
,肯德基(湖州吾悦店),湖州,吴兴区,湖州新城吾悦广场,,,30.908725,120.101335
,肯德基(新天地商贸中心店),湖州,吴兴区,新天地商场A1一层,,,30.864863,120.099014
,肯德基(湖州爱山店),湖州,吴兴区,爱山街道人民路47号,,,30.866492,120.102681
,肯德基(织里富民店),湖州,吴兴区,织里镇富民路298号,,,30.864113,120.262079
,肯德基(龙之梦动物园精选店),湖州,长兴县,龙之梦动物世界(东南角),,,30.949463,120.0547
,肯德基(湖州万达店),湖州,吴兴区,八里店镇大升路与苕溪路交叉口湖州万达广场1号门,,,30.861532,120.1417
,肯德基(湖州大学城商业街店)(暂停营业),湖州,吴兴区,星河里商业中心南侧120米,,,30.869639,120.001996
,肯德基(湖州交通集团天空壹号·阅店),湖州,吴兴区,德清路与青太路交叉口交通壹号·阅,,,30.905214,120.081227
,肯德基(湖州东吴银泰餐厅),湖州,吴兴区,劳动路518号东吴银泰店一层1-59B肯德基,,,30.874917,120.099025
,肯德基(织里吴兴大道店),湖州,吴兴区,织里镇吴兴大道71号富民路463号一层,,,30.858424,120.261935
,肯德基(中石油凤凰站店),湖州,吴兴区,太湖路299号中石油加油站,,,30.883835,120.101137
,肯德基(织里浙北店),湖州,吴兴区,阿祥路1388号汇德国际广场F1层,,,30.85479,120.232894
,肯德基(湖州米兰广场餐厅),湖州,吴兴区,白鱼潭路779号米兰广场1-A8027号肯德基餐厅,,,30.881525,120.126475
,肯德基(金陵店),湖州,长兴县,金陵中路268号,,,31.003753,119.90674
,肯德基(南太湖观月湾DT店),湖州,吴兴区,滨湖大道一层718号二层720号,,,30.939952,120.120031
,KFC,湖州,吴兴区,太湖路1699号吾悦广场(湖州南太湖店)F2层,,,30.908633,120.101366
,肯德基(长兴海洋城店),湖州,长兴县,画溪大道与忻湖路交叉口嘉兆海洋城106号一楼肯德基,,,31.03551,119.904745
,肯德基(长兴欧尚店),湖州,长兴县,经济开发区经一路238号大润发长兴店1层,,,31.009682,119.922441
,肯德基(爱中大厦店),湖州,长兴县,和平镇霞慕山路3号,,,30.824331,119.906735
,肯德基(长兴绿创商业广场店),湖州,长兴县,龙山街道浙北商业广场1幢1-1号商铺,,,31.029102,119.907636
,肯德基(长兴利时广场店),湖州,长兴县,利时广场14幢,,,31.020545,119.919191
,肯德基(南浔泰安店),湖州,南浔区,泰安路161号泰安商业广场,,,30.877637,120.42652
,肯德基(湖州服务区南店),湖州,吴兴区,吴兴区高新区塘红村申苏浙皖高速湖州服务区,,,30.891573,120.220635
,肯德基(双林嘉凯城店),湖州,南浔区,嘉凯城·城市客厅,,,30.773884,120.332586
,肯德基(长兴苏杭时代店),湖州,长兴县,市雉城街道长海路296号,,,30.998225,119.909825
,肯德基(湖州师范学院创新创业中心店),湖州,吴兴区,二环东路759号湖州师范学院东校区内33幢(湖州室大学生创新创业中心)104-108室,,,30.874625,120.130321
,肯德基(湖州服务区店),湖州,吴兴区,高新区塘红村湖州服务区北区,,,30.892907,120.22214
,肯德基(安吉昌硕店),湖州,安吉县,昌硕街道九州昌硕广场6号楼一层,,,30.628689,119.687497
,肯德基(南方新世界店),湖州,南浔区,南浔镇人瑞路9999号南方新世界,,,30.866207,120.409311
,肯德基(湖州织里吾悦店),湖州,吴兴区,吴兴大道5005号吾悦广场1门,,,30.85633,120.236455
,肯德基(德清银泰城),湖州,德清县,舞阳街道莫干山高新区地信产业园游子街南侧中兴南路东侧德清银泰城商场,,,30.515961,119.969815
,肯德基(东林商城),湖州,吴兴区,东林商城,,,30.685921,120.106305
,肯德基(安吉城东美颂店),湖州,安吉县,灵峰街道云鸿西路940号(美颂广场)5幢营01-1,,,30.622476,119.65932
,肯德基(安吉恒隆大道DT店),湖州,安吉县,1室安吉县中国浙江省安吉市递铺镇丰华路2-16号楼丰华商业广场3幢01-1室02,,,30.615776,119.68234
,肯德基(安吉文驿店),湖州,安吉县,驿小区1幢营05-2昌硕街道递铺中路298号文驿小区营06-106-2296号文,,,30.63613,119.692336
,肯德基(安吉财富中心),湖州,安吉县,[],,,30.618771,119.671044
,肯德基(长兴瑞联广场店),湖州,长兴县,画溪街道高家墩村长兴瑞联广场一层101,,,30.984929,119.897442
,肯德基(安吉胜利店),湖州,安吉县,递铺镇胜利路商贸广场2幢,,,30.631812,119.690471
,肯德基(德清正翔店),湖州,德清县,武康镇永安街158号,,,30.534932,119.968477
,肯德基(工大路店),湖州,德清县,工大路康乾里8号肯德基,,,30.550027,120.04283
,肯德基(林城新林北路),湖州,长兴县,林城镇林城商贸新城合景苑5幢13号,,,30.935175,119.784725
,肯德基(天星广场店),湖州,长兴县,泗安镇天星广场(天兴广场)1号28号29号30号一层,,,30.904137,119.659135
,肯德基(湖州南浔吾悦店),湖州,南浔区,南林路518号新城吾悦广场1层1026/1027-1028号商铺,,,30.86129,120.409234
,肯德基(新市银河城店),湖州,德清县,新市镇银河城市广场,,,30.617011,120.283512
,肯德基(青山服务区东店),湖州,吴兴区,埭溪镇东红村杭宁高速青山服务区东区,,,30.66492,120.052687
,肯德基(青山服务区西店),湖州,吴兴区,长深高速青山服务区东区一楼商铺,,,30.664892,120.054704
,肯德基(德清美都店),湖州,德清县,武康镇永安街92-6号恒升大厦1层,,,30.535002,119.964256
,肯德基(和平镇爱中大厦车速取餐厅),湖州,长兴县,和平镇爱中大厦DT,,,30.824396,119.906776
,肯德基(浙大儿院莫干山院区店),湖州,德清县,康乾街道儿院路66号负一层,,,30.550635,120.054403
,肯德基(南浔正一广场店),湖州,南浔区,南浔镇大中路东浔横公路南正一广场,,,30.86117,120.415375
,肯德基(德清八角井店),湖州,德清县,武康街道春晖路80号八角井文化广场,,,30.544414,119.962807
,肯德基(长兴服务区北店),湖州,长兴县,G50高速长兴服务北区(安徽方向),,,30.928953,119.732221
,肯德基(安吉森源生活广场餐厅),湖州,安吉县,递铺街道阳光大道3358号天荒坪北路448号9幢营1-28号铺位,,,30.658831,119.684659
,肯德基(莫干山庾村店),湖州,德清县,莫干山镇莫干庾街M20公社303幢,,,30.597534,119.90219
,肯德基(德清东城时代店),湖州,德清县,武康街道千秋街南侧新丰路东侧东城时代商业中心一层,,,30.538545,119.999783
,肯德基(天子湖商贸城店),湖州,安吉县,天子湖镇东阳路762号高禹商贸城,,,30.824184,119.626275
,肯德基(煤山人才中心店),湖州,长兴县,301省道与金钉子路交叉口煤山镇蓝领公寓二期商铺2号楼1层,,,31.105067,119.738193
,肯德基(长兴服务区南店),湖州,长兴县,林城镇阳光村104乡道与沪渝高速G50交汇处长兴服务南区,,,30.927156,119.731494
,肯德基(德清服务区南店),湖州,德清县,申嘉湖杭高速公路德清服务区南区(上海方向),,,30.580819,120.303603
,肯德基(安吉财富中心餐厅),湖州,安吉县,灵峰路西侧鼎森路里荣路北侧,,,30.621664,119.70224
,肯德基(太湖服务区东区店),湖州,长兴县,夹浦镇香山村太湖服务区东区,,,31.122167,119.941903
,肯德基(太湖服务区西区独立小站店),湖州,长兴县,夹浦镇香山村太湖服务区西区,,,31.121704,119.9404
,肯德基(孝丰南门老街店),湖州,安吉县,孝丰镇云鸿塔路1号南门老街肯德基,,,30.585206,119.555919
,肯德基(南浔嘉业中路餐厅),湖州,南浔区,南浔镇嘉业中路323号贝尚湾肯德基餐厅,,,30.858286,120.427379
,肯德基(梅溪镇紫梅广场餐厅),湖州,安吉县,梅青路442号,,,30.80927,119.76033
,肯德基(禹越瑞鑫大厦),湖州,德清县,禹越镇振兴路与木桥路交叉口,,,30.514891,120.260303
,肯德基(德清服务区北店),湖州,德清县,申嘉湖杭高速公路德清服务区北区,,,30.582275,120.303175
,善琏镇肯德基店,湖州,南浔区,振兴路11号,,,30.692039,120.311693
,肯德基(练市东方DT店),湖州,南浔区,"练市镇练杭大道890,892,896号",,,30.7057,120.417169
,新市古镇肯德基,湖州,德清县,新市镇南昌街135号,,,30.613231,120.28802
,凤凰二村肯德基就近分配,湖州,吴兴区,梧桐路与青铜路交叉口东北180米,,,30.877598,120.093996
,肯德基新安必胜客,湖州,德清县,裕华路2283号,,,30.535168,120.225987
,肯德基(马鞍山欧尚店),马鞍山,花山区,雨山路与江东大道交叉口大润发1层,,,31.671853,118.524059
,肯德基(雨山店),马鞍山,雨山区,雨山西路499号华润苏果一楼,,,31.672637,118.498417
,肯德基(花山店),马鞍山,花山区,解放路15号,,,31.699729,118.505871
,肯德基(红旗路大润发店),马鞍山,雨山区,红旗中路与湖南西路交叉口伟星时代广场大润发超市一层,,,31.683946,118.489008
,肯德基(马鞍山万达店),马鞍山,雨山区,太白大道万达广场一楼0555-,,,31.658637,118.505135
,肯德基(马鞍山金鹰店),马鞍山,花山区,湖南西路8号马鞍山金鹰购物中心1层,,,31.6847,118.508584
,肯德基(马鞍山八佰伴店),马鞍山,花山区,湖东路以西大华国际广场2期八佰伴一二层,,,31.682657,118.509741
,肯德基(安徽工业大学东区店),马鞍山,花山区,霍里山大道380号安徽工业大学(东区)秀山校区八餐厅101号,,,31.675511,118.553722
,肯德基(马鞍山天润发店),马鞍山,花山区,湖北东路大润发超市一楼肯德基餐厅,,,31.699732,118.515087
,肯德基(马鞍山星悦广场店),马鞍山,花山区,五担岗路398号伟星星悦广场一层1F-03号商铺,,,31.690967,118.551946
,肯德基(雨山沃尔玛店)(装修中),马鞍山,花山区,花山区餐厅,,,31.672608,118.517419
,肯德基(恒泰·达观天下店)(暂停营业),马鞍山,雨山区,霍里山大道88号恒泰·达观天下,,,31.662761,118.552292
,肯德基(当涂大润发店),马鞍山,当涂县,振兴中路与青莲路交叉口大润发1层,,,31.563194,118.499519
,肯德基(当涂安德利店),马鞍山,当涂县,振兴路12号安德利购物中心当涂店F1层,,,31.554574,118.501417
,肯德基(和县历阳店),马鞍山,和县,历阳中路安德利购物中心,,,31.714982,118.367687
,肯德基(向山欧得福餐厅),马鞍山,雨山区,向山镇石山路与向山路交叉口东北角,,,31.663359,118.597937
,肯德基(玉龙湖广场店),马鞍山,含山县,鑫乐广场B幢1层,,,31.726829,118.084688
,肯德基(滨江汇餐厅),马鞍山,当涂县,当涂开发区人才佳苑东侧,,,31.535809,118.470818
,肯德基(乌江汇金广场店),马鞍山,和县,汇金.东方世贸广场,,,31.859918,118.457046
,肯德基,马鞍山,博望区,春江花月圆北门西北70米,,,31.564196,118.853043
,肯德基(石桥苏果),马鞍山,当涂县,石桥镇晨曦广场,,,31.441708,118.603115
,肯德基(含山国宾府店),马鞍山,含山县,环峰镇华阳中路南侧环峰西路北侧含山国宾府,,,31.719585,118.107311
,肯德基(太白服务区西区),马鞍山,当涂县,太白镇太白服务区西侧,,,31.489408,118.526549
,肯德基(清溪服务区南区餐厅),马鞍山,含山县,沪武高速上海方向清溪服务区南,,,31.634136,118.018239
,马鞍山大学城KFC,马鞍山,雨山区,达观天下8栋大学城KFC,,,31.662727,118.552317
,肯德基(芜湖营盘山路店),芜湖,镜湖区,北京中路10号大润发1层,,,31.335761,118.384665
,肯德基(芜湖欧尚店),芜湖,镜湖区,大润发天门山店入口旁,,,31.368614,118.373212
,肯德基(德盛店),芜湖,弋江区,花津南路92号德盛广场C区(铺位号C148)一层,,,31.285631,118.37265
,肯德基(中石油五一广场店),芜湖,镜湖区,赭山中路4号中石油五一广场加油站肯德基,,,31.34717,118.382307
,肯德基(芜湖八佰伴店),芜湖,镜湖区,中山北路33号八佰伴购物中心1层(商场内B1层入口),,,31.340035,118.366894
,肯德基(芜湖银泰城店),芜湖,弋江区,利民西路189号银泰城1层(1-001A),,,31.310975,118.365575
,肯德基(北京中路宜邻中心店),芜湖,鸠江区,北京中路与安澜路西北口,,,31.335313,118.448793
,肯德基(芜湖万达店),芜湖,镜湖区,弋江路与赭山路交叉口万达广场室内步行街二楼,,,31.338442,118.398915
,肯德基(幸福里欧尚店),芜湖,鸠江区,鸠江北路与赤铸山路交汇处大润发超市一楼,,,31.36092,118.416787
,肯德基(芜湖新百店),芜湖,镜湖区,中和路31号,,,31.325525,118.367675
,肯德基(芜湖万悦城店),芜湖,鸠江区,官陡街道万春西路70号伟星万悦城1号门,,,31.377128,118.407769
,肯德基(云从路宜邻中心店),芜湖,鸠江区,鸠江区官陡街道民安路21号云从路宜邻中心102商铺,,,31.338275,118.424725
,肯德基(花津南路欧尚店),芜湖,弋江区,花津南路66号欧尚超市一层北入口,,,31.306444,118.37341
,肯德基(芜湖火车站店),芜湖,镜湖区,赭麓公共服务中心站东路芜湖站,,,31.348343,118.392821
,肯德基(银湖时代店),芜湖,鸠江区,银湖北路与武夷山路交口伟星银湖时代一层1F-02商铺,,,31.399816,118.374686
,肯德基(中央城利群时代店),芜湖,弋江区,花津南路中央城1号地块商业街5号楼1-2层,,,31.292958,118.374106
,肯德基(正嘉广场餐厅),芜湖,鸠江区,政通路及海晏路交汇处正嘉广场一层铺位号1-113,,,31.351822,118.44246
,肯德基(未来城大润发店),芜湖,湾沚区,湾沚镇世纪大道交汇处东北角大润发超市1层,,,31.143988,118.583381
,肯德基(芜湖星立方车速取餐厅),芜湖,鸠江区,伟星城1-12号楼01室1F-01铺位,,,31.358071,118.399609
,肯德基(中御广场店),芜湖,弋江区,利民东路皖新·春江明月西南侧约70米中御广场,,,31.314003,118.410783
,肯德基(瑞丰商博城店),芜湖,弋江区,利民路与弋江路交口瑞丰商贸城A区一层,,,31.312674,118.402319
,肯德基(龙山拓佳广场店),芜湖,鸠江区,经开区龙山街道香城湾S-01栋,,,31.473537,118.394931
,肯德基(芜湖弋江万达餐厅),芜湖,弋江区,万达广场2号门0553-,,,31.290582,118.382732
,肯德基(天门山西路宜邻中心车速取餐厅),芜湖,镜湖区,天门山西路以北赤铸山庄以东宜邻中心107商铺,,,31.368729,118.361164
,肯德基(沈巷同乐广场店),芜湖,鸠江区,沈巷镇同乐城市广场1号楼一层,,,31.467159,118.231465
,肯德基(繁昌大润发店),芜湖,繁昌区,渡江大道与迎春东路交汇处大润发1层,,,31.08418,118.205375
,肯德基(芜湖华强吾悦餐厅),芜湖,镜湖区,吾悦广场1046-31054-2号铺位,,,31.341675,118.364925
,肯德基(新百店),芜湖,无为市,西大街新百商厦一楼,,,31.297606,117.917124
,肯德基(安徽师范大学花津校区店)(暂停营业),芜湖,弋江区,小食代美食城(芜湖弋江区),,,31.286752,118.377421
,肯德基(三山伟星·星悦广场店),芜湖,弋江区,竹园路南至浮山路西至龙湖路北至粟元路三山星悦广场一层1F-39铺位,,,31.226095,118.271692
,肯德基(南陵大润发店),芜湖,南陵县,利民北路86东南方向10米鼎盛广场,,,30.921582,118.33377
,肯德基(无为安德利店),芜湖,无为市,市无城镇凤河路无为安德利广场购物中心一层,,,31.315873,117.905037
,肯德基(米芾广场店),芜湖,无为市,市铁山路米芾商业广场一层二层,,,31.301441,117.914231
,肯德基(三山伟星肩并肩店),芜湖,弋江区,伟星·星悦广场(三山店),,,31.226121,118.271694
,肯德基(芜湖县时代广场店),芜湖,湾沚区,湾沚镇芜湖中路88号时代广场1层,,,31.145779,118.570985
,肯德基(利民路店),芜湖,南陵县,籍山镇利民北路80号雄风中央花园,,,30.922366,118.3319
,肯德基(江业超市店),芜湖,南陵县,江业东路与072县道交叉口西40米,,,31.06333,118.410096
,肯德基(无为大润发),芜湖,无为市,市锁埂北路晏公花园西北侧约170米,,,31.30499,117.923874
,肯德鸡,芜湖,无为市,国药商店(土桥镇教育管理办公室东)东侧,,,31.043435,117.729526
,肯德基(伟星星立方店),芜湖,鸠江区,伟星星立方,,,31.358171,118.399687
,肯德基(义安乐购店),铜陵,铜官区,义安北路置地·财富广场A座B1层,,,30.927437,117.817962
,肯德基(皖江环球港店),铜陵,铜官区,北京西路与政府北路交叉口北斗星城2期1-3号栋一层,,,30.949881,117.815448
,肯德基(铜陵万达店),铜陵,铜官区,石城大道中段599号万达广场(铜陵店)F1,,,30.945015,117.83132
,肯德基(人民中路店),铜陵,铜官区,淮河路铜冠广场1楼,,,30.92686,117.807376
,肯德基(良发店),铜陵,铜官区,长江中路良发大厦一楼肯德基餐厅,,,30.927654,117.814945
,肯德基(铜陵火车站店),铜陵,铜官区,铜官区铜陵站出发层TL-1F-03商铺,,,30.918691,117.861428
,肯德基(铜陵嘉华大润发店),铜陵,铜官区,翠湖一路与石城大道交叉口处大润发一楼,,,30.949554,117.834883
,肯德基(铜陵吾悦店),铜陵,铜官区,铜陵新城吾悦广场1045-1号商铺,,,30.952158,117.868227
,肯德基(顺安东城店),铜陵,义安区,聚源街37号,,,30.950075,117.951231
,肯德基(枞阳财富广场店),铜陵,枞阳县,湖滨路财富广场东北角一二层,,,30.69668,117.213281
,肯德基(安庆欧尚店),安庆,迎江区,皖江大道77号绿地新都会F1层,,,30.521829,117.101439
,肯德基(安庆吾悦广场店),安庆,迎江区,龙眠山路与菱湖南路交口,,,30.51437,117.075388
,肯德基(安庆苏果店),安庆,宜秀区,湖心北路与天柱山路交叉口苏果超市一楼,,,30.542365,117.061758
,肯德基(商都店),安庆,迎江区,人民路563号肯德基餐厅,,,30.505325,117.043425
,肯德基(安庆弘阳店),安庆,宜秀区,弘阳广场4号门,,,30.545088,117.100626
,肯德基(春熙街店),安庆,宜秀区,北部新城龙珠路与206国道交叉口春熙街1号楼109-110-111-112,,,30.607393,116.980634
,肯德基(中皖好又多店),安庆,潜山市,源潭镇源潭大道88号,,,30.813288,116.681463
,肯德基(桐城桐都广场店),安庆,桐城市,同安南路与昌平路交叉口文昌社区棚户区改造工程K5综合楼,,,31.039125,116.95159
,肯德基(新欧尚店),安庆,桐城市,杨树店路9号,,,30.837166,116.881367
,肯德基(中业广场店),安庆,桐城市,和平路73号桐城·中业广场F1层,,,31.04896,116.951249
,肯德基(桐城太阳城店),安庆,桐城市,龙眠路102号太阳城购物中心,,,31.052054,116.961846
,肯德基,安庆,望江县,新岭村村民委员会东北侧240米,,,30.211875,116.788625
,肯德基(望江中央城店),安庆,望江县,回龙西路与东洲路交叉口中央商城一层FZ-1号商铺,,,30.123481,116.693376
,肯德基(桐城梧桐国际店),安庆,桐城市,龙池路与南三路交叉口梧桐国际购物中心一层L1-09号铺位L1-33号铺位,,,31.031557,116.974399
,肯德基(潜山蓝鼎好又多店),安庆,潜山市,皖潜大道与桃园路交叉口西南角蓝鼎中央广场A02号铺位,,,30.641103,116.57932
,肯德基(高宾大厦店),安庆,怀宁县,皖河路37号高宾大厦一层A02号铺,,,30.722799,116.833721
,肯德基(怀宁德辰盒小马店),安庆,怀宁县,香樟大道德辰时代广场1F,,,30.746693,116.841054
,肯德基(石牌联商店),安庆,怀宁县,石牌镇建新路51号联商购物广场A01号铺位,,,30.408944,116.651223
,肯德基(望江云珠国际店),安庆,望江县,华阳镇望江大道云珠国际广场一层B1001铺,,,30.120096,116.705279
,肯德基(潜山中诺恒太城店),安庆,潜山市,潜山市经济开发区皖潜大道208号中诺恒太城,,,30.634836,116.592343
,肯德基(天鹅广场店),安庆,岳西县,滨河西路天鹅广场1号楼1层,,,30.846755,116.35605
,肯德基(太湖好又多店),安庆,太湖县,晋湖路和建设路交口西南角,,,30.442515,116.309035
,肯德基(皖岳恒太城店),安庆,岳西县,天堂镇莲云大道北侧皖岳恒太城,,,30.850183,116.333361
,肯德基(宿松人民路店),安庆,宿松县,孚玉镇人民路166号肯德基餐厅,,,30.157414,116.119094
,肯德基(宿松世纪华联店),安庆,宿松县,孚玉镇人民中路世纪华联一层107/108/109号铺位,,,30.154519,116.125791
,肯德基(宿松发到家店),安庆,宿松县,孚玉镇孚玉东路东方世纪城1幢一层A101号商铺112平方米二层B202号商铺,,,30.154139,116.139528
,肯德基(黄山大观店),黄山,屯溪区,新安大道与阳湖路交叉口,,,29.701396,118.313805
,肯德基(昱中店),黄山,屯溪区,黄山东路巴黎春天购物广场1层,,,29.710278,118.314562
,肯德基(黄山新园路店),黄山,屯溪区,跃进路6号大润发超市一楼肯德基餐厅,,,29.709137,118.320996
,肯德基(屯溪老街店),黄山,屯溪区,滨江西路1号河街里K幢103-104、202号1-2层,,,29.707215,118.306115
,肯德基(黄山北站店),黄山,屯溪区,高铁北站一楼肯德基餐厅,,,29.814795,118.272849
,肯德基(浩创城店),黄山,屯溪区,梅林大道76号浩创城三期9号1层,,,29.778225,118.264592
,肯德基(休宁百姓缘店),黄山,休宁县,海阳镇萝宁街黄山工商城A幢一层,,,29.787858,118.181465
,肯德基(黎阳映像店),黄山,屯溪区,昱新路黎阳IN巷L1305号2楼店铺印象重庆火锅店,,,29.705765,118.297305
,肯德基(歙县天润发店),黄山,歙县,徽城镇黄山路173号1幢(1030铺、1031铺、1032铺)一层,,,29.868701,118.428675
,肯德基(宏村店),黄山,黟县,宏村镇际村,,,29.998345,117.986549
,肯德基(颐高购物广场餐厅),黄山,歙县,徽城镇七川村黄山颐高广场一层,,,29.862799,118.402606
,肯德基(黄山太平西路店),黄山,黄山区,太平西路南侧光明大厦A号西大厅1层,,,30.295864,118.137181
,肯德基(祁门天润发店),黄山,祁门县,祁红文化中心1幢祁门天润发超市一层001铺位&002铺位,,,29.850716,117.710383
,肯德基(黄山汤口DT店),黄山,黄山区,205国道高速出口附近,,,30.064077,118.176437
,肯德基(呈坎服务区店),黄山,徽州区,呈坎镇京台高速公路呈坎服务区,,,29.935442,118.286966
,肯德基(黟县泰和广场店),黄山,黟县,碧阳大道泰和广场1幢,,,29.922993,117.943743
,肯德基(滁州新百店),滁州,琅琊区,南僬北路与琅琊大道交口西南角乐彩城一层,,,32.300238,118.314412
,肯德基(滁州店),滁州,琅琊区,南谯北路和天长东路交叉口东南角水石广场一层0550-,,,32.303467,118.313035
,肯德基(紫薇店),滁州,南谯区,泰鑫城市星座,,,32.288765,118.319399
,肯德基(滁州万达店),滁州,南谯区,南谯路与湖心路交叉口万达广场一层铺位编号1001,,,32.289243,118.326246
,肯德基(滁州吾悦店),滁州,南谯区,新城吾悦广场1010-1011-1012-1072号商铺,,,32.237533,118.337541
,肯德基(滁州金鹏99店),滁州,南谯区,龙蟠大道9号金鹏九九购物中心金鹏玖玖广场店F1层,,,32.254353,118.313199
,肯德基(丰乐大润发店),滁州,琅琊区,丰乐路147号,,,32.293711,118.312026
,肯德基(金太阳店),滁州,来安县,汊河地铁站2号口步行260米,,,32.21314,118.59559
,肯德基(十字镇联华店),滁州,全椒县,纬四路49-53号第1层6号,,,32.149365,118.288628
,肯德基(滁州琅琊玖玖店),滁州,琅琊区,金山路与扬子大道交叉口东北180米,,,32.320486,118.329422
,肯德基(敬梓店),滁州,全椒县,儒林路与敬梓路交叉口奥康步行街A区,,,32.090394,118.268694
,肯德基(白云商厦店),滁州,来安县,永阳路与建阳路交叉口白云商厦一层A号商铺二层B号商铺,,,32.444675,118.433925
,肯德基(荣汇苏果店),滁州,全椒县,荣汇广场1期一层110号,,,32.080745,118.280944
,肯德基(定远大润发店),滁州,定远县,鲁肃大道东侧一层,,,32.517465,117.690068
,肯德基(定远店),滁州,定远县,花园湖西大街百货大楼1层,,,32.524163,117.680732
,肯德基(天长吾悦店),滁州,天长市,千秋大道南侧新河南路东侧学苑路北侧园林路西侧新城吾悦广场1011号商铺,,,32.664437,118.99768
,肯德基(明光大润发店),滁州,明光市,池河大道与明珠路交叉口东北角,,,32.776487,118.010377
,肯德基(明光正元广场KFC店),滁州,明光市,龙山东路与明珠大道交口正元广场A区1F-2-1-,,,32.784273,118.009916
,肯德基,滁州,天长市,秦香中路与寿昌路交叉口东南140米,,,32.599772,119.177264
,肯德基(天长天正店),滁州,天长市,新河南路10号,,,32.68748,119.001522
,肯德基(天长天发店),滁州,天长市,园林路55号,,,32.677531,119.002437
,肯德基(千秋时代店),滁州,天长市,建设中路,,,32.686821,119.013815
,肯德基(汊涧苏果餐厅),滁州,天长市,汊涧镇南阳广场,,,32.672666,118.778666
,肯德基(凤阳创合汇店),滁州,凤阳县,顺城路159号,,,32.856082,117.534297
,肯德基(凤阳商贸城店),滁州,凤阳县,府东街8号凤阳商贸城广场F2层,,,32.86625,117.560441
,KFC(吾悦广场),滁州,天长市,千秋大道与园林路交汇处吾悦广场F1层,,,32.664346,118.997862
,肯德基(炉桥苏果店),滁州,定远县,炉桥镇花园街新地财富广场苏果超市1楼101号,,,32.544665,117.239867
,肯德基车速取餐点(金太阳店),滁州,来安县,阳光国际广场1层肯德基露天停车场,,,32.213044,118.595112
,肯德基车速取餐点(丰乐大润发店),滁州,琅琊区,丰乐路147号大润发超市内,,,32.293636,118.311943
,千秋时代美食(千秋·时代广场店),滁州,天长市,千秋·时代广场,,,32.686015,119.014267
,肯德基(清河路华联店),阜阳,颍州区,阜王路和清河路交叉口华联大厦1层,,,32.889554,115.81142
,肯德基(阜阳吾悦店),阜阳,颍州区,淮河路2236号阜阳颍州吾悦广场F1层,,,32.877122,115.791106
,肯德基(颖上路店),阜阳,颍泉区,颍上路89号商厦绿色食品城一楼,,,32.898768,115.831614
,肯德基(阜阳宝龙店),阜阳,颍州区,阜王路宝龙城市广场M-F1-009/058-1,,,32.872054,115.809439
,中式肯德基(三角洲安置区店),阜阳,颍东区,和顺小区西北门西南80米,,,32.891237,115.859373
,肯德基(颖河路苏果店),阜阳,颍东区,华润苏果超市1层,,,32.901687,115.849138
,中式肯德基,阜阳,颍州区,047县道与345国道交叉口南100米,,,32.908516,115.707929
,肯德基(颖河大润发店),阜阳,颍州区,颍河路与阜南大道交叉口大润发超一楼,,,32.902019,115.801768
,肯德基(阜阳商厦中心店),阜阳,颍州区,清河路与阜南路交口七彩欢乐城一层、二层,,,32.89241,115.795703
,肯德基(东湖世纪金源店),阜阳,颍东区,方圆荟世纪金源购物中心,,,32.915333,115.889568
,肯德基(颍泉万达店),阜阳,颍泉区,古泉路南侧太阳路东侧万达广场,,,32.932401,115.81692
,肯德基(阜阳莲花路邻里汇KFC店),阜阳,颍州区,莲花路南侧规划瑶池路西侧阜阳建投邻里汇一层,,,32.882381,115.844856
,肯德基(阜阳颍州万达餐厅),阜阳,颍州区,淮河路767号万达广场1036A2037号商铺,,,32.872325,115.821525
,肯德基(阜阳天鹅湖店),阜阳,颍州区,阜合园区翰林苑小区南侧华山路西侧中石油天鹅湖路加油加气站一层,,,32.814873,115.893386
,肯德基(阜阳爱琴海店),阜阳,颍东区,涡阳南路与幸福路交叉口爱琴海购物中心一层,,,32.906631,115.848183
,肯德基(双清湾水街店),阜阳,颍州区,西清路1151号双清湾水街广场A-01商业楼1层,,,32.855649,115.792701
,肯德基(阜阳一里香溪餐厅),阜阳,颍州区,纬四路269号一里香溪小区22号商业办公配套楼105室106室107室108室,,,32.860422,115.854355
,肯德基(阜阳西站候车厅餐厅),阜阳,颍州区,颖西街道淮河路阜阳西站FYX-3F-13号铺位,,,32.882744,115.752935
,肯德基(解放路店),阜阳,太和县,解放路139号,,,33.15344,115.616094
,肯德基(中央城店),阜阳,颍上县,慎城镇新城万象城F1层,,,32.644023,116.262417
,肯德基(太和百太星马店),阜阳,太和县,民安大道与建设路交口百太星马广场一层161号铺位二层201-1号铺位,,,33.176898,115.608798
,肯德基(阜南百货大楼店),阜阳,阜南县,阜南百货大楼1-2层,,,32.634161,115.588722
,肯德基(缔煌店),阜阳,颍上县,慎城镇解放北路169号缔煌,,,32.636225,116.262425
,肯德基(临泉御园广场店),阜阳,临泉县,鲖阳路47号方圆荟·御园时代广场F1层,,,33.064548,115.258341
,肯德基(晶宫大润发店),阜阳,太和县,长征路与胜利路交叉口大润发一楼,,,33.183875,115.626944
,肯德基(太和苏果店),阜阳,太和县,人民中路苏果超市1层,,,33.166573,115.622593
,肯德基(万吉广场店),阜阳,界首市,人民东路与东升路交叉口万吉广场一楼,,,33.256149,115.375816
,肯德基(临泉大润发店),阜阳,临泉县,解放路大润发一楼,,,33.046373,115.251706
,肯德基(界首阳城大地店)(暂停营业),阜阳,界首市,阳城大地广场1层4-1001,,,33.242626,115.346719
,肯德基(五洲万汇城店),阜阳,颍上县,慎城镇政务北路与经四路交汇处五洲万汇城21号楼发到家超市主入口左侧一层,,,32.655946,116.240142
,肯德基(阜阳颍上吾悦广场店),阜阳,颍上县,新城吾悦广场1001号商铺,,,32.643528,116.239337
,肯德基(阜南爱琴海店),阜阳,阜南县,地城路红星爱琴海1号门145号铺位,,,32.647538,115.592726
,肯德基(临泉爱琴海店),阜阳,临泉县,光明南路426号临泉爱琴海1层(W1001+W1002A)号商铺,,,33.029918,115.260541
,肯德基(阜阳太和万达广场店),阜阳,太和县,太和大道666号阜阳太和万达广场F1层,,,33.204833,115.609641
,肯德基(迪沟世纪阳光餐厅),阜阳,颍上县,阳光大道迪沟镇卫生院西侧约150米,,,32.809534,116.380165
,肯德基(CBD万达店),宿州,埇桥区,胜利路CBD万达广场1028号,,,33.640557,116.980495
,肯德基(宿州时代广场店),宿州,埇桥区,汴河路以南二中路以东家乐福世纪广场1层,,,33.631288,116.98671
,肯德基(宿州大润发店),宿州,埇桥区,东昌路大润发超一层,,,33.634619,116.986107
,肯德基(宿州万达店),宿州,埇桥区,拂晓大道1号万达广场1层,,,33.653455,116.950245
,肯德基(金方世纪城店),宿州,埇桥区,纺织西路与人民南路西南侧金方世纪城大商业B1栋一层,,,33.617598,116.965163
,肯德基(宿州吾悦店),宿州,埇桥区,汴河西路100号吾悦广场1层,,,33.632914,116.964913
,肯德基(宿州苏宁店),宿州,埇桥区,汴河中路南侧苏宁广场一层117-118铺位,,,33.629461,116.984604
,肯德基(纺织路中石化餐厅),宿州,埇桥区,拂晓大道与纺织西路交叉口西南侧中石化加油站,,,33.617984,116.948422
,肯德基(龙城店),宿州,萧县,中山路与交通路交汇处国购广场1楼,,,34.180646,116.948348
,肯德基(薄山路店),宿州,灵璧县,薄山路与大运街交叉口东北120米,,,33.534836,117.567944
,肯德基(砀山万达广场店),宿州,砀山县,砀城镇万达广场一层肯德基,,,34.424325,116.351175
,肯德基(嘉泰广场店),宿州,砀山县,芒砀北路与东北内环路交汇处泰广场一层,,,34.431042,116.350954
,肯德基(泗县第一街店),宿州,泗县,汴河大道泗州第一街,,,33.481369,117.891012
,肯德基(深蓝中心店),宿州,泗县,泗城镇朱山路与花园路交叉路口东南侧深蓝中心项目CS-2号楼一层,,,33.497575,117.897325
,肯德基(泗县玉兰金街餐厅),宿州,泗县,开发区虹乡路西侧桃花源小区东侧泗县玉兰超市102/103/163号铺位一层0557-,,,33.473495,117.897939
,肯德基(黄麓书香路店),巢湖,巢湖市,蓝城·凤起巢鸣西门东南80米,,,31.614129,117.588875
,肯德基(旺湖店),巢湖,巢湖市,团结路59号市开发公司综合楼一楼,,,31.598141,117.867478
,肯德基(城北安德利餐厅),巢湖,巢湖市,巢湖北路城市之光商业楼安德利超市一层,,,31.615525,117.873875
,肯德基(巢湖安德利店),巢湖,巢湖市,东风路79号安德利购物广场1层,,,31.594596,117.869753
,肯德基(槐林永乐辉),巢湖,巢湖市,槐林镇槐林路永乐辉超市一层,,,31.421416,117.611864
,肯德基(巢湖万达广场店),巢湖,巢湖市,太湖山路与东塘路交口万达广场一层1035号铺位,,,31.610963,117.883524
,肯德基(半汤合家福店),巢湖,巢湖市,中国金巢大道和紫薇路交口岠嶂社区1号商业综合楼一层F1-1铺位肯德基餐厅,,,31.629451,117.907209
,肯德基(六安皖西店),六安,金安区,新都会环球广场2号公馆入口旁,,,31.749905,116.506847
,肯德基(城投大厦店),六安,金安区,长安南路620号城投大厦,,,31.754896,116.531368
,肯德基(六安恒生百大店),六安,裕安区,解放路与佛子岭路交汇处恒生阳光城68楼百大购物中心一层A1-21,,,31.72293,116.49768
,肯德基(六安时代店),六安,金安区,解放中路浙东商贸城乐天马特超市超市一楼肯德基,,,31.749484,116.496311
,肯德基(六安万达店),六安,金安区,皋城路东侧万达广场一楼,,,31.762653,116.507435
,肯德基(海心沙店),六安,金安区,长安北路996号,,,31.779554,116.506734
,肯德基(金商都店),六安,金安区,皖西路176号一层0564-,,,31.750919,116.499003
,肯德基(六安大润发店),六安,金安区,徽商小区-南区西南门东190米,,,31.756351,116.501529
,肯德基(六安吾悦广场店),六安,裕安区,六舒路与吾悦大道交口吾悦广场1001/2001-1号商铺,,,31.720314,116.525313
,肯德基(皋城路惠润家店),六安,金安区,皋城路正阳路交叉口新加坡御苑45-47号楼一层,,,31.767327,116.543523
,肯德基(六安火车站店),六安,裕安区,六安火车站铺位号LA-2F-08,,,31.714967,116.499659
,肯德基(六安城投餐厅),六安,金安区,皖西大道与长安路交叉口绿篮子超市一楼,,,31.763334,116.50959
,肯德基(城南惠润家店),六安,裕安区,城南镇安康路与磨子潭路交口惠润家超市一层,,,31.690094,116.468685
,肯德基(六安银泰餐厅),六安,金安区,八公山北路与解放北路交界以南银泰百货,,,31.776371,116.510364
,肯德基(三十铺店),六安,金安区,三十铺镇街道三东路与杭淠路路口北30米,,,31.768303,116.638257
,肯德基(六安山水奥莱星河餐厅),六安,金安区,佛子岭路以北永康路以东山水奥莱六安星河COCO City商场L1-067号,,,31.742466,116.529442
,肯德基(西晟邻里中心餐厅),六安,裕安区,青桐路与清河路交叉口西晟邻里中心2号122/2号123/2号124/2号125/2号126一层,,,31.778211,116.480766
,肯德基(舒城新世界店),六安,舒城县,[],,,31.46172,116.946198
,肯德基(第一乐街区店),六安,霍山县,衡山镇保安路与纬六路交口第一乐商业中心,,,31.396799,116.353563
,肯德基(舒城万达广场店),六安,舒城县,龙津大道与桃溪路交口万达广场内1015-1016号商铺,,,31.466713,116.959925
,肯德基(霍山苏果店),六安,霍山县,·新天地东北门旁,,,31.403265,116.330627
,肯德基(明发广场店),六安,金寨县,将军大道177号,,,31.715873,115.931239
,肯德基(苏埠餐厅),六安,裕安区,苏埠镇燕京路与庐州路交叉口西侧5米惠润家超市一楼,,,31.627943,116.362815
,肯德基(华楼购物广场餐厅),六安,裕安区,独山镇华楼购物广场一楼,,,31.610542,116.229235
,肯德基(姚李光华大街),六安,叶集区,姚李镇光华大街与莲花路交叉口东南角5号,,,31.821381,116.17388
,肯德基(永鲜100超市餐厅),六安,金安区,毛坦厂镇锦绣桃李园4号商业楼1F,,,31.345625,116.570425
,肯德基(霍邱商之都店),六安,霍邱县,城关镇商之都一楼,,,32.348412,116.27996
,肯德基(霍邱万达广场餐厅),六安,霍邱县,城关镇城隍庙大道与蓼城大道交口万达广场1057号商铺,,,32.330285,116.282607
,肯德基(周集易购购物中心),六安,霍邱县,周集镇银河路与兴贸路交叉口,,,32.507195,115.99795
,肯德基(六安旭辉店)(装修中),六安,金安区,皋城路与迎宾大道交叉口西160米,,,31.769469,116.553349
,肯德基(亳州万达店),亳州,谯城区,汤王大道399号万达广场1001、1002A号商铺,,,33.82998,115.779239
,肯德基(亳州方圆荟店),亳州,谯城区,域见天城方圆荟1F101,,,33.816233,115.799121
,肯德基(谯城万达店),亳州,谯城区,汤王大道399号万达广场1001-1002A号商铺,,,33.871475,115.766375
,肯德基(华富广场店),亳州,谯城区,希夷大道以东牡丹路以南嵇康路以西雪莲路以北华富商业广场综合商业1层西侧,,,33.805908,115.780295
,肯德基(和平店),亳州,谯城区,和平东路137号,,,33.880127,115.781296
,肯德基(亳州魏武餐厅),亳州,谯城区,魏武大道与光明路交叉口928号金桥购物中心F1层,,,33.855972,115.788287
,肯德基(向阳店),亳州,涡阳县,向阳中路阜阳商厦1层,,,33.505471,116.214373
,肯德基(七彩城店),亳州,涡阳县,位乐行路北侧涡阜路东侧天筑七彩城世界欢乐城项目综合体内一层1F-1019铺,,,33.490399,116.196567
,肯德基车速取餐点(亳州方圆荟店),亳州,谯城区,世纪金源方圆荟1层,,,33.815657,115.799387
,肯德基(鼎诚缤纷城店)(暂停营业),亳州,谯城区,缤纷城北门旁,,,33.802631,115.763828
,肯德基(蒙城万达店),亳州,蒙城县,政通路与灵山大道交口万达广场1036号商铺,,,33.245679,116.534721
,肯德基(利辛万达店),亳州,利辛县,城关镇淝河路东侧、长春路南侧利辛万达广场1032号商铺,,,33.151285,116.189997
,肯德基(利辛七彩店),亳州,利辛县,人民路东侧七彩世界1-2层,,,33.149174,116.207386
,肯德基(天河广场店),亳州,蒙城县,天河广场1号楼一层,,,33.242744,116.558714
,肯德基(利辛万峯广场店),亳州,利辛县,向阳路与淝河路交叉口万峯广场一层1001铺位-电话,,,33.140537,116.187883
,肯德基(蒙城金瑞店),亳州,蒙城县,嵇康路30号金瑞百货1层,,,33.266111,116.562333
,肯德基(鲲鹏广场方圆荟餐厅),亳州,蒙城县,鲲鹏路南三阳路北嵇康路西南华路东鲲鹏广场一层1010铺位,,,33.246405,116.557564
,肯德基车速取餐点(谯城万达店),亳州,谯城区,汤王大道399号万达广场1001-1002A号,,,33.872391,115.765548
,肯德基(池州长江店),池州,贵池区,长江路与百牙路交叉口商之都一楼,,,30.662879,117.483278
,肯德基(池州大润发店),池州,贵池区,长江路同晖城市广场大润发1F肯德基餐厅,,,30.649743,117.487084
,肯德基(池州时代店),池州,贵池区,时代超市,,,30.654559,117.487357
,肯德基(池州华联嘉盛店),池州,贵池区,站前区齐山大道与林荫路交叉口万盛广场华联嘉盛超市一楼,,,30.623662,117.510357
,肯德基(青阳大润发店),池州,青阳县,富阳南路亿达广场1层,,,30.630009,117.863608
,肯德基(石台东柱店),池州,石台县,和平南路2号1层,,,30.208757,117.481841
,肯德基(九华山风景区店),池州,青阳县,九华山风景区柯村新区九华山游客服务中心,,,30.547765,117.789098
,肯德基(九华山九华街店),池州,青阳县,九华山旃檀林大行愿门西110米,,,30.477542,117.800594
,肯德基(九华山莲花小镇店),池州,青阳县,九华山风景区大愿文化园南侧300米莲花小镇C9号,,,30.531182,117.795403
,肯德基(大渡口佳利大厦餐厅),池州,东至县,大渡口镇206国道与大别山路交叉口佳利大厦一层,,,30.481685,117.063672
,肯德基(东至新天地店),池州,东至县,尧渡镇至德大道东至新天地1幢一层铺位1028号至铺位1033号,,,30.108404,117.024976
,肯德基(宣城万达店),宣城,宣州区,经济技术开发区水阳大道与景德路交叉口的万达广场1035-1036B号商铺,,,30.935611,118.738856
,肯德基(府山店),宣城,宣州区,叠障中路供销大厦一楼,,,30.945215,118.760169
,肯德基(宣城锦城店),宣城,宣州区,叠障中路府山广场台客隆超市1楼,,,30.946113,118.762251
,肯德基(宣城康桥店),宣城,宣州区,佟公路四季花城30幢商业1-1号1层,,,30.93632,118.77154
,肯德基(宣城大润发店),宣城,宣州区,梅溪路大润发超市一楼,,,30.942628,118.74453
,肯德基,宣城,郎溪县,通站路与018县道交叉口南420米,,,30.974649,119.133853
,肯德基(郎溪苏果店),宣城,郎溪县,石佛山路与中港东路交叉口华润苏果一层,,,31.127775,119.191125
,KFC甜品站(国购广场店),宣城,宣州区,叠嶂西路68号国购广场F1层,,,30.944475,118.75484
,肯德基(国购广场店),宣城,郎溪县,宁芜路和郎川大道交汇处郎溪国购广场F5层,,,31.136038,119.194847
,肯德基(广德百大店),宣城,广德市,桃州镇天寿路与爱民路交叉口101室,,,30.877431,119.432852
,肯德基(浙商大厦店),宣城,宁国市,南山西路与蓝天路交叉口浙商大厦一层,,,30.603945,118.972335
,肯德基(广德大润发店),宣城,广德市,市桃州镇万桂山路和纬二路交叉口西南侧大润发超市1楼,,,30.881325,119.42336
,肯德基(宁国大润发店),宣城,宁国市,宁阳东路大润发,,,30.627652,118.994201
,肯德基(港德购物广场店),宣城,旌德县,旌阳镇北门323线北侧(解放路与站前路西北角)港德购物广场一层,,,30.2988,118.542438
,肯德基(津河路苏果店),宣城,宁国市,津河东路53号鸿鹰广场1层,,,30.624709,118.981364
,肯德基(缤纷环球城店),宣城,泾县,交通路与桃花潭西路交叉口西南侧泾县缤纷环球城一层,,,30.68133,118.413352
,肯德基(广德绥安新天地餐厅),宣城,广德市,绥安路广信绥安新天地C-8号楼112-113-114号一二层,,,30.886172,119.417305
,肯德基(绩溪一号店),宣城,绩溪县,华阳镇扬之北路花园1号商业楼A5一层二层A6一层+A7,,,30.063556,118.593671
,肯德基(九江八里湖店),九江,浔阳区,长虹西大道101号九江招商花园城F1层,,,29.685404,115.975919
,肯德基(牯岭店),九江,庐山市,牯岭街26号,,,29.569177,115.98093
,肯德基(十里万达店),九江,濂溪区,德化路万达广场1层,,,29.694299,116.015431
,肯德基(九瑞大道店),九江,浔阳区,九瑞大道大润发超市1层肯德基,,,29.704787,115.977201
,肯德基(前进路店),九江,濂溪区,江西省九江市万达广场,,,29.674366,116.005064
,肯德基(九江信华店),九江,浔阳区,信华城市广场一楼,,,29.725775,115.989726
,肯德基(九江·联盛快乐城店),九江,浔阳区,京九路9号联盛·九江快乐城1层,,,29.701602,115.970134
,肯德基(庐山西路),九江,柴桑区,庐山西路252号富盛楼111号商铺,,,29.607702,115.890706
,肯德基(中瀚店),九江,浔阳区,青年路东侧孙家垄地块中瀚城一层,,,29.700905,115.994038
,肯德基(浔阳路店),九江,浔阳区,寻阳路356号太平洋购物广场F1,,,29.725204,115.996133
,肯德基(天禧广场店),九江,濂溪区,浔南大道铜锣湾广场大润发一楼(九江汽车站斜对面),,,29.703953,116.016764
,肯德基(九江柴桑区好又多),九江,柴桑区,江州华府东南门西南150米,,,29.612136,115.90814
,肯德基(含鄱口店),九江,庐山市,植青路9号,,,29.543597,115.985926
,肯德基(赤乌大道店),九江,瑞昌市,赤乌大道瑞昌联盛国际广场一楼,,,29.675855,115.666082
,肯德基(龙泉路店),九江,瑞昌市,奥园广场一层L1-07-01号,,,29.662215,115.660525
,肯德基(芸汇广场),九江,柴桑区,柴桑市永安乡永安人家3期九江芸汇商业广场一层,,,29.713156,115.84751
,肯德基(九江学院店),九江,濂溪区,濂溪区前进东路551号九江学院四食堂一楼,,,29.67908,116.013254
,肯德基(都昌东风大道店),九江,都昌县,东风大道万宜生活广场1-2层,,,29.269411,116.198573
,肯德基(南湖大道店),九江,共青城市,南湖大道原共青中学地块一层,,,29.245489,115.80585
,肯德基(缤纷店),九江,德安县,义峰路以西老汽车站棚户区地块缤纷第一大街一层,,,29.324243,115.759628
,肯德基(牯岭独立小站店),九江,庐山市,庐山市庐山风景区植青路66号含鄱口景点平台旅游服务点,,,29.543082,115.975897
,肯德基(九江共青店),九江,共青城市,高尔夫大道与富华大道交汇处天虹商场一楼,,,29.232781,115.823394
,肯德基(铜锣湾广场店),九江,庐山市,铜锣湾·SIONE新湾天地,,,29.463525,116.018625
,肯德基(德安快乐城店),九江,德安县,宝塔大道56号联盛快乐城一层,,,29.314098,115.7558
,肯德基(湖口鹏泰广场),九江,湖口县,石钟山大道78号鹏泰购物广场1楼104临铺,,,29.730376,116.255911
,肯德基(东林古镇),九江,庐山市,温泉镇东林莲华境E1-158-159E1-160 E1-161-162-163E1-164号铺位,,,29.413338,115.888021
,肯德基(城东中翰餐厅),九江,浔阳区,滨江东路235号中瀚农产品交易中心,,,29.744747,116.081082
,肯德基(彭泽快乐城店),九江,彭泽县,双峰大道(彭泽联盛快乐城),,,29.878594,116.569361
,肯德基(永修铜锣湾店),九江,永修县,新城湖东区开发大道铜锣湾广场2栋,,,29.009139,115.820063
,肯德基(快乐城店),九江,武宁县,沙田大道以西九宫山大道以南联盛快乐城一层,,,29.250153,115.100445
,肯德基(修水欢乐海岸店),九江,修水县,宁红大道133号欢乐海岸一楼肯德基餐厅,,,29.023624,114.568646
,肯德基(修水宁红店),九江,修水县,宁红大道联盛广场1楼肯德基,,,29.023019,114.546112
,肯德基(太白园店),景德镇,珠山区,中华南路476号,,,29.279772,117.209685
,肯德基(广场南路店),景德镇,珠山区,广场南路119号,,,29.290654,117.21599
,肯德基(瓷都店),景德镇,珠山区,珠山中路116号华达百货一层KFC,,,29.293138,117.208931
,肯德基(宝龙广场店),景德镇,昌江区,光明大道宝龙广场M1-L1-017,,,29.279268,117.1689
,肯德基(陶溪川店),景德镇,珠山区,陶溪川肯德基,,,29.294045,117.23363
,肯德基(新厂时代店),景德镇,珠山区,新厂西路499号1-2层,,,29.296657,117.248201
,肯德基(陶新家园KFC),景德镇,珠山区,昌江大道539号陶新家园西区,,,29.318134,117.255251
,肯德基(浮梁宝鼎店),景德镇,浮梁县,新昌北路,,,29.357639,117.215673
,肯德基(嘉里店),景德镇,乐平市,大连路1666号赣东北商贸城A2-14路嘉里中心一层,,,28.984139,117.15239
,肯德基(浮梁日新),景德镇,浮梁县,浮梁县城晶蕾新苑二期1号119铺位一层,,,29.350949,117.213811
,肯德基(九集小镇),景德镇,珠山区,陶阳南路28号九集小镇,,,29.290117,117.250814
,肯德基(梦湘工场店),景德镇,浮梁县,高岭大道梦想工厂,,,29.324583,117.312096
,肯德基(梦湘工场餐厅),景德镇,浮梁县,湘湖镇梦湘工厂34号1层,,,29.323564,117.321168
,肯德基(嘉百惠广场餐厅),景德镇,乐平市,乐平大道东湖豪景嘉百惠超市一层,,,28.958064,117.143859
,肯德基(英伦广场店),景德镇,乐平市,翥山天城小区三期英伦商业广场一层,,,28.961082,117.128743
,肯德基(萍乡天空里店),萍乡,安源区,萍安大道旁天空之城商业一、二层,,,27.63239,113.87437
,肯德基(萍乡龙腾路店),萍乡,安源区,后埠街跃进北路261号梦想天街商场一层,,,27.638099,113.845924
,肯德基(萍乡润达店),萍乡,安源区,楚萍东路98号润达国际F1层,,,27.644719,113.85078
,肯德基(萍乡北桥店),萍乡,安源区,昭萍东路与广场路交汇处雅天购物公园一层,,,27.625822,113.855748
,肯德基(萍乡文化路店),萍乡,安源区,文化路步行街1号,,,27.630649,113.851257
,肯德基(顶峰悦天街店),萍乡,上栗县,府前路与胜利路交汇处(安监局对面)顶峰悦天街一楼1F0151F017号,,,27.880691,113.80175
,肯德基(漫时区店),萍乡,芦溪县,芦溪镇袁河东大道(更田村)漫时区商业广场一层,,,27.625517,114.040902
,肯德基(永安路餐厅),萍乡,莲花县,永安南路国莲超市,,,27.12521,113.955069
,肯德基(武功山游客集散中心),萍乡,芦溪县,武功山景区石鼓寺索道站房下方原山美文创店店铺,,,27.466075,114.155975
,肯德基(北湖店),新余,渝水区,北湖西路251号,,,27.822388,114.910463
,肯德基(胜利店),新余,渝水区,胜利北路1号,,,27.800964,114.938063
,肯德基(新余抱石店),新余,渝水区,团结北路与公园北路西北角高能广场一二层(沃尔玛1楼肯德基),,,27.798515,114.932695
,肯德基(分宜钤阳店),新余,分宜县,府前路与黔阳路交汇处梦时代广场一楼,,,27.80886,114.675699
,肯德基(永盛店),鹰潭,月湖区,时代广场1层和2层,,,28.239364,117.031159
,肯德基(鹰潭天虹店),鹰潭,月湖区,玉清路天虹购物中心(鹰潭店)一楼,,,28.252309,117.036089
,肯德基(福润店),鹰潭,贵溪市,冶金大道西侧建设大道南侧福润印象城商业广场一层,,,28.290242,117.238512
,肯德基(贵溪天虹KFC),鹰潭,贵溪市,信江路95-2号,,,28.28367,117.211663
,肯德基(凯翔新天地餐厅),鹰潭,月湖区,胜利西路8号凯翔购物广场一层,,,28.24111,117.033589
,肯德基(果喜大道),鹰潭,余江区,邓家埠果喜大道环球广场,,,28.208819,116.822525
,肯德基金怡广场餐厅,鹰潭,余江区,鹰南大道66号,,,28.196544,116.844736
,肯德基(东阳山路店),赣州,章贡区,营角上6号,,,25.848715,114.939051
,肯德基(赣州登峰大道店),赣州,章贡区,新赣州大道8号赣州万象城B1层,,,25.816144,114.925126
,肯德基(赣州西门店),赣州,章贡区,红旗大道94号国际时代广场大润发商场一层,,,25.853745,114.922639
,肯德基(翠微路店),赣州,章贡区,招商花园城一楼,,,25.835996,114.937024
,肯德基(赣州经开万达店),赣州,章贡区,东江源大道与金岭大道交叉口西北100米,,,25.842122,114.901682
,肯德基(章江店),赣州,章贡区,章贡新区琴江路与长岗路交汇处达芬奇国际中心一楼肯德基餐厅,,,25.823366,114.929948
,肯德基(赣南大学城店),赣州,章贡区,赣南文化广场一层肯德基,,,25.798086,114.891233
,肯德基(君尚购物中心赣州店),赣州,章贡区,新赣州大道3号君尚购物中心负一层KFC,,,25.816334,114.931798
,肯德基(巨亿广场店),赣州,章贡区,八一四大道站北区A-03-03地块巨亿赣南电商城一层,,,25.831898,114.95674
,肯德基(金钻广场店),赣州,章贡区,八一四路金钻广场10号楼1层,,,25.846725,114.956675
,肯德基(赣县润达店),赣州,赣县区,星洲润达国际,,,25.86039,115.010228
,肯德基(赣州蓉江路店),赣州,南康区,蓉江路国光一层TEL,,,25.65915,114.756502
,肯德基(赣州杉杉奥莱店),赣州,章贡区,和谐大道18号赣州杉杉奥特莱斯购物广场一层A123-2号商铺,,,25.801427,114.945988
,肯德基甜品站(翠微路店),赣州,章贡区,长征大道1号赣州招商花园城L1层,,,25.835996,114.937024
,肯德基(泰城店),赣州,信丰县,嘉定镇沿江路泰城时尚广场一楼肯德基,,,25.386329,114.934347
,肯德基(南康爱琴海店),赣州,南康区,南康远洋未来广场赣南大道店,,,25.683584,114.764762
,肯德基(于都县金竹路店),赣州,于都县,贡江镇长征大道北侧圣世广场3栋456商业及集中商业14号鹏泰百货于都店,,,25.95585,115.408562
,肯德基(盛世广场),赣州,崇义县,横水镇章源大道10号,,,25.688054,114.30544
,肯德基(信丰国光店),赣州,信丰县,铂金湾国光1号门肯德基,,,25.362225,114.944675
,肯德基(望犹江店),赣州,上犹县,仙人湖健走步道上犹县第一小学西南侧约110米,,,25.793853,114.542023
,肯德基(红兴谷店),赣州,兴国县,红兴谷肯德基,,,26.359043,115.341746
,肯德基(大余奥园店),赣州,大余县,南安镇龙山路南侧体育场西侧A地块大余广场一层L1-21-22号商铺,,,25.405975,114.351025
,肯德基(信丰润达国际购物中心店),赣州,信丰县,嘉定镇站前大道与深圳大道交汇处润达国际环球港购物中心一层,,,25.39833,114.915546
,肯德基(于都万达店),赣州,于都县,贡江大道358号万达广场1007-1008号商铺,,,25.944785,115.414012
,肯德基(横市服务区西区店),赣州,南康区,横市服务区东侧,,,26.121688,114.670875
,肯德基(横市服务区东区店),赣州,南康区,横市服务区东侧,,,26.121688,114.670875
,肯德基(信丰西服务区东区店),赣州,信丰县,大阿镇信丰西服务区,,,25.425623,114.797312
,肯德基(会昌九州大道店),赣州,会昌县,壹然广场,,,25.597292,115.799604
,肯德基(中央公园店),赣州,安远县,采茶戏公园北侧中央公园19栋,,,25.123931,115.387363
,肯德基(兴国翡翠广场店),赣州,兴国县,翡翠广场一楼1号门,,,26.325844,115.337877
,肯德基(金水大道店),赣州,龙南市,金水大道1层,,,24.905853,114.821831
,肯德基(定南天虹店),赣州,定南县,前程大道与龙腾路交叉口容汇广场,,,24.781847,115.026702
,肯德基(聚福广场KFC),赣州,瑞金市,长征大道东85号聚福广场,,,25.876534,116.044752
,肯德基(宁都鹏泰店),赣州,宁都县,梅江镇三宫殿路6号,,,26.478776,116.012722
,肯德基(宁都东服务区东区店),赣州,宁都县,济广高速宁都东服务区(东区),,,26.172552,116.125428
,肯德基(中国石化章贡迎宾加油站店),赣州,章贡区,赣江源大道21号,,,25.819271,114.944843
,肯德基(宜春天虹店),宜春,袁州区,宜阳大道239号融荟城购物中心,,,27.812804,114.412048
,肯德基(宜春润达店),宜春,袁州区,黄陂路以南官圳路以西地段(润达国际D地块)润达购物中心一层,,,27.795018,114.370599
,肯德基(宜春万达店),宜春,袁州区,袁州新城宜阳大道南侧袁河东路东侧万达广场1001号商铺,,,27.805567,114.425953
,肯德基(宝塔店),宜春,万载县,宝塔西路2号万象城市广场沿河东路店F2层,,,28.09982,114.448528
,肯德基(宜春宜丰新昌店),宜春,宜丰县,红商城西门旁,,,28.385193,114.782163
,肯德基(建设路餐厅),宜春,上高县,和平路万象广场S1栋115号116号117号,,,28.238275,114.927725
,肯德基(中央城店),宜春,高安市,华鼎中央城商业广场一楼,,,28.436435,115.389399
,肯德基(高安润达店),宜春,高安市,锦惠中路3号,,,28.442227,115.373148
,肯德基(宜春青龙KFC)(暂停营业),宜春,袁州区,新青龙商厦,,,27.795375,114.387375
,肯德基(三皇里KFC),宜春,樟树市,共和西路108号,,,28.063243,115.54306
,肯德基(高安筠泉店),宜春,高安市,筠泉路财富广场1F-2F层,,,28.413904,115.378465
,肯德基(龙光店),宜春,丰城市,新城中心区29-2号地块喜盈门范城购物中心一层,,,28.155366,115.769609
,肯德基(锦绣广场),宜春,铜鼓县,永宁镇锦绣壹号110-111,,,28.518915,114.367098
,肯德基(丰城万达店),宜春,丰城市,物华北路与剑匣路交叉口宜春丰城恒通广场1层1009肯德基,,,28.172784,115.795848
,肯德基(新华林店),宜春,奉新县,华林广场一层,,,28.69943,115.38545
,肯德基(丰城华润万家店),宜春,丰城市,解放北路138号华润万家(丰城店),,,28.191936,115.789361
,肯德基(恒耘里城市广场店),宜春,靖安县,双溪镇清华大道与宝峰大道交汇处一楼,,,28.848701,115.37056
,肯德基(奉新铜锣湾店),宜春,奉新县,应星南大道南侧奉新县公安局东侧铜锣湾商业广场一层,,,28.686244,115.39917
,肯德基(槠溪店),上饶,信州区,凤凰大道以南槠溪北路以东一层,,,28.443389,117.933002
,肯德基(解百店),上饶,信州区,解放路1号一层,,,28.443055,117.969665
,肯德基(体育路店),上饶,信州区,滨江东路北侧体育馆路东侧66号,,,28.44752,117.984203
,肯德基(上饶庆丰店),上饶,信州区,铁路新村范围庆丰路50号明珠商业广场1层,,,28.45002,117.966343
,肯德基(旭日店),上饶,广信区,凤凰西路45号(新城吾悦广场)2055号商铺,,,28.437737,117.92153
,肯德基(春江店),上饶,广信区,旭日街道办槠溪湿地片区春江路以西时光绕城文旅小镇商业一层,,,28.450994,117.92398
,肯德基(上饶信州万达广场店),上饶,信州区,滨江西路以北、广信大道以东、龙潭路以南滨江万达肯德,,,28.444074,117.955676
,肯德基(上饶天虹店),上饶,信州区,高铁新区凤凰大道89号天虹购物中心1楼1030商铺,,,28.468007,117.988016
,肯德基(铅山狮江店),上饶,铅山县,狮江大道县幼儿园对面铅山肯德基一楼,,,28.311527,117.710756
,肯德基(玉山新建南路店),上饶,玉山县,解放路22号,,,28.671416,118.248417
,肯德基(玉山天街店),上饶,玉山县,冰溪街道三清山大道与人民大道交汇口天街商业一层,,,28.672653,118.243442
,肯德基(弋阳时代店),上饶,弋阳县,方志敏大道西侧建业路两侧东华时代广场一层,,,28.370847,117.454199
,肯德基(德兴宝龙店),上饶,德兴市,中央商务区金山大道雨帆宝龙商业广场一层,,,28.927992,117.595723
,肯德基(弋阳汇金店),上饶,弋阳县,胜利路汇金广场一楼,,,28.404214,117.433399
,肯德基(广丰月兔广场店),上饶,广丰区,区月兔广场北侧新天地东侧时代购物广场1层,,,28.436478,118.18559
,肯德基(三清山服务区北店),上饶,玉山县,沪昆高速三清山高速服务区北区(往南昌方向),,,28.626887,118.159163
,肯德基(三清山服务区南店),上饶,玉山县,沪昆高速三清山高速服务区南区(往浙江方向),,,28.624278,118.158726
,肯德基(上饶服务区南区),上饶,铅山县,上饶服务区南区,,,28.34986,117.683058
,肯德基(婺源荟店),上饶,婺源县,天佑大道辅路与集群路交叉口西160米,,,29.240082,117.870659
,肯德基(篁岭景区店),上饶,婺源县,江湾镇篁岭村篁岭景区天街B-59号商铺,,,29.320868,118.119251
,肯德基(文和里店),上饶,鄱阳县,文和里美食街综合体一楼,,,28.993253,116.677685
,肯德基(珍珠城餐厅),上饶,万年县,陈营镇正大街南侧珠溪东路东侧珍珠城商场一层,,,28.686342,117.063346
,肯德基(婺源服务区南区),上饶,婺源县,婺源县景婺黄高速公路婺源服务区南区1幢102室,,,29.238909,117.731459
,肯德基(丰跃店),上饶,鄱阳县,丰跃名城商城一层A1,,,29.008407,116.700857
,肯德基(余干琵琶湖店),上饶,余干县,玉亭东山大街20号中港商业广场1楼,,,28.690723,116.686674
,甜品站(人民商场店),上饶,玉山县,冰溪镇解放中路人民商场,,,28.671567,118.248317
,肯德基(文山店),吉安,吉州区,阳明东路22号一层,,,27.110654,114.989254
,肯德基(吉州大道店),吉安,吉州区,吉州大道西正丙角以东鹭洲西路以南广场西路以北景虹印象城一层,,,27.120691,114.975538
,肯德基(吉安人民广场店),吉安,吉州区,人民广场北路莱斯百货1-2层,,,27.114511,114.986104
,肯德基(青原大道店),吉安,青原区,青原大道555号瑞德广场F1层,,,27.087594,115.010339
,肯德基(吉安庐陵店),吉安,吉安县,文山路与凤凰路交汇处(庐陵商业大世界),,,27.041487,114.907004
,肯德基(吉安爱琴海店),吉安,吉州区,阳明西路与东塘大道交接处吉安爱琴海购物公园一层,,,27.1263,114.955009
,肯德基(武功山店),吉安,安福县,武功山大道国光购物中心一层肯德基,,,27.383021,114.613019
,肯德基(泰和大道店),吉安,泰和县,嘉禾大道与泰和大道交汇处国光商场1f,,,26.797904,114.923889
,肯德基(永丰祥和大道店),吉安,永丰县,祥和大道万尚城市广场肯德基一楼,,,27.309242,115.431959
,肯德基(吉水老街店),吉安,吉水县,文峰镇上下老街游客中心,,,27.208607,115.130666
,肯德基(峡江百花路),吉安,峡江县,玉峡商业广场,,,27.581995,115.319937
,肯德基(三湾大道店),吉安,永新县,步步高梦时代广场肯德基,,,26.949675,114.235625
,肯德基(五云路店),吉安,万安县,东风路东侧万象国际一层,,,26.459496,114.784996
,肯德基(新干滨江店),吉安,新干县,滨江大道风情街,,,27.750058,115.388887
,肯德基(东路大道店),吉安,遂川县,泉江镇东路大道39号,,,26.322699,114.517615
,肯德基(井冈山景区店),吉安,井冈山市,茨坪镇新市场路1号1栋1楼,,,26.57075,114.168375
,KFC甜品站(文山店),吉安,吉州区,阳明东路6号东都银座F1层,,,27.110792,114.989255
,肯德基(万达广场店),抚州,临川区,曾巩大道618号,,,27.957174,116.346476
,肯德基(抚州复兴大道店),抚州,临川区,规划二路以东、赣东大道以西、站北二路以北、站北三路以南(华章保利拾光荟)一层,,,27.932713,116.360271
,肯德基(硕果店),抚州,临川区,金巢大道777号硕果时代购物中心F1层,,,27.955127,116.365285
,肯德基(抚州融旺店),抚州,临川区,赣东大道345号融旺国际沃尔玛一楼肯德基,,,27.992931,116.358316
,肯德基(抚州金巢店),抚州,临川区,金巢大道凤凰城大润发超市1层,,,27.975937,116.366552
,肯德基(抚州才子巷店),抚州,临川区,临川大道南侧才子巷一层L1-02号商铺,,,27.950083,116.32187
,肯德基(赣东大道KFC),抚州,临川区,赣东大道618号华宏万象新城12幢1-1室一层,,,27.983663,116.360708
,肯德基宅急送(华章保利拾光荟购物广场店),抚州,临川区,复兴大道333号华章保利拾光荟购物广场F1层,,,27.93312,116.360184
,肯德基(崇仁新天地店),抚州,崇仁县,活力大道与临八线交汇处富雅新天地一层,,,27.7479,116.081327
,肯德基(盱江大道店),抚州,南城县,建昌镇盱江大道419号1层,,,27.5516,116.638481
,肯德基(南城服务区西店)(暂停营业),抚州,南城县,天井源乡服务区(西区)肯德基,,,27.474468,116.645645
,肯德基(东乡龙山店),抚州,东乡区,中央购物公园东门东北70米,,,28.234581,116.604824
,南城服务区肯德基,抚州,南城县,196乡道与886县道交叉口西180米,,,27.472497,116.648001
,肯德基(大都汇店),抚州,乐安县,站前路12号,,,27.413037,115.838496
,肯德基(翡翠广场餐厅),抚州,南城县,胜利西路翡翠广场,,,27.563851,116.62203
,肯德基(南丰桔都店),抚州,南丰县,凯升广场北门旁,,,27.218882,116.530814
,肯德基(东方红大道),抚州,黎川县,东方红大道东芳天辰,,,27.293109,116.915704
,肯德基(状元路),抚州,黎川县,状元路新城商业中心,,,27.28228,116.913822
,肯德基(翡翠广场店),抚州,广昌县,解放南路旺角农贸市场西南侧约100米,,,26.828675,116.323475
,肯德基(抚州文昌里店),抚州,临川区,大公东路89号文昌里历史文化街区,,,28.000736,116.366799
,肯德基(大都汇店),抚州,乐安县,惟益路与站前路交叉口东南100米,,,27.413073,115.838442
,肯德基(株洲建设路店),株洲,芦淞区,建设南路209号株洲意法时尚中心项目一层L018L019二层L046,,,27.830824,113.154391
,肯德基(株洲中鸿店),株洲,芦淞区,车站路1号中鸿时尚新天地1-2层,,,27.833801,113.154016
,肯德基(株洲株百工大店),株洲,天元区,泰山路1485号康桥美郡1011栋102号一层肯德基餐厅,,,27.812902,113.101663
,肯德基(中建·江湾壹号店),株洲,天元区,中建·江湾壹号,,,27.803961,113.103462
,肯德基(泰山路店),株洲,天元区,泰山路南侧奥园广场商业一层,,,27.816601,113.125747
,肯德基(株洲白云路店),株洲,荷塘区,红旗中路与白云路交汇处大润发超市一楼,,,27.857853,113.166975
,肯德基(天易店),株洲,天元区,株洲大道望云体育新城西南侧约70米,,,27.838725,113.102975
,肯德基(DT株洲尚格店),株洲,天元区,株洲大道8号尚格丽晶,,,27.838472,113.118755
,肯德基(株洲黄河路店),株洲,天元区,天台路80号汇金步步高,,,27.826225,113.130475
,肯德基(株洲未来云店),株洲,天元区,长江广场东侧未来云一层,,,27.828395,113.137515
,肯德基(芦淞路店),株洲,芦淞区,芦淞路609号曼哈顿商业广场一层,,,27.819722,113.165686
,肯德基(株洲珠江北路DT店),株洲,天元区,美的城16-18栋2号门东南250米,,,27.830634,113.084062
,肯德基(美的翰城店),株洲,天元区,栗雨南路616号美的翰城18栋101号一层,,,27.797649,113.087855
,肯德基(响石路店),株洲,石峰区,香博堡响石广场,,,27.872854,113.109741
,肯德基(株洲云龙万达店),株洲,石峰区,云龙示范区学林街道大丰社区万达广场一层1035&1036号商铺,,,27.880328,113.159964
,肯德基(株洲渌口店),株洲,渌口区,渌口镇漉浦路向阳路交汇中央时代广场A栋一二层,,,27.70667,113.147562
,肯德基(株洲城发郦城店),株洲,荷塘区,新塘路城发郦城1011栋101号,,,27.872366,113.174098
,肯德基(株洲云龙职教城店),株洲,石峰区,云龙示范区崇文路450号配套服务中心5栋1号商铺,,,27.905934,113.1641
,肯德基(株洲世贸广场店),株洲,荷塘区,新华西路628号世贸广场一期7-9号栋109号商铺,,,27.843975,113.163125
,肯德基(瓷城大道店),株洲,醴陵市,瓷城大道世纪中环商业广场B栋一层121-122房,,,27.657275,113.498525
,肯德基(金牛路店),株洲,醴陵市,车站路78号,,,27.791793,113.66841
,肯德基(醴陵服务区南区店),株洲,醴陵市,板杉镇醴陵高速醴陵,,,27.785125,113.391634
,肯德基(醴陵润鲨奥特莱斯购物中心店),株洲,醴陵市,润鲨奥特莱斯商业广场一楼,,,27.661466,113.49975
,肯德基(望云店),株洲,攸县,大巷路沃尔玛超市一层,,,26.998016,113.348225
,肯德基(交通路店),株洲,攸县,望云国际广场西出入口东北170米,,,27.001524,113.346509
,醴陵服务区肯德基,株洲,醴陵市,板杉镇擂鼓桥村大冲组醴陵服务区北区(往长沙方向),,,27.78521,113.394254
,朱亭服务区肯德基,株洲,渌口区,[],,,27.400313,113.033012
,肯德基(茶陵居然之家店),株洲,茶陵县,茶祖大道与犀城大道交叉口东40米,,,26.783741,113.528128
,肯德基(神农大道店),株洲,炎陵县,霞阳镇神农大道天杰商业城市广场一楼,,,26.48193,113.778572
,朱亭服务区肯德基,株洲,渌口区,朱亭服务区东侧,,,27.400381,113.035135
,肯德基(株洲月塘店),株洲,荷塘区,新华路华润万家购物广场一楼肯德基餐厅,,,27.844093,113.165253
,肯德基车速取餐点(株洲新红旗店),株洲,荷塘区,红旗中路东都文化广场步步高百货一楼,,,27.854719,113.172432
,肯德基(湘潭万达店),湘潭,岳塘区,岳塘高新区湘潭大道281号,,,27.827532,112.938569
,肯德基(湘潭天虹店),湘潭,岳塘区,宝塔街道福星中路169号福星国际金融中心天虹商场一层,,,27.848903,112.943312
,肯德基(湘潭东方红店),湘潭,岳塘区,芙蓉路东方红广场负一楼肯德基餐厅,,,27.829085,112.938918
,肯德基(湘潭凤凰路店),湘潭,湘潭县,凤凰路23号融城大厦一层,,,27.781861,112.946247
,肯德基(湘潭新华隆店),湘潭,岳塘区,建设南路步步高广场一层,,,27.833203,112.918681
,肯德基(莲城大道店),湘潭,雨湖区,九华经开区宝马路3号祥霖九华新城项目1层,,,27.907853,112.93878
,肯德基(韶山东路DT店),湘潭,雨湖区,韶山东路与环城路交叉口华银国际大酒店旁,,,27.869938,112.929443
,肯德基(板塘铺店),湘潭,岳塘区,五里堆街道纱厂横街92号多伦多国际商贸城1号楼步步高1楼,,,27.858411,112.960158
,肯德基(韶山店)(暂停营业),湘潭,雨湖区,车站路28号,,,27.86398,112.910736
,肯德基(湘潭九华步步高店),湘潭,雨湖区,步步高新天地购物中心,,,27.890405,112.935507
,肯德基(白石商业广场店),湘潭,雨湖区,建设北路8号,,,27.858513,112.906297
,肯德基(金海步步高店),湘潭,雨湖区,昭潭街道韶山西路309号一层,,,27.858821,112.888561
,肯德基(麒麟路店),湘潭,湘潭县,易俗河镇杨柳中路西侧荷花路以南欣积福湾三期19号楼一层,,,27.785869,112.970156
,肯德基(湘潭湖南科大店),湘潭,雨湖区,响水乡桃源路科技大学(新世纪美食城)三区食堂三白馆一层,,,27.908016,112.910716
,肯德基(湘潭杉山KFC),湘潭,雨湖区,经开区杉山以西吉利路以北杉山生活广场一层,,,27.931375,112.932325
,肯德基(湘乡市新湘路店),湘潭,湘乡市,东风路3号万隆中央广场F1,,,27.73411,112.531828
,肯德基(韶山景区店),湘潭,韶山市,韶润大道韶山景区游客中心停车大楼1层,,,27.894629,112.522362
,肯德基(楠竹山),湘潭,雨湖区,楠竹山镇楠韶路4号万顺超市一层,,,27.845793,112.661817
,肯德基(湘乡家多旺KFC),湘潭,湘乡市,东山办事处励志大道湘房世纪城一期02栋一层,,,27.725225,112.540725
,肯德基(湘乡克拉小镇店),湘潭,湘乡市,9/160门面桑梅西路与城西路交汇处S2(10栋)-101/102/103/158/15,,,27.733069,112.515263
,湘乡东服务区肯德基北店,湘潭,湘乡市,湘乡东服务区西北40米,,,27.794312,112.551593
,湘潭杉山KFC,湘潭,雨湖区,杉山路与吉利西路交叉口北180米,,,27.931155,112.932447
,湘乡东服务区KFC,湘潭,湘乡市,湘乡东服务区东南30米,,,27.7927,112.552975
,肯德基(衡阳万达店),衡阳,蒸湘区,幸福路22号衡阳蒸湘万达广场F1层,,,26.883339,112.593425
,肯德基(衡阳青松店),衡阳,蒸湘区,解放大道21号步步高广场F1,,,26.891525,112.567839
,肯德基(香城店),衡阳,蒸湘区,解放大道33号香江城市花园一层0734,,,26.892525,112.562798
,肯德基(衡阳新船山店),衡阳,蒸湘区,船山西路2号崇盛晶珠广场F1层,,,26.904531,112.59998
,肯德基(道源路店),衡阳,蒸湘区,船山大道60号一层,,,26.906118,112.586167
,肯德基(愉景新城店),衡阳,蒸湘区,解放路58号10栋1层肯德基,,,26.897967,112.543102
,肯德基(衡百店),衡阳,雁峰区,解放路45号衡阳百货大楼1层,,,26.896494,112.61298
,肯德基(大雁城店),衡阳,蒸湘区,金钟大雁城一楼肯德基,,,26.904334,112.586834
,肯德基(衡阳南华大学店),衡阳,蒸湘区,红湘校区咖啡屋一层,,,26.89525,112.588376
,肯德基(银泰城店),衡阳,蒸湘区,华新大道银泰城购物中心一层,,,26.906482,112.557581
,肯德基(衡阳莲湖广场店),衡阳,蒸湘区,向农路35-121号香江百货蒸北购物广场一层0734-,,,26.897906,112.600555
,肯德基(华瑞园KFC),衡阳,石鼓区,华源支路1号(华源市场西侧),,,26.922269,112.59185
,肯德基(衡阳湘江东店),衡阳,珠晖区,临江路口喜富来购物广场一层二层,,,26.887131,112.624938
,肯德基(祝融路店),衡阳,蒸湘区,蒸水大道香江水岸新城一楼30栋B113-B115,,,26.903268,112.552001
,肯德基(衡阳工学院店),衡阳,珠晖区,衡花路218号君昇翰府一层,,,26.876724,112.684019
,肯德基(宇元·万向城店),衡阳,雁峰区,解放路121号大洋百货F1,,,26.894877,112.602649
,肯德基(衡南县雅园路店),衡阳,衡南县,雅园南路41号,,,26.743825,112.679575
,肯德基(衡阳蒸阳大道店),衡阳,衡阳县,西渡镇蒸阳大道与培元路交汇处步步高新时代广场1层L1-024商铺,,,26.955042,112.409083
,肯德基(衡阳酃湖万达店),衡阳,珠晖区,衡州大道耒酃路酃湖万达广场101,,,26.886332,112.666788
,肯德基(天嘉翰廷店),衡阳,雁峰区,黄白路55号天嘉翰廷一号楼102-103室,,,26.852505,112.639767
,肯德基(衡阳三塘镇店),衡阳,衡南县,三塘镇衡祁东路璟泰明珠一层,,,26.871164,112.496309
,肯德基(衡阳新正店),衡阳,衡阳县,新农巷6-1号,,,26.962893,112.382165
,肯德基(融冠亲城店),衡阳,蒸湘区,船山大道16号融冠亲城5栋一层,,,26.910069,112.571736
,肯德基(衡阳杉杉奥莱店),衡阳,蒸湘区,衡州大道中路168号衡阳杉杉奥特莱斯广场F1层,,,26.876303,112.534397
,肯德基(东风路中石化店),衡阳,珠晖区,东风路163号,,,26.885496,112.630561
,肯德基(开云镇店),衡阳,衡山县,衡山大1116号衡州国际广场一层,,,27.252885,112.856515
,肯德基(南岳衡山店),衡阳,南岳区,祝融路173号1层,,,27.239092,112.73425
,肯德基(常松路),衡阳,常宁市,水口山镇松柏汽车站对面,,,26.585471,112.575506
,肯德基(南岳衡山风景名胜区店),衡阳,南岳区,庙西街33号,,,27.246758,112.730865
,肯德基(中银店),衡阳,常宁市,泉峰办事处青阳中路与泉峰路交叉口中银时代广场一层,,,26.403071,112.402136
,肯德基(新群英店),衡阳,耒阳市,中星时代广场北门旁,,,26.409133,112.857302
,肯德基(衡东衡岳路店),衡阳,衡东县,衡岳北路新世纪大市场C栋128-129号,,,27.084169,112.949316
,肯德基(金珠店),衡阳,耒阳市,蔡伦中路295号金珠茂业一楼(原新都康年酒店旁),,,26.409147,112.851586
,肯德基(青阳路店),衡阳,常宁市,青阳中路中鼎大厦(东风广场对面),,,26.409145,112.4002
,肯德基(祁丰路店),衡阳,祁东县,青山路与祁丰路交汇处友阿广场2109号,,,26.787505,112.099403
,肯德基(县正店),衡阳,祁东县,县正路49号邮政局综合大楼一层,,,26.784019,112.124354
,肯德基(耒阳中心城店),衡阳,耒阳市,五里牌街道办事处新城一路与神农北路交汇处合兴城市广场一层,,,26.433467,112.848329
,肯德基(耒阳金悦学府店),衡阳,耒阳市,西湖东路与群英南路交汇处金悦学府一层,,,26.392348,112.853417
,肯德基开云镇二店,衡阳,衡山县,衡山大道32号,,,27.238107,112.87226
,肯德基(南岳游客服务中心),衡阳,南岳区,金沙路游客中心二楼,,,27.244975,112.731239
,肯德基(常宁服务区餐厅),衡阳,常宁市,许广高速常宁服务区西区(广州方向),,,26.495648,112.531496
,肯德基(宝庆路店),邵阳,双清区,宝庆东路1576号,,,27.232534,111.479557
,肯德基(邵阳大道店),邵阳,双清区,步步高新天地,,,27.222766,111.484648
,肯德基(邵阳广厦名都店),邵阳,北塔区,西湖北路广厦文创园13号楼一层,,,27.252723,111.457762
,肯德基(湾田大道店),邵阳,新邵县,酿溪镇栗山社区新阳路旁新邵湾田广场S4栋1楼,,,27.319474,111.466364
,肯德基(红星时代店),邵阳,双清区,悦城商业广场一层,,,27.234498,111.500618
,肯德基(邵阳帝王店),邵阳,北塔区,地王大厦小区西门东南50米,,,27.245793,111.457334
,肯德基(邵陵店),邵阳,双清区,东风路2号人民广场佳惠超市旁,,,27.239625,111.480045
,肯德基(新青龙桥店),邵阳,大祥区,东风路338号,,,27.237473,111.470778
,肯德基(邵阳万里店),邵阳,大祥区,红旗路街道南门口万里百货西边5号-6,,,27.231815,111.457722
,肯德基(邵阳红岭店),邵阳,邵东市,市开发区红岭路199号,,,27.255574,111.745908
,肯德基(兴盛路店),邵阳,邵东市,邦盛凤凰城御园,,,27.258987,111.788165
,肯德基(邵阳衡宝路店),邵阳,邵东市,市两市镇衡宝路九龙国际大酒店步步高超市一层,,,27.257949,111.734046
,肯德基(白虎街店),邵阳,邵阳县,塘渡口镇白虎街中环国际广场肯德基餐厅,,,26.996509,111.280474
,肯德基(隆回桃洪路店),邵阳,隆回县,桃洪镇区朝阳大厦一二层,,,27.114539,111.035559
,肯德基(五峰铺),邵阳,邵阳县,邵陵路30号,,,26.881994,111.472483
,肯德基(金石桥镇),邵阳,隆回县,金石桥镇人民政府旁,,,27.577628,110.941279
,肯德基(新桔城店),邵阳,洞口县,洞口镇大正街(桔城)路9号电信综合大楼1-2层,,,27.059524,110.576651
,肯德基(展辉店),邵阳,武冈市,百姓广场北侧展辉国际时代广场一层,,,26.744049,110.64071
,肯德基(解放路店),邵阳,新宁县,金石镇解放路160号新宁时代广场一层,,,26.435948,110.859578
,肯德基(武冈同保路店),邵阳,武冈市,同保南路4心相邻星光MALL,,,26.727081,110.635761
,肯德基(城步),邵阳,城步苗族自治县,儒林镇儒林大道西侧楚馨园小区12栋102室,,,26.359171,110.311983
,肯德基(绿洲大道店),邵阳,绥宁县,绿洲大道2-2-3号,,,26.579208,110.163667
,肯德基(高沙镇餐厅),邵阳,洞口县,高沙镇蓼湄路21号一楼门面,,,26.955487,110.683325
,肯德基(天伦城店),岳阳,岳阳楼区,建湘路以西青年路以北五里牌路以南天伦国际C2一层,,,29.368582,113.130487
,肯德基(汇泽店),岳阳,岳阳楼区,巴陵中路18号岳阳一百大厦一楼,,,29.371761,113.110923
,肯德基(得胜路店),岳阳,岳阳楼区,得胜路与东茅岭路交汇处东南角步步高岳阳新天地G1层,,,29.370952,113.1093
,肯德基(金鄂路店),岳阳,岳阳楼区,金鄂中路485号,,,29.356667,113.137149
,肯德基(岳阳建湘路店),岳阳,岳阳楼区,建湘路青年中路大润发(金三角购物公园店)B1层,,,29.363678,113.129795
,肯德基(五里牌店),岳阳,岳阳楼区,五里牌社区东茅岭路洞庭新天地12楼,,,29.367966,113.121599
,肯德基(洛王路店),岳阳,岳阳楼区,岳阳新天地商业广场3号门旁,,,29.38275,113.148317
,肯德基(泰和店),岳阳,岳阳楼区,泰和服饰广场南1门旁,,,29.373011,113.125832
,肯德基(通海南路DT),岳阳,岳阳楼区,通海路174号,,,29.362851,113.170082
,肯德基(岳阳湘北大道KFC),岳阳,岳阳楼区,郭镇乡郭镇村怡园大学城商业街,,,29.297216,113.146678
,肯德基(名门世家店),岳阳,岳阳楼区,南湖大道西侧727号南湖名门世家一层,,,29.35399,113.117559
,肯德基(康星百货店),岳阳,岳阳楼区,巴陵西路262号康星百货F1层,,,29.373605,113.109648
,肯德基(岳阳八字门店),岳阳,岳阳楼区,狮子山路西侧科技路以北芒果广场临科技路1层总计使用面积为170平方米,,,29.361821,113.163013
,肯德基(岳阳观澜郡DT店),岳阳,岳阳县,G240春风大道与喻家山路交汇处洞庭美域厚秀广场1层总计使用面积为157平方米房产,,,29.289537,113.09223
,肯德基(岳阳楼店),岳阳,岳阳楼区,吕仙亭街道洞庭南路9号鱼巷子一期1栋101号一层,,,29.373403,113.094397
,肯德基(岳阳理工学院店)(暂停营业),岳阳,岳阳楼区,湖南理工学院三食堂旁044号门店1层,,,29.341431,113.145641
,肯德基(天鹅路店),岳阳,岳阳县,城关镇天鹅路兴荣路角富安广场,,,29.138286,113.115622
,肯德基(青年路店),岳阳,岳阳楼区,青年路迅力五金机电市场沃尔玛超市1层,,,29.364566,113.168978
,肯德基(英伦世家店),岳阳,岳阳楼区,白石岭路以西黎家冲路以南英伦世家二期综合楼一层,,,29.353578,113.175899
,肯德基(岳阳高铁出发层店),岳阳,岳阳楼区,武广高铁岳阳东站出发层岳1-21-4.1-10商铺,,,29.365942,113.207907
,肯德基(云溪缤纷天地商业广场店),岳阳,云溪区,云龙路18号缤纷天地商业广场007栋2092号一层,,,29.463704,113.279427
,肯德基(岳阳县新天地商业中心店),岳阳,岳阳县,富荣西路46岳阳县新天地商业中心F1层,,,29.151525,113.104475
,肯德基(岳阳中心医院店),岳阳,岳阳楼区,中心医院新院区门急诊综合楼1层A01号,,,29.292477,113.120971
,肯德基(熊猫苑K咖啡小馆),岳阳,岳阳楼区,南湖新区龙山管理处龙山居委会曾家组岳阳大熊猫苑内4区3号馆对面休息亭左旁,,,29.315236,113.131294
,肯德基(长安路店),岳阳,临湘市,长安镇长安西路12号1层,,,29.475015,113.455726
,肯德基(西正街店),岳阳,华容县,章华镇西正街步步高新天地商业G栋105-107部分层,,,29.521237,112.564478
,肯德基(岳阳亿丰广场店),岳阳,岳阳县,荣家湾镇长丰路与城南路交叉口亿丰时代广场二期1108/109室,,,29.13743,113.102986
,肯德基(岳阳县富荣路KFC餐厅),岳阳,岳阳县,荣家湾镇长丰路与富荣路交叉口东北角(新天地)南部融湾新天地一层,,,29.151525,113.104475
,肯德基(高泉路店),岳阳,汨罗市,高泉南路1号1层,,,28.802718,113.082107
,肯德基(华容县迎宾路店),岳阳,华容县,城关镇迎宾中路肯德基餐厅,,,29.523707,112.564619
,肯德基(友谊店),岳阳,汨罗市,建设中路友谊100中心一层,,,28.802806,113.087141
,肯德基(南江镇店),岳阳,平江县,北街81号华曦大厦一楼,,,28.97116,113.747549
,肯德基(湘阴太傅路店),岳阳,湘阴县,太傅路与东茅路交汇处,,,28.680531,112.892043
,肯德基(平江东兴路),岳阳,平江县,东兴大道侧福星香缇轩108户一层,,,28.697425,113.599425
,肯德基(长寿镇店),岳阳,平江县,将军中路110号,,,28.71096,113.937435
,肯德基(启明路店),岳阳,平江县,启明路宏远万汇商业广场一楼,,,28.707589,113.584028
,肯德基(宗棠广场KFC),岳阳,湘阴县,文星镇江东路北侧原汽车站湘阴县金盛佳苑建设项目,,,28.67349,112.89057
,肯德基汽车穿梭餐厅,岳阳,岳阳楼区,中国石化销售湖南岳阳石油分公司通海南路加能站,,,29.36307,113.169956
,肯德基车速取餐厅(岳阳观澜郡DT店),岳阳,岳阳县,G240春风大道与喻家山路交汇处洞庭美域厚秀广场1层,,,29.289767,113.092254
,肯德基(武陵路店),常德,武陵区,武陵大道36号,,,29.029605,111.691501
,肯德基(临江公园店),常德,武陵区,人民路2111号梅尼广场F1层,,,29.032457,111.683428
,肯德基(常德滨湖公园店),常德,武陵区,洞庭大道与朗州路交汇处大润发超市一楼肯德基,,,29.041361,111.700739
,肯德基(南城天街店),常德,鼎城区,善卷路与金霞大道交汇处东北角南城天街一层,,,28.998221,111.692106
,肯德基(常德华中城店),常德,鼎城区,红云街道永安路与阳明路交叉西北角一层,,,29.003716,111.680337
,肯德基(智慧城店),常德,武陵区,高泗路常德中建优街一层,,,29.027857,111.658474
,肯德基(金霞路店),常德,鼎城区,江南城区大湖路以东金霞大道南侧路郎泰·尚象郡,,,28.997123,111.687998
,肯德基(常德欢乐城店),常德,武陵区,三星路以南新河路以北欢乐城二期A1001商铺一层,,,29.066352,111.696563
,肯德基(水星楼店),常德,武陵区,人民中路与青年北路交汇处水星楼商业广场4号1-2层,,,29.025717,111.700424
,肯德基(常德汇景中央店),常德,武陵区,柳叶大道芙蓉路交汇处中央广场一层,,,29.053099,111.666885
,肯德基(常德万达店),常德,武陵区,万达广场9号门,,,29.055119,111.68079
,肯德基(人民餐厅),常德,武陵区,人民中路97号(下南门),,,29.02701,111.696539
,肯德基(紫菱路店),常德,武陵区,紫菱路与朗州路交汇处金城2008天天象上一层,,,29.061493,111.700403
,肯德基(常德鼎城吾悦广场店),常德,鼎城区,阳明路98号吾悦广场内,,,29.018925,111.682075
,肯德基(陬市镇),常德,桃源县,陬市镇人民路与中心路交叉口,,,29.043475,111.547275
,肯德基(常德泽云广场店),常德,武陵区,武陵大道与常德大道交汇处泽云广场二期11号楼一层,,,29.067538,111.694229
,肯德基(常德中石化九站店),常德,武陵区,洞庭大道638号蓝湖郡南门(柏园桥公交车站旁),,,29.039904,111.708291
,肯德基(翡翠湾店),常德,武陵区,永安街道三闾港社区紫缘路三一翡翠湾小区19栋一层,,,29.04227,111.713194
,肯德基(桃源东方明珠店),常德,桃源县,滨河路17号,,,28.905503,111.491846
,肯德基(大小河街K咖啡小馆),常德,武陵区,大小河街神鼎门,,,29.050926,111.714398
,肯德基(莲花天街店),常德,武陵区,莲花天街西南门北190米,,,28.953187,111.707267
,肯德基(锦阳广场店),常德,汉寿县,龙阳中路424号,,,28.901071,111.956943
,肯德基(桃源漳江中路店),常德,桃源县,漳江中路花源大酒店旁好润佳超市一楼,,,28.900584,111.48304
,肯德基(凯城广场店),常德,临澧县,迎宾中路凯城广场一层,,,29.442246,111.645241
,肯德基(汉寿万达店),常德,汉寿县,滨湖路西侧汉寿万达广场1层1103号商铺,,,28.896905,111.965248
,肯德基甜品站(洞庭大道店),常德,武陵区,百禄桥镇洞庭大道843号,,,29.041361,111.700652
,肯德基(常德石门大道店),常德,石门县,永兴街道站前路与石门大道交汇处一层,,,29.59458,111.434655
,肯德基(深柳店),常德,安乡县,深柳镇潺陵社区安乡城市广场一层,,,29.410842,112.170529
,肯德基(津市店),常德,津市市,三洲驿金城银座J栋津市好润佳超市一层,,,29.628655,111.877728
,肯德基(汉寿振兴路店),常德,汉寿县,金色世家南门西90米,,,28.901465,111.954103
,肯德基(万象金街店),常德,澧县,津澧大道澧阳路至解放路欢乐城澧县万象金街负一层,,,29.641475,111.761525
,肯德基(澧阳路店),常德,石门县,楚江街道澧阳中路尧业城市广场一层,,,29.591177,111.385964
,肯德基(新安镇),常德,临澧县,新安新村a栋8号,,,29.644215,111.508178
,肯德基(漆河镇),常德,桃源县,漆河镇万豪新城,,,29.130273,111.383103
,肯德基(常德澧县万达店),常德,澧县,万达广场内1057-1058号,,,29.641375,111.759425
,肯德基(裕泰兰园店),常德,石门县,楚江街道观山社区澧阳路北侧裕泰兰园,,,29.584863,111.377623
,汉寿万达KFC,常德,汉寿县,万达广场,,,28.896925,111.965225
,肯德基穿梭餐厅(常德中石化九站店),常德,武陵区,丹阳街道柏子园社区洞庭大道590号中国石化直属第九加油站,,,29.039824,111.70844
,肯德基车速取餐厅(芙蓉大酒店店),常德,武陵区,洞庭大道与龙港路交叉口西南80米,,,29.040667,111.675343
,肯悦咖啡(鼎城吾悦广场店),常德,鼎城区,阳明大道与临沅路交叉口北80米,,,29.019129,111.681862
,肯德基(张家界解放路店),张家界,永定区,解放路229号梅尼购物中心一二层,,,29.126013,110.482207
,肯德基(张家界回龙路店),张家界,永定区,回龙路十字街7栋101号首层肯德基餐厅,,,29.121895,110.489073
,肯德基(南庄坪店),张家界,永定区,南庄路53号南庄坪办事处01梅尼超市一层,,,29.12181,110.473499
,肯德基(永定大道店),张家界,永定区,永定大道与兑泽路交汇处梅尼商贸城一层,,,29.117382,110.52525
,肯德基(张家界奇峰广场KFC),张家界,永定区,奇峰广场回龙路与人民路交汇处一层,,,29.123446,110.483424
,肯德基(张家界高铁出发店),张家界,永定区,张家界西站张2-4商铺,,,29.168117,110.463525
,肯德基(武陵源店),张家界,武陵源区,游客中心旁,,,29.351599,110.536357
,肯德基(荷花机场店),张家界,永定区,荷花国际机场T2航站楼,,,29.105239,110.444643
,肯德基(中石化鼎泰加油站店),张家界,永定区,大庸路鼎泰中石化加油站内,,,29.112242,110.490716
,肯德基(天门中央广场店)(暂停营业),张家界,永定区,奥莱广场一层南侧,,,29.124647,110.489008
,肯德基(张家界森林公园店),张家界,武陵源区,金鞭路279号森林公园南门,,,29.313409,110.434228
,肯德基(和平路店),张家界,桑植县,和平东路397号,,,29.400721,110.16344
,肯德基(慈利芙蓉店),张家界,慈利县,零阳镇东街177号,,,29.422536,111.131458
,肯德基(慈利华盛里店),张家界,慈利县,幸福中路与零阳中路交叉口西北20米,,,29.420173,111.126319
,肯德基(朝阳店),益阳,赫山区,朝阳广场步步高百货一层,,,28.566769,112.352234
,肯德基(益阳宝基广场店),益阳,赫山区,龙洲路东侧迎宾路北侧宝基广场C栋一层104-105号,,,28.538714,112.35893
,肯德基(金鸿店),益阳,赫山区,桃花仑中路209号金鸿大厦一二楼,,,28.57879,112.371203
,肯德基(益阳万达店),益阳,赫山区,益阳大道万达广场1层3号门,,,28.565421,112.374885
,肯德基(益阳太一格店),益阳,赫山区,凤山路北侧团圆路东侧高新区朝阳街道羊舞岭社区太一格B号114-117号铺,,,28.549696,112.383782
,肯德基(益阳领秀资江店),益阳,资阳区,贺家桥路西侧五一东路南侧陶然北岸领秀资江8号楼一层,,,28.591121,112.339786
,肯德基(益阳桃花仑店),益阳,赫山区,桃花仑西路555号益阳印象汇,,,28.580106,112.354204
,肯德基(桥北餐厅),益阳,资阳区,马良南路华信国际大酒店(长春东路店),,,28.597905,112.334601
,肯德基(琼湖店),益阳,沅江市,琼湖中路百惠商业广场一楼,,,28.837976,112.371673
,肯德基(沅江新源路店),益阳,沅江市,新源路112-113号好润佳商业广场一楼,,,28.839659,112.369503
,肯德基(灰山港镇店),益阳,桃江县,金通购物广场,,,28.288869,112.24547
,肯德基(沅江美世界店),益阳,沅江市,沅江大道南侧琼湖办事处桔城大道美世界C栋1层119号商铺,,,28.840684,112.360568
,肯德基(紫薇路店),益阳,安化县,陶澍大道南侧、金圆路西侧B-05恒太城一楼,,,28.368591,111.222088
,肯德基(南县城市广场店),益阳,南县,南洲镇南洲中路南洲城市商业广场一层,,,29.368842,112.409579
,肯德基(梅城镇店),益阳,安化县,梅城镇新街(原梅城供销大厦),,,28.139261,111.650483
,肯德基(安化中伟店),益阳,安化县,湾竹塘中伟广场1F肯德基餐厅,,,28.3807,111.236642
,肯德基(益阳南县赤沙广场店),益阳,南县,南州镇赤沙广场一层,,,29.368542,112.411797
,肯德基(五岭广场店),郴州,北湖区,新天地商业城1层,,,25.772923,113.014299
,肯德基(万宝城店),郴州,北湖区,南湖路与青年大道交叉口,,,25.772348,113.022258
,肯德基(郴州新国庆店),郴州,北湖区,人民中路与国庆北路交汇处125-126-127房,,,25.795655,113.031113
,肯德基(郴州飞虹店),郴州,苏仙区,桔井路37号一层,,,25.805802,113.041852
,肯德基(海上会店),郴州,北湖区,骆仙路与寒溪路交汇处西南角骆仙海上会D栋1001-1006号门面,,,25.78105,112.991595
,肯德基(龙泉路加盟店),郴州,北湖区,香雪路与龙泉路交汇处锦相百货1层,,,25.780116,113.024482
,肯德基(燕泉路店),郴州,北湖区,香雪路与燕泉南路交汇处林邑星城一层,,,25.77981,113.017322
,肯德基(郴州八一路店),郴州,苏仙区,八一路生源时代广场一二层,,,25.79422,113.035507
,肯德基(裕后里店),郴州,苏仙区,郴江河东岸东街桥南端曹家坪路西南侧裕后里项目一层,,,25.788645,113.040621
,肯德基(郴州友阿国际广场店),郴州,北湖区,同心路 4-10 号,,,25.803519,113.026073
,肯德基(郴州湘南学院店),郴州,苏仙区,郴州大道889号湘南学院第一食堂,,,25.785826,113.105227
,肯德基(翡翠路店),郴州,桂阳县,广场1号1层,,,25.750433,112.734987
,肯德基(孔家洞中石化车速取餐厅),郴州,北湖区,郴江路梨树山村堆上组(华尔星城旁)中石化孔家洞加油站内,,,25.771087,113.055971
,肯德基(桂阳向阳路店),郴州,桂阳县,城关镇向阳路1号,,,25.734909,112.734655
,肯德基(资兴兴华路店),郴州,资兴市,兴华路和晋宁路交汇西南侧原资兴矿务局新区安居楼主楼一层,,,25.975653,113.233428
,肯德基(文明路店),郴州,宜章县,文明北路与民主东路交汇,,,25.401578,112.952779
,肯德基(飞虹咖啡店),郴州,苏仙区,飞虹路5号,,,25.805348,113.039894
,肯德基(永兴友阿店),郴州,永兴县,大桥路与凤凰岭路交叉口东南40米,,,26.125625,113.117775
,肯德基(干劲路店),郴州,永兴县,干劲路25号与大桥路交汇处的永兴影视大楼12层,,,26.128724,113.114475
,肯德基(汝城郴义路店),郴州,汝城县,郴义路1号,,,25.552188,113.683303
,肯德基(资兴瑞泰商业广场店),郴州,资兴市,东江镇罗围村东江街道瑞泰时代广场一层,,,25.932034,113.233193
,肯德基(临武东云路店),郴州,临武县,东云路9号一层,,,25.279653,112.556692
,肯德基(嘉禾人民路店),郴州,嘉禾县,金田西路与人民北路交汇处现名为嘉禾生源时代广场1层,,,25.59208,112.367199
,肯德基(欧阳海服务区店),郴州,桂阳县,欧阳海服务区西区内2-1号商铺,,,26.003673,112.516529
,肯德基(沤江路店),郴州,桂东县,桂东大道20号,,,26.069077,113.944529
,肯德基(郴州安仁五一路店),郴州,安仁县,五一南路3号新天地广场F1层,,,26.709253,113.270902
,肯德基(欧阳海服务区东区店),郴州,桂阳县,许广高速欧阳海服务区东区,,,26.003351,112.518244
,肯德基(永州湘永路店),永州,冷水滩区,湘永路南侧中邦世纪广场一层,,,26.435889,111.6124
,肯德基(永州零陵北路店),永州,冷水滩区,舜德购物中心东南门西150米,,,26.449279,111.602668
,肯德基(永州万达店),永州,冷水滩区,进贤路万达广场1028号商铺,,,26.414268,111.627224
,肯德基(永州中央新城DT),永州,冷水滩区,传芳路与珊瑚路交汇处西南角,,,26.453625,111.578025
,肯德基(梧桐店),永州,冷水滩区,梧桐路南侧小区路北侧名扬愿景国际广场一层,,,26.459146,111.595004
,肯德基(春天广场店),永州,零陵区,芝山北路与萍洲西路交叉口西南角永州春天广场一层,,,26.244453,111.624161
,肯德基(民生路店),永州,祁阳市,浯溪镇民生路109号一二层,,,26.586632,111.862035
,肯德基(永州芝山路店),永州,零陵区,芝山路永州垠地广场一层餐厅,,,26.222475,111.616975
,肯德基(东安湘中广场店),永州,东安县,建设大道湘中城市广场1层,,,26.398203,111.298526
,肯德基(祁阳顺祥郡店),永州,祁阳市,金盆路与复兴路交汇处东北角11栋106&107号门面,,,26.578634,111.843462
,肯德基(紫金路),永州,双牌县,紫金中路81号,,,25.95624,111.660595
,肯德基(星中心店),永州,新田县,龙泉镇新华西路与同心路交汇处一层,,,25.909969,112.220672
,肯德基(永州道县湘源路店),永州,道县,湘源中路与潇水北路交叉口西南40米,,,25.540792,111.600145
,肯德基(九嶷中路店),永州,宁远县,九嶷中路120号1层,,,25.584655,111.945119
,肯德基(永州潇水路店),永州,道县,潇水路步行街餐厅,,,25.513525,111.592575
,肯德基(潇浦镇店),永州,江永县,永明路与环城路交汇处西南角,,,25.263747,111.355622
,肯德基(塔峰路店),永州,蓝山县,塔峰镇塔峰路与城东路交汇处(供销大厦)1层,,,25.371838,112.198968
,肯德基(江华大道餐厅),永州,江华瑶族自治县,江华大道,,,25.180874,111.567533
,肯德基(飞达店),怀化,鹤城区,鹤州北路与迎丰路交汇处东南角一层,,,27.552934,109.967145
,肯德基(怀化德天店),怀化,鹤城区,舞阳大道南侧(德天广场)1号栋1176-1178号,,,27.539177,109.947675
,肯德基(怀化迎丰店),怀化,鹤城区,迎丰西路207号,,,27.554191,109.972253
,肯德基(西都银座店),怀化,鹤城区,城北路1号国际商贸城1号门,,,27.555087,109.962676
,肯德基(怀化万达店),怀化,鹤城区,南环路岳麓青城·万达商业广场1号门旁,,,27.520972,109.987074
,肯德基(太平廊桥店),怀化,鹤城区,太平桥地段太平廊桥项目一层,,,27.55013,109.983853
,肯德基(怀化金海路店),怀化,鹤城区,金海路金都景苑1栋1-2781-17商铺,,,27.576807,110.037601
,肯德基(锦绣五溪店),怀化,鹤城区,湖天开发区天星东路锦绣五溪1栋120号一层,,,27.534482,110.002236
,肯德基(怀化市府店),怀化,鹤城区,怀化市市委路口佳惠超市旁,,,27.554814,109.997945
,肯德基(怀化高铁店),怀化,鹤城区,怀化高铁南站负一层,,,27.512339,109.992974
,肯德基(南湖路店),怀化,中方县,南湖路南湖花园叠翠综合楼,,,27.449433,109.946154
,肯德基(华盛家园店),怀化,辰溪县,先锋路华盛家园1楼肯德基,,,28.000735,110.204978
,肯德基(武陵城店),怀化,辰溪县,辰溪镇东风西路与辰州北路交汇处辰溪武陵城酒店一层,,,28.005259,110.194572
,肯德基(屈原大道店),怀化,溆浦县,卢峰镇团结街屈原大道与张家湾交汇处城北壹号项目一层,,,27.921676,110.581967
,肯德基(麻阳远程国际店),怀化,麻阳苗族自治县,锦江大道锦江三桥交汇处远程国际大润发购物中心一层,,,27.852171,109.816235
,肯德基(芷江天后宫店),怀化,芷江侗族自治县,天后宫路芷江华盛堂1层,,,27.437749,109.678224
,肯德基(洪江荷塘路店),怀化,洪江市,黔城镇荷塘路水木清华1层,,,27.202515,109.830582
,肯德基(怀化溆浦万达店),怀化,溆浦县,万达广场W-1013,,,27.913163,110.589423
,肯德基(怀化流金广场店),怀化,溆浦县,溆水北路西湖流金广场1层(严氏饭庄向西70米),,,27.907231,110.594057
,肯德基(洪江区新民路餐厅),怀化,洪江市,洪江古城新民路159号西苑大厦,,,27.110872,110.004158
,肯德基(新晃镇店),怀化,新晃侗族自治县,晃州镇人民路与南街交汇路口,,,27.360378,109.172416
,肯德基(胜利门店),怀化,沅陵县,辰州中路北京公馆2栋1层,,,28.454318,110.397106
,肯德基(会同山水龙城店),怀化,会同县,接官路山水龙城1层,,,26.879363,109.73448
,肯德基(渠阳店),怀化,靖州苗族侗族自治县,渠阳中路靖天国际广场(县公安局旁)一二层,,,26.57534,109.688503
,肯德基(沅陵县溪湖小镇KFC),怀化,沅陵县,城南水田溶片区迎宾大道与319国道交汇处天赐溪湖小镇2栋一期一层,,,28.438687,110.413593
,肯德基(城东路店),怀化,通道侗族自治县,双江镇廊桥城东路与双江大道交汇处大统发购物广场1层,,,26.163284,109.785286
,肯德基(市府中石化店),怀化,鹤城区,迎丰东路48号,,,27.556731,110.005846
,项氏肯德基酱板鸭(舞水路东兴步行街店),怀化,鹤城区,人民南路怀化中心市场,,,27.547637,109.964578
,肯德基(娄星店),娄底,娄星区,氐星路,,,27.727147,112.007321
,肯德基(扶青路店),娄底,娄星区,扶青路东侧早元街南侧五江国际商业中心18号栋1层,,,27.703313,111.990965
,肯德基(龙泰店),娄底,娄星区,长青中街42号(龙泰上品大厦),,,27.729606,112.013148
,肯德基(娄底通程店),娄底,娄星区,娄星南路南苑上和二期8栋裙楼一层,,,27.701198,111.999209
,肯德基(娄底吾悦广场店),娄底,娄星区,氐星路1号吾悦广场娄底店F1层,,,27.708158,112.006438
,肯德基(娄底阳光店),娄底,娄星区,阳光商业广场,,,27.734834,112.000779
,肯德基(娄底大汉站DT店),娄底,娄星区,大汉大道与拓步尚都步行街交汇处中石化大汉加油站,,,27.747145,111.995328
,肯德基(步行街店),娄底,冷水江市,锑都中路36号(步行街入口处),,,27.68912,111.437431
,肯德基(汇丰店),娄底,双峰县,永丰镇城中路(汇丰购物步行街1号楼)一层,,,27.461254,112.194033
,肯德基(镇西路),娄底,双峰县,青树坪镇镇西路,,,27.379089,112.024441
,肯德基(信和店),娄底,冷水江市,锑都中路与健康路叉路口一二层,,,27.688474,111.43609
,肯德基(涟源人民路店),娄底,涟源市,人民路蓝田办事处双江街332号开成尚悦广场一层,,,27.692775,111.679975
,肯德基(金穗店),娄底,新化县,天华南路步步高广场一层,,,27.731402,111.305375
,肯德基(新化永泰广场店),娄底,新化县,永泰商业广场北门东50米,,,27.733472,111.304494
,肯德基(梅苑店),娄底,新化县,梅苑南路友阿世茂广场一楼,,,27.722852,111.325433
,肯德基(新化华夏和美店),娄底,新化县,上渡办事处沿江路华夏和美国际广场D栋2028-2031商铺,,,27.733275,111.315325
,肯德基(双峰艺芳店),娄底,双峰县,永丰镇艺芳路艺芳商业街9栋103&106&107号商铺,,,27.454777,112.181379
,肯德基(新化恒太城店),娄底,新化县,上梅东路与312省道交叉口上海路东方城市广场1层,,,27.73182,111.314769
,肯德基甜品站(万豪广场店),娄底,娄星区,氐星路春园步行街12栋一层和二层,,,27.727178,112.007309
,肯德基(世纪大道),湘西,吉首市,乾州载福路7号盛世欢乐城一层1001号铺,,,28.26199,109.701986
,肯德基(吉首鼓舞广场店),湘西,吉首市,民族文化园艺术中心1层,,,28.215675,109.670825
,肯德基(吉首天虹店),湘西,吉首市,乾州街道人民路与载福路交汇处西南角湘泉天虹项目1036号一层,,,28.25935,109.703178
,肯德基(边城店),湘西,吉首市,人民北路99号和盛堂一楼肯德基,,,28.311408,109.739197
,肯德基(中石化吉首中心店),湘西,吉首市,人民南路中石化湘西石油分公司旁边中心加油站,,,28.284552,109.720389
,肯德基(武陵东路店),湘西,吉首市,武陵东路步步高商业广场一楼,,,28.310135,109.742541
,肯德基(吉首泰丰店),湘西,吉首市,悦和城太丰广场1层,,,28.313852,109.738569
,肯德基(凤凰店),湘西,凤凰县,南华路(原县政府)一二三层,,,27.948058,109.598298
,肯德基,湘西,古丈县,坐龙峡风景区东侧,,,28.718625,109.921225
,肯德基(兴鹏广场店),湘西,花垣县,建设中路兴鹏商业广场一层,,,28.583365,109.481822
,肯德基(万寿宫),湘西,凤凰县,沱江镇沙湾社区万寿宫烟雨平升楼一楼,,,27.948388,109.60812
,肯德基(永顺新芙蓉镇店),湘西,永顺县,芙蓉路212号,,,28.742538,109.947903
,肯德基(鑫海大厦店),湘西,泸溪县,朝阳西路与建设路交叉口处115-117室,,,28.215059,110.207776
,肯德基(永顺溪州路店),湘西,永顺县,灵溪镇猛洞河路溪州国际大厦1层,,,28.999758,109.853704
,肯德基(永顺大道店),湘西,永顺县,灵溪镇永顺大道福石城文化公园4层012号商铺,,,28.984358,109.856569
,肯德基(龙山新建路店),湘西,龙山县,新建路与回龙路交汇处亿利购物广场一层,,,29.447658,109.444341
,肯德基(龙山奉天龙城店),湘西,龙山县,新建路与朝阳路交汇处奉天龙城天街3栋一层121-123&138-139号,,,29.456461,109.44403
,龙山县肯德鸡小吃店,湘西,龙山县,新建路与复兴路交叉口东南40米,,,29.236075,109.422175
,肯德基(古丈商业街餐厅),湘西,古丈县,古丈商业街,,,28.616383,109.949383
,肯德基(恒隆汇店),柳州,城中区,瑞安路2号一层,,,24.326657,109.433684
,肯德基(柳州大江郡店),柳州,柳北区,白沙路2号保利国际中心裙楼一层,,,24.336175,109.41506
,肯德基(柳州万达店),柳州,城中区,东环大道256号万达广场内一层的第1021号商铺二层第2021商铺,,,24.329704,109.443108
,肯德基(新地王店),柳州,柳北区,地王新天地南门旁,,,24.32051,109.410662
,肯德基(柳州万象城店),柳州,鱼峰区,文昌路17号的柳州华润中心购物中心万象城第B1层B177号商铺,,,24.322251,109.450255
,肯德基(飞鹅店),柳州,柳南区,飞鹅路新时代商业港商业休闲中心1-2层,,,24.303833,109.403758
,肯德基(龙城世家店),柳州,城中区,桂中大道6号上东龙城世家11栋1-81-9号商铺,,,24.350006,109.432164
,肯德基(航生店),柳州,柳南区,航一路9号,,,24.283607,109.394087
,肯德基(胜利店),柳州,柳北区,胜利路北面中段12-6号,,,24.362617,109.402814
,肯德基(柳南万达店),柳州,柳南区,柳邕路263号万达广场一层1036号商铺,,,24.28812,109.393381
,肯德基(广西柳州站店),柳州,柳南区,南站路6号柳州车站东站房进站层南面美食城一层,,,24.307899,109.388244
,肯德基(风情港),柳州,城中区,中山中路9号风情港2栋1-1号租赁物一层,,,24.311625,109.411725
,肯德基(金绿洲店),柳州,柳南区,潭中西路19号33栋1-11-21-31-4号铺,,,24.335141,109.380168
,肯德基(柳州高博达店),柳州,鱼峰区,高博达广场,,,24.308723,109.492245
,肯德基(广西柳江店),柳州,柳江区,拉堡镇农市街168号五福园9幢1单元104铺一层,,,24.258756,109.34192
,肯德基(新兴南柳店),柳州,柳江区,新兴服务区,,,24.133839,109.401208
,肯德基(鹿寨店),柳州,鹿寨县,鹿寨镇文化广场商业一区汇锦大厦1+2F,,,24.480835,109.739907
,肯德基(融安店),柳州,融安县,长安镇大桥东路振和财富广场商住小区住宅综合楼1号楼一层,,,25.213507,109.403596
,肯德基(鹿寨服务区-南宁方向),柳州,鹿寨县,桂柳高速鹿寨服务区(桂林至泉州方向),,,24.452408,109.735725
,肯德基(鹿寨服务区店),柳州,鹿寨县,鹿寨服务区南侧,,,24.454005,109.733814
,新兴服务区肯德基,柳州,柳江区,新兴服务区东侧,,,24.133154,109.403894
,肯德基(柳州三江),柳州,三江侗族自治县,古宜镇河东开发区侗乡大道23号,,,25.779944,109.61544
,肯德基(临桂万达店),桂林,临桂区,西城大道16号桂林临桂万达广场F1层,,,25.245815,110.177187
,肯德基(金水店),桂林,临桂区,临桂镇金水路3号天下桂林步行街F4栋1-3号一二层,,,25.247763,110.208225
,肯德基(桂林万象城店),桂林,秀峰区,红岭路1号桂林华润中心购物中心万象城第S1层S109号,,,25.262953,110.268573
,肯德基(西城店),桂林,象山区,中山中路3号12层肯德基餐厅,,,25.269734,110.288866
,肯德基(红街店),桂林,象山区,崇信路43号,,,25.240547,110.290082
,肯德基(临桂吾悦店),桂林,临桂区,临桂大道9号新城吾悦广场1068及2063号商铺,,,25.248809,110.168581
,肯德基(正阳店),桂林,秀峰区,依仁路7号,,,25.275183,110.298335
,肯德基(购物公园店),桂林,七星区,漓江路26号步步高南城百货(桂林国展分店)F1,,,25.260425,110.306825
,肯德基(万福店),桂林,象山区,凯风路90号,,,25.220738,110.287871
,肯德基(联达店),桂林,象山区,环城西一路117号联达商业广场1号楼1-2层,,,25.25418,110.280118
,肯德基(桂林漓江路店),桂林,七星区,七星路26号国贸益华城一层,,,25.260767,110.317158
,肯德基(桂百店),桂林,象山区,中山中路14百货大楼1-2层,,,25.271673,110.291969
,肯德基(桂林八里街店),桂林,灵川县,八里街八里五路中旗·哈佛中心二期(天和百货)一层,,,25.344924,110.318356
,肯德基(北辰路店),桂林,叠彩区,站前路与北辰路交叉口东北侧万鑫商贸广场(北大街1号广场),,,25.328673,110.307363
,肯德基(叠彩万达广场店),桂林,叠彩区,南洲天桥以南叠彩万达广场一层第1001号商铺,,,25.313362,110.318016
,肯德基(桂林万达店),桂林,七星区,环城南一路万达广场一层1065号商铺、二层2059号商铺,,,25.241518,110.319959
,肯德基(叠彩店),桂林,叠彩区,中山北路113号美居商贸城二期A区一层40-41,,,25.304832,110.300479
,肯德基(桂林客世界店),桂林,七星区,穿山东路安厦时代·天悦熙街,,,25.259546,110.311486
,肯德基(花江 店),桂林,灵川县,灵田镇力水村委尧山田村民小组弘大花江荟谷小区2栋12层6号,,,25.320408,110.417055
,肯德基(微笑堂店),桂林,秀峰区,中山中路37号微笑堂商厦一层肯德基餐厅,,,25.27799,110.295219
,肯德基(桂林融创店),桂林,雁山区,大雁路398号融创桂林旅游度假区C-1017C-1018C-2009号商铺,,,25.051899,110.314163
,肯德基(桂林服务区餐厅),桂林,临桂区,桂林服务区,,,25.237996,110.124961
,肯德基(桂林东西巷餐厅),桂林,秀峰区,解放东路以北正阳路以东东西巷项目一层(自编号)C106+C108号商铺,,,25.278794,110.29968
,桂林服务区肯德基,桂林,临桂区,桂林服务区与G65包茂高速交叉口东南400米,,,25.217608,110.120713
,肯德基(阳朔戏楼店),桂林,阳朔县,荆凤路1号戏楼,,,24.763825,110.493025
,肯德基(桂林兴安店),桂林,兴安县,兴安镇新兴街2号兴安财神街项目2号楼一层,,,25.611277,110.67277
,肯德基(桂林旅游学院店)(暂停营业),桂林,雁山区,桂林旅游学院9号学生公寓西侧100米,,,25.11932,110.302073
,肯德基(恭城),桂林,恭城瑶族自治县,恭城镇文武路粤华世纪鑫城12栋1F-02商铺,,,24.836925,110.823625
,肯德基(桂林平乐汉庭酒店店),桂林,平乐县,平乐镇新安街114号商住楼1层2号,,,24.622376,110.660819
,肯德基(全州),桂林,全州县,全州镇桂黄中路126号鑫海国际商务中心商业第一层,,,25.929082,111.070615
,肯德基(灌阳餐厅),桂林,灌阳县,灌阳镇灌江中路13号南门里项目一层1-08(部分)1-071-06号商铺,,,25.489366,111.15833
,肯德基(梧州万达店),梧州,万秀区,纬一路与经二路交叉口西北80米,,,23.459134,111.290153
,肯德基(梧州中山店),梧州,万秀区,中山路11号粤西楼一二层,,,23.471787,111.318918
,肯德基(旺城店),梧州,万秀区,大学路36号旺城广场一层,,,23.477385,111.306254
,肯德基(梧州百盛店),梧州,长洲区,湖滨路62号三祺城一期二组团(A4地块)西区裙楼梧州百盛一层,,,23.48447,111.249893
,肯德基(龙圩店),梧州,龙圩区,苍海大道与苍梧大道交叉口北140米,,,23.416397,111.254107
,肯德基(梧州神冠店),梧州,长洲区,新兴三路30号一层14号商铺,,,23.478591,111.270652
,肯德基,梧州,藤县,藤县财政局南侧,,,23.373995,110.914455
,肯德基(藤县店),梧州,藤县,藤州镇荔湾路1号宏拓·中央城B栋一层,,,23.375613,110.925378
,肯德基(壹方茂),梧州,藤县,藤州镇挂榜路8号华府中心A区F119F120F121号商铺,,,23.375605,110.938551
,肯德基(岑溪汇洋店),梧州,岑溪市,思湖路延长线与南北大道交汇处汇洋广场一层,,,22.907729,110.99337
,肯德基(岑溪店),梧州,岑溪市,兴城商业广场B栋一层,,,22.917259,110.981982
,肯德基(鑫达中心广场店),梧州,蒙山县,鑫达中心广场东门旁,,,24.200025,110.519875
,肯德基(购物广场店),北海,海城区,北海大道与北京路交汇处购物广场1层,,,21.468083,109.121492
,肯德基(北海宁春城店),北海,海城区,和安·宁春城东门旁,,,21.459524,109.125334
,肯德基(银海大润发店),北海,银海区,四川路318号和佳广场F1层,,,21.442823,109.123224
,肯德基(北海南洋国际店),北海,海城区,北海大道与贵州路交汇处西南角南洋国际广场一层,,,21.464078,109.108052
,肯德基(北海吾悦店),北海,银海区,长沙路6号,,,21.433629,109.154636
,肯德基(北海银河产业城K咖啡小馆),北海,海城区,北海大道北西藏路以西北海银河城市科技产业城园区内道路上的总计使用面积为32平方米的场地,,,21.461925,109.090925
,肯德基(冠山海店),北海,银海区,冠岭路86号冠山海东区海德堡13幢一层的0111号和0112号房产,,,21.445659,109.076478
,肯德基(北海万达店),北海,银海区,万达广场西南1门旁,,,21.431636,109.143837
,肯德基(北海园博园K咖啡小馆),北海,银海区,银滩大道北海园博园摩天轮一层北一号商铺,,,21.439747,109.187441
,肯德基(北海新力店),北海,海城区,北部湾中路62号新力广厦一层,,,21.474306,109.113841
,肯德基(合浦店),北海,合浦县,还珠大道一号首层肯德基餐厅,,,21.661931,109.198988
,肯德基(北海银滩店),北海,银海区,银滩三号路以南滨江路以东北海银滩碧园度假村(酒店特色餐厅)一层商铺,,,21.404144,109.156887
,肯德基(合浦万达店),北海,合浦县,车沟底39号商业中心旺角金街店F1层,,,21.665041,109.193431
,肯德基(涠洲岛),北海,海城区,涠洲岛南湾街154号一层,,,21.027137,109.112407
,KFC甜品站(新新力新力百货·商业广场店),北海,海城区,北部湾中路62号新力百货·商业广场新新力F1层,,,21.474398,109.11387
,肯德基(防城港迎宾路店),防城港,港口区,中心区迎宾路南侧德城国际大酒店的酒店辅助用房一层,,,21.685388,108.362382
,肯德基(永福路),防城港,港口区,港湾街与永福路交汇处东南侧德城商贸中心6号楼一层8号9号商铺,,,21.693204,108.367586
,肯德基(兴港大道店),防城港,港口区,北部湾地王国际1层,,,21.608949,108.34367
,肯德基(恒富DT店),防城港,防城区,群星大道与二桥东路交汇处,,,21.756911,108.364592
,肯德基(北部湾大道餐厅),防城港,港口区,北部湾大道208号碧海蓝天·台湾城2号楼1层,,,21.663005,108.36387
,肯德基(阳光海岸DT),防城港,港口区,北部湾大道168号阳光海岸一期前广场综合体1号楼西座一层,,,21.651325,108.357675
,肯德基(北仑店),防城港,东兴市,北仑大道与民族大道交汇处桂滨财富广场一层,,,21.543653,107.975076
,肯德基(明珠大润发店),钦州,钦南区,南珠西大街223号大润发超市一楼肯德基,,,21.968375,108.612575
,肯德基(钦州湾店),钦州,钦南区,钦州湾大道年年丰广场购物中心二层,,,21.96624,108.625764
,肯德基(钦福店),钦州,钦北区,永福西大街赛格新时代广场首层A1-2号,,,21.977221,108.626577
,肯德基(钦州吾悦店),钦州,钦南区,金海湾东大街北面安州大道东面(HDC-41-02地块)新城吾悦广场1067-21068号商铺,,,21.939101,108.630876
,肯德基(钦州西钦南店),钦州,钦南区,兰海高速G75钦州西服务区上行线综合楼一层,,,21.981378,108.498613
,肯德基(钦州东站店),钦州,钦北区,永福东大街钦州东站二楼,,,21.979375,108.668175
,肯德基(黄屋屯北南),钦州,钦南区,兰海高速G75黄屋屯服务区上行线综合楼一层,,,21.98185,108.500864
,肯德基(浦北店),钦州,浦北县,解放路1路浦北肯德基餐厅,,,22.263995,109.555513
,肯德基(灵山店),钦州,灵山县,灵城镇六峰路六峰万象城一期一层,,,22.420367,109.294234
,肯德基(贵港客世界店),贵港,港北区,江北中路292号贵港市客世界商业文化广场F1层,,,23.09507,109.600158
,肯德基(贵港万达店),贵港,港北区,万达广场2号门(中石化加油站西侧),,,23.115887,109.584521
,肯德基(世纪经典店),贵港,港北区,北苑街(世纪经典)一层335号商铺,,,23.108234,109.592409
,肯德基(贵港站店),贵港,港北区,贵港站候车厅一楼,,,23.100953,109.613154
,肯德基(贵港吾悦店),贵港,港北区,吾悦广场1号门,,,23.104974,109.611898
,肯德基(港福时代店),贵港,港北区,建设路中路北侧港福时代广场一层,,,23.090693,109.601424
,肯德基(贵港松宇公馆餐厅),贵港,港北区,中山路与桂林路交汇处的阳光城ㆍ松宇公馆7幢一层,,,23.121025,109.596775
,肯德基(桂平店),贵港,桂平市,兴宁社区大成路(花街路口)地王财富中心1-2F,,,23.389721,110.077709
,肯德基(平南店),贵港,平南县,通泰购物广场西门旁,,,23.546559,110.395804
,贵港万达广场KFC,贵港,港北区,布山大道万达广场南侧商铺,,,23.115936,109.584384
,肯德基(金城店),玉林,玉州区,人民中路737号玉林百货公司南江大楼1层,,,22.631117,110.156033
,肯德基(银丰店),玉林,玉州区,银丰广场大润发购物广场一层,,,22.617972,110.171445
,肯德基(玉东金城店),玉林,玉州区,石棠路99号,,,22.653312,110.191899
,肯德基(玉林万利店),玉林,玉州区,一环东路西北侧花园酒店西侧百花汇购物广场1层,,,22.630375,110.166725
,肯德基(玉林南兴店),玉林,玉州区,广西站前路南侧南兴广场1层,,,22.606175,110.170559
,肯德基(玉林万达店),玉林,玉州区,金玉路338号玉林万达广场一层,,,22.634374,110.180643
,肯德基(东门店),玉林,玉州区,人民中路六路口东门商业广场B幢12层,,,22.629042,110.153946
,肯德基(北流万达店),玉林,北流市,二环北路159号北流荣顾购物公园一层,,,22.719261,110.344015
,肯德基(玉林北站),玉林,北流市,玉林北站高架候车层4区,,,22.722215,110.249327
,肯德基(北流店),玉林,北流市,城西一路003号凯达商厦一楼,,,22.704928,110.347948
,肯德基(玉林火车站K咖啡小馆),玉林,玉州区,玉林站候车室一层南1号商铺,,,22.598056,110.156931
,肯德基(博白店),玉林,博白县,南洲南路147号博白宝中宝购物广场1-2层,,,22.268196,109.979373
,肯德基(容县店),玉林,容县,容州镇西大街1号东风大楼一层二层,,,22.855952,110.554817
,肯德基(玉林陆川店),玉林,陆川县,三峰东路8号陆川中浩城地王广场一层,,,22.308753,110.272575
,肯德基(陆川通政路),玉林,陆川县,温泉镇陆兴北路东侧通政路北侧闻达街南侧陆川四季春城项目1层,,,22.321475,110.262675
,肯德基(博白锦绣店),玉林,博白县,博白镇锦绣东路锦绣商业广场F幢第1层001商铺002商铺003商铺,,,22.260279,109.985098
,肯德基(中新店),百色,右江区,恒基广场肯德基(24小时营业),,,23.898164,106.616135
,肯德基(百色中山广场店),百色,右江区,中山路42号中山广场B座G1层(外送),,,23.902268,106.623559
,肯德基(百色天洲店),百色,右江区,天洲大世界一楼肯德基餐厅,,,23.89265,106.643488
,肯德基(百色大润发店),百色,右江区,那毕大道与锦绣路交叉口东南80米,,,23.889565,106.628382
,肯德基(百色鼎盛店),百色,右江区,肯德基鼎盛店早餐外送7点-23点,,,23.876529,106.629418
,肯德基(田阳餐厅),百色,田阳区,解放中路2号中兴百货肯德基,,,23.734659,106.91091
,肯德基(田林),百色,田林县,乐里镇东丈片泓湾里小区1幢1-2层101-102-103铺,,,24.298701,106.224588
,肯德基(德保),百色,德保县,南隆西一街与南隆大道交汇处西北侧南桥新天地南侧广场附楼一层,,,23.319821,106.613813
,肯德基(田东中兴城店),百色,田东县,平马镇东宁大道69号中兴城一层ZY1016ZY1017ZY1018号商铺,,,23.601305,107.118952
,肯德基(靖西店),百色,靖西市,城中路68号财富广场(壮锦大道),,,23.134575,106.414689
,肯德基(平果店),百色,平果市,市马头镇平新街59号华夏大世界一楼,,,23.319033,107.584673
,肯德基(平果乐创星天地店),百色,平果市,体育西路与体育北路交叉口东南180米,,,23.332848,107.584344
,肯德基(隆林店),百色,隆林各族自治县,新州镇那弄至南林片区A4地块盛隆国际,,,24.772807,105.33241
,肯麦基(恒宁·城市广场店),百色,右江区,恒宁城市广场第1幢负1楼(宏耀百汇超市后门出口处),,,23.889533,106.647827
,肯德基,贺州,八步区,缤纷环球城3号门旁,,,24.409625,111.561825
,肯德基(贺州店),贺州,八步区,新时代广场一层,,,24.413555,111.544696
,肯德基(灵峰店),贺州,八步区,灵峰路与鞍山西路交汇处,,,24.410426,111.554239
,肯德基(新旺角店),贺州,八步区,建设中路219号9栋104号105号118号商铺,,,24.413762,111.53505
,肯德基(钟山),贺州,钟山县,中山路,,,24.529267,111.308269
,肯德基甜品站(远东国贸店),贺州,八步区,灵峰南路8号南宁百货大楼F1层,,,24.410513,111.554063
,肯德基(富川店),贺州,富川瑶族自治县,富阳镇富麦路1号桂北商贸中心(鸿仁财富广场)E区一层,,,24.813327,111.292457
,肯德基(宜州店),河池,宜州区,庆远镇龙溪路与桂茂路交界处宜州联鸿财富广场一层,,,24.491946,108.636363
,肯德基(环江店),河池,环江毛南族自治县,桥东路西四巷与江滨路交叉口东北100米,,,24.829125,108.257725
,肯德基(金城中路店),河池,金城江区,金城中路71号华星中央城1层,,,24.695863,108.050072
,肯德基(金龙湾店),河池,金城江区,金城中路98号金龙湾花园10号一层,,,24.694825,108.073175
,肯德基(都安),河池,都安瑶族自治县,安阳镇大桥路都安金澄水岸10号楼1层101号,,,23.93092,108.108817
,肯德基(河池百货店),河池,金城江区,金城中路393号河池百货2层,,,24.694961,108.062313
,肯德基(南丹店),河池,南丹县,莲花路72号,,,24.985971,107.541039
,肯德基(河池巴马餐厅),河池,巴马瑶族自治县,巴马镇文化街154号盘阳故里酒店一楼,,,24.143479,107.249293
,肯德基(嘉美店),来宾,兴宾区,前卫路与中南路交叉口西南角一层,,,23.726946,109.235459
,肯德基(中汇金融大厦DT店),来宾,兴宾区,桂中大道东251号中汇金融大厦107-108-109及110号共四间商铺,,,23.741262,109.220052
,肯德基,来宾,象州县,建新路与东井路交叉口北120米,,,23.957115,109.684121
,肯德基(武宣店),来宾,武宣县,仙蜜路2号武宣大洋城一层A1-001号,,,23.602724,109.659184
,肯德基(忻城),来宾,忻城县,城关镇古学路1号,,,24.066554,108.662334
,肯德基车速取,来宾,兴宾区,桂中大道292号,,,23.741931,109.215495
,肯德基(太平古城店),崇左,江州区,太平古城改造项目商建部分B标段地块二2号,,,22.419661,107.357814
,肯德基(崇左万象汇店),崇左,江州区,东盟大道与崇善大道口万象汇商业广场一楼肯德基餐厅,,,22.39825,107.404587
,肯德基(扶绥店),崇左,扶绥县,新宁镇空港大道2号中都新世界15号楼一层,,,22.602928,107.919607
,肯德基(龙州),崇左,龙州县,城北路33号恒力中华城8号楼01号商铺,,,22.348318,106.857954
,肯德基(凭祥店),崇左,凭祥市,田心路7号凭祥壹号城市广场1号楼1层,,,22.100422,106.765367
,肯德基宅急送(凭祥店),崇左,凭祥市,凭祥市第四小学西侧190米,,,22.100285,106.765389
,肯德基(绵阳绵兴中路店),绵阳,涪城区,弘光路与绵兴中路交叉口西北20米,,,31.459203,104.650327
,肯德基(科技桥店),绵阳,涪城区,临园路东段74号,,,31.463498,104.741907
,肯德基(中石化绵阳科创园DT店),绵阳,涪城区,易捷澳托猫西南门西北80米,,,31.488992,104.715098
,肯德基(绵阳火车站店),绵阳,涪城区,临园路西段绵阳火车站1层,,,31.458944,104.717837
,肯德基(上马故事商业街店),绵阳,涪城区,上马街区财元路5号附1号商铺,,,31.486443,104.699226
,肯德基(涪城万达店),绵阳,涪城区,花园路9号万达百货2层2066,,,31.454495,104.719526
,肯德基(天津桥店),绵阳,涪城区,安昌路17号富临大厦一楼,,,31.45881,104.74832
,肯德基(新涪城店),绵阳,涪城区,涪城路28号美一天百货一楼,,,31.461541,104.750516
,肯德基(绵阳经开万达店),绵阳,涪城区,绵州大道中段199号万达广场绵阳经开F1层,,,31.413125,104.78547
,肯德基(安州汇星店),绵阳,安州区,银河干道西段108号汇星广场F1层,,,31.530899,104.561332
,肯德基(长虹国际城店),绵阳,涪城区,跃进路6号长虹·缤纷时代购物中心1层,,,31.468271,104.74289
,肯德基(阅城店),绵阳,涪城区,望塔路39号阅城,,,31.534066,104.70627
,肯德基(绵州里餐厅),绵阳,涪城区,涪城路2号一层,,,31.466722,104.750408
,肯德基(绵阳王府井餐厅),绵阳,涪城区,南河路16号,,,31.451832,104.756421
,肯德基(江油圣名店),绵阳,江油市,中坝镇太平路北侧匡山路东侧圣名国际购物广场一层,,,31.766411,104.739359
,肯德基(新金轮店),绵阳,江油市,金轮干道12号一层,,,31.773583,104.742858
,肯德基(江油中央大道店),绵阳,江油市,纪念碑街西段与李白大道中段交叉口西南100米,,,31.770051,104.726669
,肯德基(李白大道店),绵阳,江油市,李白大道南二段1号宝龙广场一层M-F1-060号,,,31.74925,104.717874
,肯德基(梓潼崇文街店),绵阳,梓潼县,崇文街西段51号鑫驰广场1011号商铺,,,31.63591,105.163508
,肯德基(三台东方时代店),绵阳,三台县,上东街东方时代广场一期一楼临街,,,31.088025,105.09196
,肯德基(自贡梵华店),自贡,自流井区,五星街1梵华1939购物广场中心广场B1层,,,29.358166,104.772204
,肯德基(彩灯公园店),自贡,自流井区,五星街22号新玛特广场一二层,,,29.355107,104.767423
,肯德基(自贡万达店),自贡,自流井区,汇川路1699号的万达广场内1A051B1A052,,,29.330815,104.74773
,肯德基(自贡爱琴海店),自贡,自流井区,高新区华商北路155号自贡华商爱琴海购物公园F1,,,29.321011,104.768583
,肯德基(长征大道店),自贡,贡井区,长征大道西城广场恒太城一楼,,,29.341121,104.712816
,肯德基(四川轻化工大学店),自贡,大安区,东部新城E1-01地块四川轻化工大学(李白河)校区生活服务中心一层,,,29.376495,104.831166
,肯德基(荣县沃尔玛店),自贡,荣县,荣州大道第三段财富中央1号商业楼2550F1F0020号,,,29.449787,104.409583
,肯德基(富顺吉祥路餐厅),自贡,富顺县,富世街道钟秀街东段紫晶悦城项目商业综合体156号158号商铺,,,29.183443,104.986631
,肯德基(荣县旭水大道餐厅),自贡,荣县,青阳街道旭水大道西一段135号河西里邻里中心4栋1楼4-1-64-1-74-1-84-1-94-1-10号铺,,,29.440917,104.408497
,肯德基(龙汇北街店),自贡,自流井区,龙汇北街256号百盛购物中心自贡店F2层,,,29.332426,104.77159
,肯德基(金瓯店),攀枝花,东区,金瓯广场东北门西50米,,,26.573474,101.727123
,肯德基(阳光店),攀枝花,东区,江南三路德铭阳光购物中心一层,,,26.579754,101.718367
,肯德基(新华店),攀枝花,东区,东区新华街世贸中心大楼一层(攀枝花中心广场)0812-,,,26.580525,101.714925
,肯德基(攀枝花万达店),攀枝花,东区,机场路10号攀枝花学院对面,,,26.564496,101.728976
,肯德基(攀枝花银泰城店),攀枝花,仁和区,攀枝花大道南段916号银泰城一层1F001号,,,26.510339,101.726448
,肯德基(攀枝花王府井餐厅),攀枝花,仁和区,三线大道路150号1栋一层铺位号G-1F-P001,,,26.522327,101.738775
,肯德基(江阳北路店),泸州,江阳区,江阳北路25号一层,,,28.890145,105.450788
,肯德基(佳乐店),泸州,江阳区,滨江路佳乐广场佳乐大厦一楼,,,28.894874,105.448243
,肯德基(泸州万达广场店),泸州,龙马潭区,金带路与红星路交叉口万达广场1026号商铺,,,28.911615,105.419576
,肯德基(万象汇店),泸州,江阳区,康城路一段1号华润万象汇负一楼,,,28.894627,105.411186
,肯德基(泸州爱琴海店),泸州,江阳区,高新爱琴海购物公园1层F1037,,,28.860057,105.499258
,肯德基(泸州公园九街餐厅),泸州,龙马潭区,希望大道655号附233号至236号241号,,,28.924389,105.453628
,肯德基(荔城大道店),泸州,合江县,8号荔城大道巴黎春天三期巴黎金街项目1层436,,,28.823649,105.815672
,肯德基(泸州云龙机场安检内),泸州,龙马潭区,云龙机场安检内4号登机口,,,29.020625,105.466125
,肯德基(古蔺新城KFC),泸州,古蔺县,蔺阳大道天成名都-B区东南侧约80米,,,28.054307,105.774258
,肯德基(古蔺老城KFC),泸州,古蔺县,彰德街道环城路1064号凯旋城1幢101号,,,28.041995,105.805575
,肯德基(天山店),德阳,旌阳区,天山北路6号,,,31.1279,104.40532
,肯德基(德阳泰山南路店),德阳,旌阳区,泰山南路二段739号,,,31.101333,104.390183
,肯德基(德阳万达店),德阳,旌阳区,万达广场1071B1072/1072AA1072AB号商铺,,,31.158236,104.415081
,肯德基(中山大道店),德阳,广汉市,中山大道南一段10号,,,30.971734,104.279043
,肯德基(德阳吾悦店),德阳,旌阳区,岷山路三段5号德阳吾悦广场F1层,,,31.081625,104.381975
,肯德基(凯旋国际店),德阳,旌阳区,岷江西路一段550号凯旋国际广场1栋1-1号附2号,,,31.120407,104.386087
,肯德基(福州路店),德阳,广汉市,福州路2段一号-1至1层,,,30.967913,104.287128
,肯德基(绵竹仟坤水街店),德阳,绵竹市,苏绵大道中段14号,,,31.327975,104.227775
,肯德基(什邡蓥华山路店),德阳,什邡市,蓥华山路南段什邡市图书馆,,,31.115892,104.192094
,肯德基(中江餐厅),德阳,中江县,伍城南路与玄武路交汇处中江洋洋百货一层,,,31.032711,104.677794
,肯德基(利州西路店),广元,利州区,利州西路与古渡路交叉口摩尔天成一层,,,32.431553,105.820019
,肯德基(广元万达店),广元,利州区,三号路广元万达广场1F层1020,,,32.425097,105.878347
,肯德基(金橄榄店),广元,利州区,利州路东坝办事处古堰路苴国路金橄榄广场1层26号,,,32.427787,105.858102
,肯德基(苍溪如意城店),广元,苍溪县,陵江镇杜里村二组如意城6号楼1层6-1-18、6-1-19、6-1-20,,,31.725838,105.947819
,肯德基(嘉禾店),遂宁,船山区,嘉禾西路近水楼台,,,30.523182,105.560342
,肯德基(城市梦想店),遂宁,船山区,南津路6号城市梦想广场1层,,,30.494883,105.586123
,肯德基(遂宁万达广场店),遂宁,船山区,河东新区香林南路300号万达广场2号门,,,30.530137,105.596228
,肯德基(蓬莱路店),遂宁,大英县,郪江新城滨江路中段永逸广场购物中心5号楼1楼1层12号,,,30.586366,105.255
,肯德基(太和店),遂宁,射洪市,太和大道中段汇星百货旁171-175号,,,30.870922,105.38354
,肯德基(射洪万达店),遂宁,射洪市,射洪市经济开发区涪江大道北万达广场1056号商铺,,,30.852875,105.408725
,肯德基(遂宁春天店)(暂停营业),遂宁,船山区,政府西街1号摩尔春天天上宫·商业步行街店F1层,,,30.504175,105.578681
,肯德基(内江万达店),内江,东兴区,汉安大道西988号万达商场商铺1002,,,29.604653,105.042943
,肯德基(内江吾悦店),内江,市中区,新城吾悦广场1031号商铺,,,29.563636,105.054944
,肯德基(和鸣大道店),内江,资中县,春岚北路188号,,,29.760956,104.854903
,肯德基(隆昌隆华路店),内江,隆昌市,古湖街道隆华路B段北侧中山路西侧金沙时代广场一层,,,29.344795,105.270198
,肯德基(威远万达店),内江,威远县,川威大道万达广场肯德基餐厅,,,29.521366,104.65112
,肯德鸡,内江,市中区,内资路与全黄路交叉口东100米,,,29.585723,104.910229
,肯德基(乐山柏杨中路店),乐山,市中区,凤凰路中段与柏杨中路交汇处恒邦双林CBD一层,,,29.589533,103.74576
,肯德基(金杯店),乐山,市中区,土桥街61号金杯银座一二楼,,,29.555235,103.766236
,肯德基(乐山世豪店),乐山,市中区,清江片区鹤翔路与乐至路交汇处乐山清江世豪广场,,,29.600476,103.727749
,肯德基(中石化利嘉店),乐山,市中区,肖坝路428号中国石化利嘉加油站,,,29.555684,103.735513
,肯德基(峨眉大润发店),乐山,峨眉山市,绥山镇佛光东路306号大润发一层1001号,,,29.600791,103.503022
,肯德基(名山店),乐山,峨眉山市,绥山镇金顶南路仙山大厦1楼,,,29.597132,103.487611
,肯德基(互和路店),乐山,犍为县,玉津镇互和路51号,,,29.197461,103.955061
,肯德基(夹江黄金时代店),乐山,夹江县,青衣街道体育路200号5幢一层,,,29.731317,103.57947
,肯德基(井研金盛KFC),乐山,井研县,研城镇书院街9-11,,,29.650875,104.071425
,肯德基(潆华南路店),南充,顺庆区,潆华南路路一段81012号负一层,,,30.818184,106.078658
,肯德基(文化店),南充,顺庆区,人民中路1号茂业百货,,,30.791456,106.08667
,肯德基(模范店),南充,顺庆区,人民南路模范街南充大都会A幢一楼,,,30.789422,106.087372
,肯德基(五国风情街店),南充,高坪区,望鹤路1F-23-25号王府井4号门,,,30.786952,106.106464
,肯德基(滨江步行街店),南充,顺庆区,红光路86号1层,,,30.777808,106.082694
,肯德基(金鱼岭店),南充,顺庆区,金鱼岭路520号大润发超市1层,,,30.812041,106.097035
,肯德基(白马大道店),南充,嘉陵区,嘉西路263号1层,,,30.77469,106.055365
,肯德基(中虹国际店),南充,嘉陵区,都尉路二段与南虹路二段交叉路口南侧,,,30.751372,106.059798
,肯德基(南充七巧国店),南充,顺庆区,人民中路244号1幢1层,,,30.795924,106.091082
,肯德基(南充保利店),南充,高坪区,高坪社区琴台路与江东中路三段交叉路口万达广场,,,30.7711,106.097466
,肯德基(南充雍景保利店),南充,顺庆区,雍景四季广场,,,30.834698,106.121379
,肯德基(蓝光大润发店),南充,顺庆区,南门北街80号一层,,,30.776332,106.085366
,肯德基(恒丰国际广场店),南充,蓬安县,抚琴大道二段恒丰国际商业中心F1,,,31.01691,106.426804
,肯德基(红岩子店),南充,南部县,红岩子大道,,,31.351467,106.040075
,肯德基(仪陇星城广场店),南充,仪陇县,新政镇星城广场13栋附10-12号,,,31.28197,106.293716
,肯德基(金硕广场店),南充,西充县,"建设北路68,72号金硕广场一层",,,30.996809,105.898168
,肯德基(阆中古城店),南充,阆中市,保宁镇西街76号B02铺1层,,,31.576698,105.965741
,肯德基(杭州路店),眉山,东坡区,三苏大道东段168号,,,30.054404,103.83142
,肯德基(环湖店),眉山,东坡区,环湖路东二段100号,,,30.04498,103.845966
,肯德基(眉山万达广场店),眉山,东坡区,文忠街333号万达广场1033号商铺,,,30.072829,103.838472
,肯德基(彭山置信逸都城店),眉山,彭山区,置信逸都城1层8号,,,30.205323,103.864624
,肯德基(眉山服务区东侧餐厅),眉山,东坡区,尚义镇英勇村二组(往成都方向),,,30.098448,103.81286
,肯德基(仁寿大道店),眉山,仁寿县,文林镇仁寿大道延伸线二段189号一层,,,30.004418,104.165905
,肯德基(洪雅伊盛店),眉山,洪雅县,广场北路与洪州大道交叉路口往北约90米,,,29.908282,103.36416
,肯德基(仁寿店),眉山,仁寿县,阳光路商业街美家好百货一层肯德基仁寿餐厅,,,29.994654,104.145786
,肯德基(锦江学院店)(暂停营业),眉山,彭山区,观音街道锦江大道1号四川大学锦江学院第七综合楼1层,,,30.216425,103.873175
,肯德基(仁寿万达店),眉山,仁寿县,怀仁大道与迎宾大道交叉口东南侧,,,29.988889,104.164333
,肯德基车速取餐厅(彭山置信逸都城店),眉山,彭山区,李密大道路788号置信逸都城1层8号,,,30.205322,103.864626
,肯德基车速取餐厅(洪雅伊盛店),眉山,洪雅县,广场北路与洪州大道交叉路口往北约90米,,,29.908268,103.364121
,肯德基(莱茵春天店),宜宾,叙州区,航天路中段D-5号地块,,,28.755475,104.647883
,肯德基(南岸店),宜宾,叙州区,叙州区南岸酒都路中段二层02-01/02室,,,28.75633,104.642281
,肯德基(大观楼店),宜宾,翠屏区,西街30号,,,28.764784,104.622952
,肯德基(宜宾万达店),宜宾,叙州区,南岸街道航天路南段7号万达广场2楼商铺,,,28.750758,104.648865
,肯德基(宜宾万象汇店),宜宾,翠屏区,国兴大道护国路6号宜宾万象汇L125B号商铺,,,28.791168,104.680884
,肯德基(中石油宜宾外江路店),宜宾,叙州区,中国石油西区加油站(国家电网对面),,,28.742713,104.618785
,肯德基(宜宾吾悦餐厅),宜宾,翠屏区,象鼻街道学院路499号新城吾悦广场1F1001-1号商铺,,,28.801628,104.616766
,肯德基(宜宾学院临港校区),宜宾,翠屏区,宜宾学院临港校区二期食堂,,,28.822825,104.686275
,肯德基(南屏大道店),宜宾,江安县,华夏春路160号,,,28.724392,105.05886
,肯德基(叙州一曼路餐厅),宜宾,叙州区,柏溪街道城北新区城中央(毕加索庄园)38幢-1层2号5号,,,28.715125,104.548625
,肯德基(屏山店),宜宾,屏山县,聚福路376号,,,28.822147,104.362159
,肯德基(金枝丫路店),宜宾,长宁县,凯悦府东门西北80米,,,28.589613,104.920873
,肯德基(筠连龙庭店),宜宾,筠连县,滨江西路龙庭城市广场,,,28.165702,104.508049
,肯德基(兴文光明春天KFC),宜宾,兴文县,石海大道海翔光明春天,,,28.314368,105.215271
,肯德基(兴文古宋金街KFC),宜宾,兴文县,古宋镇宋河街,,,28.301844,105.238341
,长宁竹海大道KFC,宜宾,长宁县,金枝丫路与竹海大道交叉口南40米,,,28.589625,104.920875
,肯德基(思源店),广安,广安区,滨河路一段88号国际商业中心1栋102,,,30.453563,106.631989
,肯德基(加德天街店),广安,广安区,广凌云东路578号加德天街5栋一层,,,30.447276,106.668139
,肯德基(广安吾悦店),广安,广安区,金安大道三段70号广安新城吾悦广场LG013号商铺,,,30.447131,106.656945
,肯德基(华蓥天上街市店),广安,华蓥市,新华大道中段8号天上街市BS3-1-12至15号,,,30.386877,106.772098
,肯德基(京熙国际店),广安,武胜县,人民路北段1号京熙国际79,,,30.351856,106.293663
,肯德基(岳池星都会店),广安,岳池县,建设路东一段1号一层,,,30.53541,106.458063
,肯德基(宏帆广场店),广安,邻水县,鼎屏镇广邻大道2号宏帆广场一层,,,30.331282,106.928025
,肯德基(永兴路店),达州,通川区,罗浮广场肯德基0818,,,31.208023,107.470019
,肯德基(老车坝店),达州,通川区,通川中路17号世纪广场一二层,,,31.212863,107.504686
,肯德基(朝阳店),达州,通川区,朝阳东路滨江名都城一层,,,31.215896,107.501487
,肯德基(仁和新城购物中心店),达州,通川区,巴渠东路318号仁和春天国际广场国际花园4栋1层A1-1(12 318)号商铺,,,31.224338,107.466612
,肯德基(达州升华餐厅),达州,达川区,杨柳街道汉兴大道二段216号,,,31.183075,107.510525
,肯德基(达州火车站餐厅),达州,通川区,通川区火车站片区IIE7-1-a地块的中国铁建广场一层,,,31.196755,107.455473
,肯德基(大竹迎宾路店),达州,大竹县,竹阳镇迎宾大道种子公司片区DZG023片区天泰新天地项目,,,30.745337,107.200331
,肯德基(宣汉巴人广场店),达州,宣汉县,东乡镇石岭大道299号宏帆巴人广场3层3-583-59,,,31.359742,107.713077
,肯德基(英伦城邦店),达州,渠县,小溪路169号,,,30.843501,106.966468
,肯德基(雅安万达店),雅安,雨城区,姚桥新区雅安万达广场内,,,30.006662,103.037191
,肯德基(雅安廊桥店),雅安,雨城区,西康路中段与大北街交叉口东北50米雅州廊桥(东北角),,,29.98805,103.001117
,肯德基(雅安卓达餐厅),雅安,雨城区,东大街38号2层,,,29.982495,103.001503
,肯德基(天全服务区店),雅安,天全县,雅康高速天全服务区西区,,,30.031651,102.73767
,肯德基(石棉两江国际店),雅安,石棉县,人民路1段15号,,,29.237863,102.364133
,肯德基(巴中容邦国际万达广场店),巴中,巴州区,回风大道容邦国际万达广场1052号,,,31.856111,106.72764
,肯德基(巴中王府井店),巴中,巴州区,秦巴大道西段2号王府井购物中心1层,,,31.841778,106.77662
,肯德基(南江宏帆广场店),巴中,南江县,集州街道光雾山大道朝阳段1号宏帆广场8号楼7层164-168号,,,32.346519,106.837422
,肯德基(蜀景首席餐厅),巴中,通江县,观音阁街18号0827-,,,31.911968,107.251968
,肯德基(资阳万达店),资阳,雁江区,娇子大道万达广场1楼2号门,,,30.12738,104.620836
,肯德基(资阳摩根时代店),资阳,雁江区,建设南路二段112(必胜客隔壁),,,30.116385,104.646005
,肯德基(中石油资阳沱东店),资阳,雁江区,希望大道沱东加油站,,,30.104755,104.684564
,肯德基(柠都肩并肩店),资阳,安岳县,柠都大道与秦九韶路交汇处,,,30.10041,105.352232
,肯德基(小金县江西路KFC ),阿坝,小金县,美兴镇后街31号商铺2号,,,30.996386,102.359684
,肯德基(四姑娘山长坪沟店),阿坝,小金县,长坪沟旅游路14号,,,30.997694,102.843105
,肯德基(九寨沟口店),阿坝,九寨沟县,漳扎镇彭丰村朱家坝藏王宴舞酒店一层二层,,,33.269046,103.908627
,肯德基(九寨鲁能店)(暂停营业),阿坝,九寨沟县,[],,,33.305368,103.816916
,肯德基(情歌广场店),甘孜,康定市,炉城街道沿河东路中桥,,,30.050433,101.96484
,肯德基(新都桥服务区KFC),甘孜,康定市,新都桥镇安良村1组71号附1号一栋4单元1楼107号,,,30.072282,101.61362
,肯德基(航天店),凉山,西昌市,航天大道2段世纪MALL首层,,,27.878049,102.251149
,肯德基(西昌万达店),凉山,西昌市,航天大道五段63号的万达广场内1001/1002/2002/2003号商铺,,,27.874127,102.283465
,肯德基(月城广场店),凉山,西昌市,大巷口下街达达春天百货一、二楼,,,27.888353,102.263943
,肯德基(西昌服务区西侧店),凉山,西昌市,礼州镇兴胜乡江管村西昌服务区西侧,,,28.014612,102.1766
,肯德基(西昌服务区东侧店),凉山,西昌市,礼州镇兴胜乡江管村西昌服务区东侧,,,28.015202,102.178973
,肯德基(泰丰明珠店),凉山,会东县,金环南路会东和文中学东北侧,,,26.625624,102.584118
,肯德基(德昌凤安里餐厅),凉山,德昌县,凤安里,,,27.408545,102.190634
,肯德基(新蒲汇店),遵义,红花岗区,新蒲新区新遵大道与播州交汇处宏创云趣里1层,,,27.716028,107.035764
,肯德基(大连路店),遵义,红花岗区,大连路遵义时代天街项目H栋1层,,,27.707236,106.947453
,肯德基(星力城店),遵义,红花岗区,万里路万里湘江C栋星力城一层,,,27.673775,106.919725
,肯德基(遵义吾悦店),遵义,红花岗区,银河北路辅路与嵩山路交叉口东北220米吾悦广场F1层,,,27.651539,106.885219
,肯德基(乌江中路店),遵义,播州区,大润发入口东北60米,,,27.528321,106.827104
,肯德基(绥阳解放中路店),遵义,绥阳县,大十字金街8号口北110米,,,27.954485,107.189934
,肯德基(桐梓百信广场店),遵义,桐梓县,东站路28度百信广场2层,,,28.115307,106.833428
,肯德基(国酒路店),遵义,仁怀市,国酒大道(北京华联旁),,,27.790869,106.402668
,肯德基(凤冈双拥路店),遵义,凤冈县,双拥路1号桁生源·时代广场2号楼1楼,,,27.960326,107.722664
,肯德基(仁怀方圆荟店),遵义,仁怀市,盐津街道办事处仁怀酒都广场一层CF1S003(C1-003)CF1S00,,,27.786477,106.399182
,肯德基(茅台镇店),遵义,仁怀市,茅台镇河滨路会客厅商业广场1层120号铺,,,27.855048,106.378252
,肯德基(正安桐都大道店),遵义,正安县,文化南路191号,,,28.552448,107.446305
,肯德基(遵义茅台机场航站楼店),遵义,仁怀市,茅台机场航站楼F2-国内出发05登机口,,,27.964628,106.442298
,肯德基(湘江东路店),遵义,习水县,东皇镇湘江中路麒龙习水印象A4栋1层,,,28.318643,106.21034
,肯德基(习水万达店),遵义,习水县,绿洲东路与岷山路交叉口东南100米华润大道政务中心旁万达广场1029-1030号商铺,,,28.313904,106.204821
,肯德基(弘桓·时代天街购物公园店),遵义,正安县,时代天街广场东门旁,,,28.552463,107.446285
,肯德基(赤水大道店),遵义,赤水市,城工大道西南侧五洲国际商贸城A1栋一楼一层,,,28.575502,105.709808
,肯德基(帝都新城店),六盘水,钟山区,钟山大道三段与钢城大道交汇处,,,26.565686,104.886311
,肯德基(太阳广场店),六盘水,钟山区,钟山中路51号太阳商业广场太阳百货店F1层,,,26.584557,104.849382
,肯德基(碧云路店),六盘水,钟山区,碧云路万达广场1A030商铺,,,26.575596,104.858915
,肯德基(洪林万象KFC),六盘水,六枝特区,平寨镇那平路休闲广场旁洪林万象商城1层,,,26.217717,105.465872
,肯德基(胜境大道店),六盘水,盘州市,盘州市盘州市胜境大道恒立大世界购物中心一层2号大门旁,,,25.710479,104.468477
,肯德基(凤鸣北路店),六盘水,盘州市,盘州市凤鸣北路与环湖路交汇处奥远德远新天地购物中心一层L1-086号商铺,,,25.707045,104.470804
,肯德基(安顺古城店),安顺,西秀区,中华东路安顺古城历史文化街区A1区域,,,26.246301,105.935006
,肯德基(塔山广场店),安顺,西秀区,市西路87号国贸购物中心F1层,,,26.239927,105.933346
,肯德基(黄果树店),安顺,西秀区,龙泉路大润发1-2楼,,,26.236891,105.948055
,肯德基(龙宫服务区店),安顺,西秀区,G60沪昆高速,,,26.165248,105.860325
,肯德基(平黎路店),安顺,平坝区,安平街道迎宾中路42号城市综合体一层铺位号为3号18号19号,,,26.403762,106.262058
,肯德基(龙宫服务北区店),安顺,西秀区,G60沪昆高速出口与龙宫服务区交叉口东北60米,,,26.16799,105.860577
,肯德基(镇丁大道餐厅),安顺,镇宁布依族苗族自治县,西南外环线与镇丁大道交叉口南侧,,,26.062847,105.757836
,肯德基(黄果树大瀑布店),安顺,关岭布依族苗族自治县,黄果树风景区大瀑布游客服务中心二层2号,,,25.981286,105.66776
,肯德基(拥军路店),毕节,七星关区,拥军路110号爱民广场购物中心地面平街一层,,,27.296565,105.291843
,肯德基(碧阳大道店),毕节,七星关区,碧阳大道与同心路交汇口樽憬财富广场一层42-4658-60,,,27.280676,105.291573
,肯德基(迎宾大道店),毕节,大方县,红旗街道办事处迎宾大道东段佳鑫国际摩尔城6号楼6-2-3,,,27.15061,105.599468
,肯德基(县府路店),毕节,纳雍县,中华路1号(纳雍壹号金街广场)5幢,,,26.775337,105.381085
,肯德基(文化路店),毕节,黔西市,文化路16号,,,27.013206,106.037998
,肯德基(秀河线餐厅),毕节,赫章县,紫云台,,,27.12063,104.736085
,肯德基(威宁奥园店),毕节,威宁彝族回族苗族自治县,乌撒大道与滨海大道交汇处奥园广场1层L1,,,26.87643,104.239292
,肯德基(中寰国际店),铜仁,碧江区,民主路步行街与解放路交汇处康利眼镜对面,,,27.717979,109.192042
,肯德基(金鳞大道店),铜仁,万山区,金鳞大道256号九宜城购物公园临金鳞大道LG-02号商铺,,,27.68956,109.177082
,肯德基(梵净山风景区店),铜仁,江口县,508县道梵净山景区主出入口,,,27.843125,108.774575
,肯德基(思南城北大道店),铜仁,思南县,城北大道思丰财富广场,,,27.951076,108.255115
,肯德基(德江环球港),铜仁,德江县,北京中路和广州路交汇处,,,28.270625,108.110325
,肯德基(玉屏旺加惠广场餐厅),铜仁,玉屏侗族自治县,红花路与中山路交叉口东北40米,,,27.23954,108.91723
,肯德基(沿河文和里),铜仁,沿河土家族自治县,团结街道红星桥社区枕头堡地块沿河文和里不夜城商业街1F-1A-29,,,28.554924,108.496671
,肯德基(峰林店),黔西南,兴义市,蓝天花园,,,25.07794,104.92984
,肯德基(兴义桔丰路店),黔西南,兴义市,桔山大道大润发1层,,,25.098854,104.919228
,肯德基(万峰林餐厅),黔西南,兴义市,万林街道万林景区蜂巢集C区13号,,,25.006501,104.923161
,肯德基(兴仁大道店),黔西南,兴仁市,兴仁大道与东湖大道交汇处东南侧锦绣都会1号商业1楼,,,25.432762,105.210954
,兴仁肯德基,黔西南,兴仁市,永兴南路与振兴北路交叉口西180米,,,25.437527,105.205141
,肯德基(金融公园店),黔西南,贞丰县,新丰路金融公园北广场,,,25.387802,105.649766
,肯德基(云渡服务区),黔西南,贞丰县,六枝至安龙高速公路花江峡谷大桥云渡服务区,,,25.696367,105.578122
,肯德基(凯里九方店),黔东南,凯里市,东方文化大厦西门旁,,,26.581815,107.975531
,肯德基(韶山店),黔东南,凯里市,韶山南路0855-,,,26.578744,107.979223
,肯德基(凯里万达店),黔东南,凯里市,万达广场贵州凯里店2号门旁,,,26.573165,107.99025
,肯德基(丹寨万达店),黔东南,丹寨县,万达小镇尤公广场,,,26.197167,107.806868
,肯德基(千户苗寨餐厅),黔东南,雷山县,西江千户苗寨,,,26.49297,108.172427
,肯德基(民族路店),黔南,都匀市,现代城国际商城北门旁,,,26.257678,107.519002
,肯德基(都匀星力城店),黔南,都匀市,环东中路337号都匀星乐城F1层,,,26.250646,107.5218
,肯德基(都匀万达店),黔南,都匀市,都匀市经济开发区斗篷山路227号万达广场,,,26.294122,107.516603
,肯德基(金山北路餐厅),黔南,福泉市,金山街道办事处富源大道北侧金山路东侧平越壹号项目T2幢一层1-11-21-3及1-4号商铺,,,26.692045,107.514178
,肯德基(中铁摩都),黔南,龙里县,贵龙大道与中铁大道交汇处,,,26.480991,106.846623
,肯德基(中昊新天地餐厅),黔南,龙里县,冠山街道新天地悦府建设项目A地块二期3号楼1层7-8号,,,26.446409,106.97826
,肯德基(县府路餐厅),黔南,惠水县,县府中路与文魁路交叉口西100米,,,26.133119,106.658386
,肯德基(罗甸玉都大道店),黔南,罗甸县,玉都大道与湖滨大道辅路交叉口北120米,,,25.430376,106.764028
,肯德基(小七孔店),黔南,荔波县,小七孔景区古桥服务站负一层,,,25.249154,107.745927
,肯德基(曲百店),曲靖,麒麟区,麒麟南路186号新百大一楼,,,25.495222,103.798429
,肯德基(阿诗玛店),曲靖,麒麟区,麒麟北路沃尔玛1层,,,25.502774,103.799102
,肯德基(曲靖218广场店),曲靖,麒麟区,寥廓南路218号雄业·218国际广场一层1F0121F037号,,,25.491875,103.791853
,肯德基(曲靖万达店),曲靖,麒麟区,万达广场一层1A017号铺,,,25.519662,103.757692
,肯德基(曲靖玫瑰中心KFC),曲靖,麒麟区,银屯路西侧花柯路以北曲靖玫瑰中心1幢,,,25.481825,103.798789
,肯德基(陆良中枢大厦店),曲靖,陆良县,同乐广场中枢大厦一层,,,25.027741,103.661505
,肯德基(上堡街店),曲靖,宣威市,文化路8号,,,26.224974,104.105398
,肯德基(汇和国际店),曲靖,罗平县,振兴街与云贵路交叉口汇和国际A区一层,,,24.882144,104.313268
,肯德基(会泽通宝路餐厅),曲靖,会泽县,通宝路866号鑫鼎大酒店一层,,,26.416065,103.289503
,肯德基(玉溪万达店),玉溪,红塔区,棋阳路66号玉溪万达广场F1层,,,24.351984,102.54782
,肯德基(三千城购物公园店),玉溪,红塔区,玉江大道与河滨路交叉路口三千城购物公园一层,,,24.370676,102.56718
,肯德基(通海礼乐西路),玉溪,通海县,礼乐路与古城西路交叉口,,,24.112567,102.757612
,肯德基(澄江欢乐大世界店),玉溪,澄江市,马戏馆广场商业4栋1层澄江县寒武纪小镇欢乐大世界,,,24.619375,102.960275
,肯德基(月亮湾湿地公园K咖啡小馆),玉溪,澄江市,环湖北路8号月亮湾湿地公园,,,24.621487,102.945946
,肯德基(九龙店),保山,隆阳区,九龙路,,,25.111816,99.170378
,肯德基(保山吾悦店),保山,隆阳区,保山吾悦2号门旁,,,25.140892,99.193739
,肯德基(凤山路店),保山,腾冲市,市凤山路锦业商务楼,,,25.023723,98.49381
,肯德基(中汇店),昭通,昭阳区,中劲中汇商业中心B区1层,,,27.341622,103.726183
,肯德基(昭通吾悦店),昭通,昭阳区,二环西路与二环南交叉口东侧的昭通新城吾悦广场1号门1061号,,,27.324878,103.697238
,肯德基(堂琅大道店),昭通,巧家县,堂琅大道白鹤花园商业中心,,,26.919343,102.930335
,肯德基(镇雄观澜湖店),昭通,镇雄县,旧府街道办事处营盘社区景观大道南侧镇雄方圆荟观澜湖购物中心一层,,,27.403041,104.885605
,KFC肯德基(镇雄亿联亿嘉汇店),昭通,镇雄县,旧府街道旧府北路亿联亿嘉汇购物中心-1F,,,27.415715,104.875126
,肯德基(祥和路DT店),丽江,古城区,祥和路276号,,,26.864525,100.236875
,肯德基(福慧路店),丽江,古城区,福慧路618号国际购物广场,,,26.876766,100.22958
,肯德基(祥和商业广场店),丽江,古城区,丽江机场国内候机楼到达层肯德基餐厅,,,26.854098,100.22999
,肯德基(玉龙县丽客隆商业广场店),丽江,玉龙纳西族自治县,丽水路丽客隆商业广场丽客隆朝1层,,,26.82976,100.222931
,肯德基(玉河广场店),丽江,古城区,新义街积善巷82号,,,26.875649,100.234284
,肯德基(丽江进站口餐厅),丽江,玉龙纳西族自治县,丽江高铁站Q1号商铺,,,26.830378,100.238794
,肯德基(丽江进站口咖啡店),丽江,玉龙纳西族自治县,站前路昆明铁路公安处丽江站派出所东北侧约190米,,,26.810972,100.252742
,肯德基(玉龙雪山店),丽江,玉龙纳西族自治县,玉龙雪山甘海子雪厨餐饮中心1-2层,,,27.098624,100.25965
,肯德基(湖滨路店),丽江,宁蒗彝族自治县,泸沽湖大落水码头,,,27.678273,100.774046
,肯德基(创基尚城店),普洱,思茅区,林源路666号普洱创基尚城C区1层,,,22.768352,100.974792
,肯德基(鼎城国际KFC),普洱,思茅区,石龙路北侧8号路西侧鼎城国际51幢雅侎之星鼎城店106-107号,,,22.80137,100.984267
,肯德基(雅侎之星KFC),普洱,思茅区,阳光悦城24幢雅侎之星1101-A1102号,,,22.778353,100.976601
,肯德基(1735店),普洱,思茅区,菩提路6号奥莱小镇广场,,,22.764739,101.002856
,肯德基(澜沧建设路KFC),普洱,澜沧拉祜族自治县,建设路天生祥超市,,,22.555648,99.931517
,肯德基(景谷县人民路KFC),普洱,景谷傣族彝族自治县,人民路天生祥超市,,,23.500545,100.706576
,肯德基(景东景川路KFC),普洱,景东彝族自治县,景川路天生祥,,,24.449143,100.834833
,肯德基(沧江路店),临沧,临翔区,旗山路与沧江路交叉路口恒基广场F1,,,23.888801,100.091325
,肯德基(百树广场店),临沧,临翔区,百树广场11栋一层03号,,,23.87963,100.084474
,肯德基(瑞信中央广场餐厅),临沧,云县,东大街24-6号,,,24.444655,100.13341
,肯德基(滇红路餐厅),临沧,凤庆县,凤山镇龙泉社区顺宁路和滇红路十字路口南面易和购物中心一层,,,24.591756,99.918746
,肯德基(楚雄店),楚雄,楚雄市,中大街紫溪财富中心1层(中大街与府后街交汇处店),,,25.034058,101.543266
,肯德基(花园城商业广场店),楚雄,楚雄市,永安路1号四季花园城一层铺位号5-104及铺位号5-110,,,25.049417,101.5552
,肯德基(中石油太阳女站店),楚雄,楚雄市,东瓜镇上章村西收费站前行200米中国石油太阳女加油站内,,,25.065205,101.519778
,肯德基(恐龙山店),楚雄,禄丰市,杭瑞高速恐龙山服务区北区1楼,,,24.968736,102.081384
,肯德基(洪博财富中心店),楚雄,禄丰市,世纪大街延长线一层洪博财富中心,,,25.14823,102.071245
,肯德基(罗婺路),楚雄,武定县,罗婺路,,,25.525779,102.407347
,肯德基(元谋龙马店),楚雄,元谋县,元马镇凤翔路龙马商业街6栋B10-1B12室商铺,,,25.70227,101.874424
,肯德基(大姚城市港湾店),楚雄,大姚县,东街37号,,,25.721766,101.32588
,肯德基(南湖荟店),红河,蒙自市,南湖会1号门,,,23.358989,103.40004
,肯德基(锦隆财富中心店),红河,蒙自市,天马路与北京路交叉锦隆财富中心一层,,,23.377376,103.36996
,肯德基(金湖南路KFC),红河,个旧市,金湖南路花木荟都,,,23.362099,103.154788
,肯德基(临安店),红河,建水县,北正路1号建水时代中心1-2层,,,23.618298,102.822829
,肯德基(迎晖路店),红河,建水县,红河哈尼彝族自治州迎晖路鸿榆新天地一层,,,23.622553,102.830784
,肯德基(开远杰特中心店),红河,开远市,杰特·开远中心南门东90米,,,23.708496,103.257899
,肯德基(正丰广场店),红河,石屏县,西山路与云泉路交叉路口,,,23.713831,102.486435
,肯德基(髯翁路店),红河,弥勒市,髯翁路金辰时代广场1-2层,,,24.407635,103.438653
,肯德基(九华路店),红河,泸西县,九华路中段泸西新天地商场,,,24.532045,103.763983
,肯德基(光大购物中心店),文山,文山市,光大购物中心东南门旁,,,23.368684,104.251896
,肯德基(腾龙北路店),文山,文山市,腾龙北路与振兴南路交叉口东南40米,,,23.344185,104.26006
,肯德基(砚华东路店),文山,砚山县,市砚华东路七都广场,,,23.610914,104.344193
,肯德基(心天地商业广场店),文山,马关县,马白镇逢春大道中段心天地商业广场1层F1-23号,,,23.011659,104.38252
,肯德基(广南壹然广场),文山,广南县,莲城镇金桂园小区北侧壹然广场一层,,,24.058375,105.057175
,肯德基(金版纳店),西双版纳,景洪市,勐腊路与勐泐大道55号金版纳尚城B1-F1层,,,21.999525,100.796875
,肯德基(大佛寺店),西双版纳,景洪市,勐泐大道4路,,,21.963039,100.807718
,肯德基(西双十二城店),西双版纳,景洪市,勐海路西双十二城大润发超市一层,,,22.004294,100.805794
,肯德基(告庄菩提大道店),西双版纳,景洪市,宣慰大道2号告庄西双景一层101-103号,,,22.009743,100.820056
,肯德基(曼城餐厅),西双版纳,景洪市,西双版纳旅游度假区二期勐泐大道与西8号路交汇口曼城购物中心F1层1号门旁B1-188号铺,,,21.976143,100.803417
,肯德基(勐海区店),西双版纳,勐海县,景龙村景龙佛寺对面,,,21.96755,100.445042
,肯德基(版纳万达店),西双版纳,景洪市,"景洪市工业园区万景大道4号融创茂(1001,1002)号",,,22.013388,100.765469
,肯德基(大理建设路店),大理,大理市,建设路泰业广场二楼肯德基建设路餐厅,,,25.585566,100.224826
,肯德基(大理爱琴海店),大理,大理市,太和街道兴盛北路与鸡足山路交叉口爱琴海购物公园1F层LG1013+LG1015号商铺,,,25.609501,100.227434
,肯德基(人民公园店),大理,大理市,澳霖百货南门旁,,,25.585089,100.216618
,肯德基(中石油大理富海店),大理,大理市,大理市经济开发区富海路77号,,,25.5958,100.250868
,肯德基(复兴路店),大理,大理市,紫城雅居西南门东南70米,,,25.694073,100.160881
,肯德基(交投云南驿店),大理,祥云县,320国道51号,,,25.413463,100.6794
,肯德基(中石油阿鹏站店),大理,大理市,大理镇人民政府南门西160米,,,25.701999,100.154569
,肯德基(交投云南驿店),大理,祥云县,320国道51号,,,25.413463,100.6794
,肯德基(宾川中心1号店),大理,宾川县,金牛镇中心街1号,,,25.827377,100.575271
,肯德基(双廊古镇),大理,大理市,双廊码头旁临街商铺喜米海景二层,,,25.906278,100.193373
,肯德基(祥云中央广场店),大理,祥云县,龙祥路7号,,,25.472487,100.552614
,肯德基(好来世纪餐厅),大理,弥渡县,好来世纪13栋,,,25.347551,100.480811
,云南驿服务区肯德基上行线,大理,祥云县,云南驿服务区南侧,,,25.411404,100.676355
,肯德基(勐焕店),德宏,芒市,勐焕路11号,,,24.432043,98.581807
,肯德基(芒市财富中心店),德宏,芒市,勐焕路11号芒市财富中心瑞秀百货商场1楼,,,24.432125,98.581777
,肯德基(小沙坝店),怒江,泸水市,219国道与美丽公路交叉口西北300米,,,25.905915,98.82951
,肯德基(傈都半岛店),怒江,泸水市,傈都半岛,,,25.847273,98.856631
,肯德基(月光印巷店),迪庆,香格里拉市,方圆荟·月光印巷购物中心北出入口旁,,,27.810534,99.708701
,肯德基(香格里拉站店),迪庆,香格里拉市,环湖公路18号,,,27.808884,99.688448
,肯德基(高新天下汇店),宝鸡,渭滨区,高新大道路48号天下汇购物中心四层,,,34.345841,107.229551
,肯德基(宝鸡银泰店),宝鸡,金台区,金台大道66号,,,34.36033,107.196153
,肯德基(宝鸡高新店),宝鸡,渭滨区,高新四路人人乐超市旁,,,34.346948,107.226505
,肯德基(宝商百货店),宝鸡,渭滨区,经二路114号宝商凤凰城一层,,,34.371316,107.141993
,肯德基(经二店),宝鸡,渭滨区,经二路154号开元商城一层二层,,,34.370263,107.151665
,肯德基(清姜店),宝鸡,渭滨区,清姜路46号百合大厦一层肯德基餐厅,,,34.360327,107.135706
,肯德基(宝鸡吾悦店),宝鸡,渭滨区,高新开发区渭滨大道388号新城吾悦广场,,,34.340445,107.234052
,肯德基(陈仓东大街店),宝鸡,陈仓区,虢镇东大街金谷广场一楼肯德基,,,34.353278,107.387058
,肯德基(岐山TAMALL店),宝鸡,岐山县,凤鸣西路太平塔项目2期一层,,,34.443623,107.625272
,肯德基(眉县金谷世界城餐厅),宝鸡,眉县,平阳街与荣华路交汇处,,,34.272902,107.751686
,肯德基车速取餐点(金台轩苑大厦店),宝鸡,金台区,金台轩苑写字楼一楼(同盟路3号1层),,,34.359649,107.18318
,肯德基(福园店),咸阳,秦都区,渭阳西路27号,,,34.328378,108.698266
,肯德基(新兴店),咸阳,渭城区,人民中路北门口瑞家大厦1层,,,34.338119,108.730466
,肯德基(咸阳彩虹店),咸阳,秦都区,瑞华大厦西南门北120米,,,34.323217,108.68253
,肯德基(咸阳万达店),咸阳,秦都区,玉泉东路10号咸阳丽彩万达广场B1层,,,34.341994,108.690572
,肯德基(玉泉西路店),咸阳,秦都区,玉泉路以南彩虹二路以东咸阳高客综合枢纽站商业一层B-102号商铺,,,34.333501,108.66406
,肯德基(国润城店),咸阳,秦都区,西咸新区沣东新城西咸大道国润城F1商办楼1层,,,34.312605,108.776387
,肯德基(咸阳世纪DT店),咸阳,秦都区,世纪大道中段三米阳光1层,,,34.316368,108.729319
,肯德基(咸阳人民路店),咸阳,秦都区,人民中路33号咸阳国际财富中心1F层,,,34.335314,108.705959
,肯德基(安谷路店),咸阳,秦都区,世纪西路宇宏水岸枫桥E商铺(铺位号1-08),,,34.306339,108.692792
,肯德基(沣西吾悦店),咸阳,秦都区,沣西吾悦广场1层1027号,,,34.30181,108.731858
,肯德基(兴平南关店),咸阳,兴平市,南关西路财富广场一层肯德基,,,34.295555,108.484047
,肯德基(西安交大创新港店),咸阳,秦都区,格非路与东栾华路交叉口北80米,,,34.259216,108.663338
,肯德基(泾阳中心店),咸阳,泾阳县,中心街与北极宫大街十字东北角(泾阳世纪新城)一层,,,34.527136,108.837285
,肯德基(丝路欢乐世界餐厅),咸阳,秦都区,西咸新区丝路欢乐世界,,,34.264051,108.696493
,肯德基(机场T5安检内),咸阳,渭城区,西咸新区空港新城西安咸阳国际机场T5航站楼7.5米层南集中区-XIYT5L2154&155A,,,34.453533,108.785543
,肯德基(三原万达店),咸阳,三原县,池阳街西段155号,,,34.60972,108.915053
,肯德基(三原城关店),咸阳,三原县,人行大街(三原商贸中心)一层,,,34.617021,108.943146
,肯德基(泾阳万达广场店),咸阳,泾阳县,泾干大街178号泾阳万达广场F1层,,,34.531909,108.836846
,肯德基(杨凌万达店),咸阳,杨陵区,新桥路与渭惠路十字东北角万达广场号商铺,,,34.265828,108.098655
,肯德基(杨凌康乐店),咸阳,杨陵区,康乐路西段化建大厦一层,,,34.271802,108.076277
,肯德基(泾阳万达餐厅),咸阳,泾阳县,泾干大街泾阳万达一层,,,34.534955,108.834606
,肯德基(上林路DT店),咸阳,秦都区,"上林路中段路东延长壳牌加油站1,2层",,,34.32619,108.787158
,肯德基(武功人民路),咸阳,武功县,人民路苏绘购物中心,,,34.258582,108.207278
,肯德基(彬州西大街店),咸阳,彬州市,彬州市西大街中段53号世纪华联购物广场,,,35.035963,108.080619
,肯德基车速取餐厅(机场T5综合区DT店),咸阳,渭城区,汉霄一路与曹参路交叉口东南100米,,,34.464482,108.791501
,肯德基(铜川大耀城店),铜川,耀州区,新区长虹南路新时代商贸中心大耀城一层,,,34.896858,108.948345
,肯德基(铜川耀州店),铜川,耀州区,文营西路耀州中央广场一层,,,34.908269,108.980473
,肯德基(正大店),铜川,王益区,红旗街539号正大商场一层,,,35.069818,109.07743
,肯德基(渭南高新店),渭南,临渭区,新区东路万达广场3号门一层,,,34.506251,109.453721
,肯德基(临渭店),渭南,临渭区,前进路信达广场华润万家一层,,,34.498164,109.493917
,肯德基(渭南吾悦店),渭南,临渭区,仓程路中段吾悦广场1层,,,34.506934,109.473819
,肯德基(东风店),渭南,临渭区,东风大街1号国贸大厦1楼,,,34.500813,109.489053
,肯德基(渭南民生路餐厅),渭南,临渭区,胜利大街与民生路十字西南角荣发商贸城2号楼1楼,,,34.503782,109.517233
,肯德基(渭南临渭万达餐厅),渭南,临渭区,渭河大街与仓程路十字西北角渭南临渭万达广场一层112号,,,34.524086,109.476514
,肯德基(华县华州店),渭南,华州区,新秦北路东侧54号一层,,,34.511714,109.76194
,肯德基(华山店),渭南,华阴市,山禧悦巷子一二层华阴市陕西省华阴市华山游客中心西侧310国道南侧禧悦巷子,,,34.540484,110.096058
,肯德基(红旗店),渭南,蒲城县,红旗路盛世金华商业中心1层,,,34.954809,109.588395
,肯德基(秦正广场餐厅),渭南,富平县,东新街105号,,,34.7457,109.206745
,肯德基(澄城青正店),渭南,澄城县,青正街华元购物广场1楼,,,35.184262,109.934391
,肯德基(蒲城铜锣湾雅荷时代广场店),渭南,蒲城县,铜锣湾雅荷时代广场2号门西230米,,,34.939795,109.596233
,肯德基(黄河店),渭南,韩城市,黄河大街与太史大街十字东南角,,,35.474919,110.447527
,肯德基(合阳秦晋广场餐厅),渭南,合阳县,合阳县城凤凰南路西侧,,,35.215619,110.151525
,肯德基(爱琴海购物中心店),渭南,韩城市,爱琴海购物中心(状元东街店),,,35.474094,110.469948
,肯德基(延安东大店),延安,宝塔区,百米大道中段东大上品一楼肯德基,,,36.607819,109.51006
,肯德基(延安东川店),延安,宝塔区,双拥大道民生百货2层,,,36.60072,109.498611
,肯德基(延安南门里店),延安,宝塔区,延安南门里PARK,,,36.595022,109.491887
,肯德基(延安延大店),延安,宝塔区,兰家坪十字东信时代广场1层,,,36.619895,109.458539
,肯德基(宝塔店),延安,宝塔区,二道街21号,,,36.594912,109.489946
,肯德基(延安万达店),延安,宝塔区,北滨路与大东门街交汇处延安万达广场1层,,,36.598216,109.489003
,肯德基(延安吾悦店),延安,宝塔区,新城吾悦广场号商铺,,,36.641282,109.499085
,肯德基(延安万达红街店),延安,宝塔区,方塔二路与环湖路交叉口东北140米,,,36.563433,109.519915
,肯德基(双拥大道辅路店),延安,宝塔区,双拥大道辅路与永安路交叉口西20米,,,36.610135,109.513101
,肯德基(子长秀延店),延安,子长市,瓦窑堡街道办事处秀延街6号,,,37.142779,109.678154
,肯德基车速取餐点(上城新世纪K-PARK店),延安,宝塔区,德胜南路与金明大街交叉口西240米,,,36.635409,109.514396
,肯德基(天汉店),汉中,汉台区,天汉大道万邦时代广场2号楼一二层,,,33.075049,107.026574
,肯德基(汉中吾悦店),汉中,汉台区,新城吾悦广场C地块C-10号楼号商铺,,,33.072079,106.995057
,肯德基(汉水印象店),汉中,汉台区,中山街道办望江路南端滨江汉水印象北区100号5号楼一层商铺,,,33.061045,107.043688
,肯德基(汉中盛世国际店),汉中,汉台区,东一环路盛世国际,,,33.071975,107.056613
,肯德基(世纪阳光餐厅),汉中,汉台区,东大街办事处天汉大道968号世纪阳光商厦一层1F-003,,,33.078173,107.028703
,肯德基(和平路店),汉中,勉县,和平路与贾旗路交叉口东160米,,,33.154275,106.686938
,肯德基(西乡汉白路店),汉中,西乡县,汉白路中段铭泰购物中心,,,32.985536,107.766244
,肯德基(大洋店),榆林,榆阳区,肤施路大洋百货一层,,,38.281488,109.757341
,肯德基(榆林东沙店),榆林,榆阳区,银沙路(东沙)国贸邻里荟一层肯德基0912-,,,38.307669,109.761762
,肯德基(榆林文化南路店),榆林,榆阳区,文化南路与保宁路十字(榆星广场)0912-,,,38.286816,109.730853
,肯德基(榆林万达店),榆林,榆阳区,高新区长兴路175号,,,38.246936,109.754193
,肯德基(榆林航宇店),榆林,榆阳区,航宇路沙河口村农贸场一层,,,38.258145,109.751731
,肯德基(子洲县大理路餐厅),榆林,子洲县,大理路北侧中心大街以西,,,37.606859,110.040718
,肯德基(名州店),榆林,绥德县,名州镇文化路,,,37.503632,110.259158
,肯德基(神木恒生店),榆林,神木市,人民路恒生国际购物中心B1层,,,38.84319,110.49763
,肯德基(神木新区店),榆林,神木市,市滨河新区广场北路领秀花园小区10幢101号一层,,,38.901234,110.46577
,肯德基(府谷河滨店),榆林,府谷县,河滨东路145号一层肯德基,,,39.028082,111.069681
,肯德基(靖边文化路店),榆林,靖边县,文化路与宇文路十字西南,,,37.585865,108.772304
,肯德基(定边西正街),榆林,定边县,西正街家乐鼓楼店,,,37.594395,107.596754
,肯德基(大柳塔餐厅),榆林,神木市,市大柳塔镇凯悦酒店一层,,,39.275681,110.234247
,肯德基(金州店),安康,汉滨区,香溪路6号,,,32.687854,109.030213
,肯德基(鑫街口店),安康,汉滨区,西大街48号鑫街口,,,32.693488,109.0216
,肯德基(安康天一店),安康,汉滨区,天一城市广场A区肯德基,,,32.714654,108.987567
,肯德基(安康万达店),安康,汉滨区,碧桂园金州府18号楼,,,32.706715,108.977945
,肯德基(安康吾悦店),安康,汉滨区,南环东路17号,,,32.683117,109.05087
,肯德基(安康新兴安餐厅),安康,汉滨区,兴安中路74号中环广场一楼01A商铺,,,32.692653,109.0258
,肯德基(安康南方里餐厅),安康,汉滨区,兴安中路54号南方里商场1层,,,32.694106,109.02941
,肯德基(汉阴新都荟餐厅),安康,汉阴县,北城街,,,32.888747,108.515456
,肯德基(秦岭服务区店),安康,宁陕县,西汉高速秦岭服务区内,,,33.775463,108.488751
,肯德基(商洛万达店),商洛,商州区,通江东路东侧、州城路北侧万达广场,,,33.870952,109.924872
,肯德基(鞍山万熹店),鞍山,铁东区,万熹城市广场,,,41.110103,122.98938
,肯德基(向阳店),鞍山,铁东区,解放东路与中华南路交汇大润发1楼,,,41.091416,122.989055
,肯德基(民生店),鞍山,铁西区,铁西九道街民生西路139号甲,,,41.11086,122.969512
,肯德基(云景店),鞍山,铁东区,湖南街16号大润发商场1层,,,41.09114,123.009921
,肯德基(鞍山万达店),鞍山,立山区,千山中路278甲号,,,41.10722,123.057741
,肯德基(湖南新隆嘉店),鞍山,铁东区,汇园大道217栋12号一层,,,41.07975,123.026107
,肯德基(合谊·文成里店),鞍山,立山区,双山路18甲号2栋S1号商铺,,,41.137875,123.018347
,肯德基(立山大润发店),鞍山,立山区,鞍千路90栋S27号(凤凰城大润发超市1楼),,,41.146053,123.036203
,肯德基(佳兆业店),鞍山,铁西区,人民路106号,,,41.115649,122.979487
,肯德基(文成里KFC餐厅),鞍山,立山区,双山路18甲号2栋S1号商铺,,,41.137192,123.016804
,肯德基(鞍山佳梦达店),鞍山,立山区,鞍千路651号地上一层,,,41.12676,123.0761
,肯德基(中石化鞍山启明店),鞍山,铁西区,解放西路81号,,,41.101833,122.958824
,肯德基(鞍山大悦城餐厅),鞍山,立山区,胜利北路302号大悦城购物中心B01商铺,,,41.145877,123.023794
,肯德基(鞍山万象汇餐厅),鞍山,铁东区,建国大道700号华润置地广场万象汇,,,41.111283,122.985454
,肯德基(永安店),鞍山,海城市,红星委大润发一层,,,40.853616,122.752087
,肯德基(万和店),鞍山,海城市,新河路11号街,,,40.854604,122.752562
,肯德基(台安店),鞍山,台安县,台南街道办事处恩良西路2号,,,41.383532,122.429344
,肯德基(名汇城店),鞍山,海城市,海城市经济技术开发区二台子委名汇城长江路199-4-S10,,,40.87894,122.689705
,肯德基(喜悦店),鞍山,岫岩满族自治县,岫岩镇锦丝路45号一层,,,40.28908,123.280404
,肯德基风味脆客炸鸡(三区市场店),鞍山,立山区,兴隆街与武邑街交叉口西北50米,,,41.12554,123.03193
,肯德基(顺城万达店),抚顺,顺城区,裕城路26-1号顺城万达A1号商业1001号商铺,,,41.88391,123.954635
,肯德基(临江店),抚顺,顺城区,临江路中段8号,,,41.877401,123.920679
,肯德基(抚顺万达店),抚顺,新抚区,浑河南路56号抚顺万达广场F1万达百货F1,,,41.864608,123.90225
,肯德基(裕民店),抚顺,新抚区,裕民路24号,,,41.86215,123.89387
,肯德基(公元启城店),抚顺,望花区,临湖街与沈抚大道交叉口西北40米,,,41.818981,123.697831
,肯德基(抚顺望花店),抚顺,望花区,雷锋路东段58号,,,41.849418,123.806641
,肯德基(易和店),抚顺,清原满族自治县,莱河路4号易和广场一层,,,42.088938,124.911205
,肯德基门(建设街道铁岭小区店),抚顺,望花区,建设街道铁岭小区,,,41.851722,123.79175
,肯德基(本大店),本溪,平山区,解放北路4号(商业大商一楼肯德基),,,41.297026,123.762334
,肯德基(本溪万达广场店),本溪,平山区,平山路118栋,,,41.289566,123.779969
,肯德基(华联店),本溪,平山区,永丰商业区华联街1号,,,41.291279,123.760629
,肯德基(地工路KFC),本溪,明山区,地工路14-2栋1至2层5门,,,41.297033,123.789737
,肯德基(本溪广场店),本溪,明山区,樱花街1号辽宁华联商厦生活广场一层3号门,,,41.309955,123.81911
,肯德基(石桥子华联店),本溪,溪湖区,本溪市经济技术开发区银石街1-1栋一层,,,41.457452,123.718844
,肯德基门(唐家路店),本溪,明山区,唐家路与胜利路交叉口西南140米,,,41.304079,123.791335
,肯德基(小市店),本溪,本溪满族自治县,小市镇长江路396号,,,41.300014,124.128621
,肯德基甜品站(小市一庄店),本溪,本溪满族自治县,小市镇同江峪村西沟103,,,41.30052,124.058976
,肯德基(龙宝店),本溪,桓仁满族自治县,龙宝路8号龙宝广场一楼,,,41.276464,125.345592
,富乐肯德基门白钢制作,本溪,平山区,广裕路与长裕街交叉口西南60米,,,41.277054,123.758923
,肯德基(亿龙店),丹东,元宝区,江城大街211号,,,40.138908,124.40678
,肯德基(华美店),丹东,元宝区,锦山大街105号,,,40.13603,124.396758
,肯德基(未来城店),丹东,振兴区,锦山大街与体育馆路交口乐购一层,,,40.113744,124.36933
,肯德基(锦山店),丹东,振兴区,七经街8号新一百一楼肯德基,,,40.12674,124.388386
,肯德基(花园店),丹东,振兴区,锦山大街298号丹东万达广场3号门一楼,,,40.109507,124.364172
,肯德基(中心医院店),丹东,振兴区,锦山大街342-11-1-6号,,,40.100281,124.356031
,肯德基(瑞祥店),丹东,东港市,黄海大街142号,,,39.883048,124.150584
,肯德基(黄海店),丹东,东港市,大东街37号,,,39.877863,124.149208
,肯德基(唯郡店),丹东,凤城市,振兴街20-3号唯郡购物广场肯德基,,,40.45751,124.071749
,肯德基(新世纪店),丹东,宽甸满族自治县,安阜门街新世纪购物中心1层2号门旁,,,40.724681,124.785475
,肯德基(珍珠街店),丹东,振安区,珍珠街279-3号,,,40.155438,124.423425
,肯德基(林西店),锦州,古塔区,人民街三段3-2号新玛特1层,,,41.118521,121.128951
,肯德基(古塔店),锦州,古塔区,青年会路与步行街交叉路口北二里18号大润发一楼肯德基,,,41.113664,121.124819
,肯德基(银河大润发店),锦州,凌河区,解放路5段26号银河广场1号,,,41.115092,121.158455
,肯德基(上海路店),锦州,凌河区,上海路四段2号千盛购物广场F1层,,,41.119951,121.140983
,肯德基(锦州万达广场店),锦州,太和区,科技街万达广场,,,41.087692,121.124812
,肯德基(解放路餐厅),锦州,凌河区,碧桂园·御锦府西华苑,,,41.116125,121.178929
,肯德基门,锦州,古塔区,阜康路与林西街交叉口西60米,,,41.115125,121.130081
,肯德基(锦凌店),锦州,凌海市,凌海大街7号凌海电力商城1层,,,41.177226,121.362977
,肯德基(辽宁理工职业大学店),锦州,太和区,昆山路9-21号一层,,,40.891329,121.067582
,凌海服务区肯德基,锦州,凌海市,[],,,41.056629,121.276598
,凌海服务区肯德基,锦州,凌海市,[],,,41.0596,121.275345
,肯德基(福山店),锦州,黑山县,解放南街27号黑山福山时代购物广场有限公司,,,41.683776,122.120301
,肯德基(北镇餐厅),锦州,北镇市,大佛寺社区南大街路东烟草北号,,,41.594235,121.794951
,肯德基(民生路店),营口,西市区,民生路与新联大街交叉口东北240米,,,40.625586,122.230782
,肯德基(营口东升店),营口,站前区,东升路30号(大福源一楼),,,40.676553,122.266564
,肯德基(渤海店),营口,站前区,渤海大街东1号,,,40.666914,122.237969
,肯德基(平安店),营口,西市区,渤海大街西60号,,,40.665558,122.212024
,肯德基(营口万达餐厅店),营口,站前区,市府路1号万达广场F2层,,,40.66395,122.236363
,肯德基(营口沿海车速取餐厅),营口,西市区,民生路28-3-107号,,,40.629932,122.228707
,肯德基(哈大店),营口,大石桥市,哈大中路大连银行旁边,,,40.632866,122.511491
,肯德基(华阳店),营口,盖州市,红旗大街62号华阳商厦1-2层,,,40.40608,122.354102
,肯德基(西海东区沈阳方向),营口,盖州市,沈大高速公路沿线西海服务区(东区)接待室一层,,,40.443933,122.319411
,肯德基(大石桥大润发店),营口,大石桥市,大润发大石桥店南门西北60米,,,40.630122,122.518122
,肯德基(万隆店),营口,鲅鱼圈区,昆仑大街18号万隆广场东南角一层,,,40.2717,122.133208
,肯德基(鲅鱼圈万达店),营口,鲅鱼圈区,蝴蝶泉路45号,,,40.242965,122.14552
,肯德基(鑫华俪园店),营口,鲅鱼圈区,熊岳镇鑫华俪园2号楼7号,,,40.181775,122.142925
,肯德基车速取餐点(西海东区沈阳方向),营口,盖州市,沈大高速公路沿线西海服务区(西区)接待室1层,,,40.444133,122.31864
,肯德基(宝地店),阜新,海州区,中华路128号宝地太阳城大润发二部肯德基,,,42.007059,121.634892
,肯德基(解放店),阜新,海州区,解放大街59号,,,42.009145,121.658353
,肯德基(文化宫店),阜新,细河区,解放大街21号,,,42.016131,121.653855
,肯德基(阜润发店),阜新,细河区,中华路63号,,,42.016357,121.656799
,肯德基(蒙古贞店),阜新,阜新蒙古族自治县,文化路中段61号,,,42.056959,121.740222
,肯德基(阜新万达店),阜新,细河区,解放大街甲17号,,,42.034576,121.645223
,肯德基(鼎信商厦),阜新,彰武县,解放大街89号楼89-3号门(89-3号)电话,,,42.384939,122.536854
,肯德基(新运店),辽阳,白塔区,新运大街105号,,,41.264094,123.179333
,肯德基(新世纪店),辽阳,白塔区,新运大街54号,,,41.266626,123.175889
,肯德基(荣华店),辽阳,宏伟区,汇华宫东荣华街北肯乐购超一层,,,41.212847,123.202417
,肯德基(辽阳万达店),辽阳,白塔区,新运大街333号万达广场1号门,,,41.259083,123.210974
,肯德基(京都店),辽阳,白塔区,新运大街73号京都购物中心一楼,,,41.264793,123.17454
,肯德基(贺尊店),辽阳,辽阳县,首山镇人民街87号,,,41.21068,123.09361
,肯德基(井泉服务区店),辽阳,灯塔市,沈海高速公路沿线井泉服务区(西区)一层,,,41.397614,123.253045
,肯德基(文明街KFC餐厅),辽阳,灯塔市,文化街天福商场A座31号商铺,,,41.43269,123.335451
,肯德基(井泉服务区东店),辽阳,灯塔市,海高速公路沿线井泉服务区1层,,,41.394749,123.255355
,肯德基(辽河店),盘锦,双台子区,育红路102号辽河商业城F1层,,,41.189386,122.053176
,肯德基(林丰店),盘锦,兴隆台区,兴隆台街88号宝源商厦1层西南角,,,41.131717,122.087746
,肯德基(双兴店),盘锦,兴隆台区,双兴南路71号万达广场2号门1035AC1001A肯德基,,,41.101301,122.077578
,肯德基(广厦DT店),盘锦,兴隆台区,兴隆台街10-5号广厦艺术街,,,41.133265,122.103464
,肯德基(鼎兴红悦店),盘锦,大洼区,大洼街道育英路鼎兴红悦商场1-1751-1761-001号一层,,,40.994106,122.067533
,肯德基(泰山路店),盘锦,兴隆台区,泰山北路75号大润发1层,,,41.10786,122.066292
,肯德基(盘锦中兴店),盘锦,兴隆台区,商东小区88-18-19,,,41.125586,122.069946
,肯德基(瀚新店),盘锦,兴隆台区,泰山北路兴海街道瀚新社区紫润茗都47-48号商网一层,,,41.154263,122.063803
,肯德基门(泰山中路店),盘锦,大洼区,泰山中路与汇美中街交叉口东南300米,,,41.058825,122.074225
,肯德基(华商店)(暂停营业),盘锦,兴隆台区,兴隆台街华润万家超市北门1层,,,41.126917,122.058721
,肯德基车速取餐点(华商店),盘锦,兴隆台区,华润万家1层,,,41.127095,122.058588
,肯德基(泰山路店),铁岭,铁岭县,金鼎观澜商业A幢北1号地上一层,,,42.238369,123.733322
,肯德基(广裕店),铁岭,银州区,南马路29号,,,42.298237,123.84908
,肯德基(品致新街车速取餐厅),铁岭,银州区,哥伦布广场南侧地块中延光荣街一侧新建房产,,,42.271713,123.826335
,肯德基(曙光店),铁岭,调兵山市,曙光街2号恒发百货一楼,,,42.44531,123.545094
,肯德基(昌图服务区西区店),铁岭,昌图县,沈四高速公路沿线昌图服务区一层,,,42.727817,124.077188
,肯德基大润发店爱新港湾服务站点,铁岭,开原市,哈大路188号,,,42.541501,124.0578
,龙勝商城KFC餐厅,铁岭,昌图县,站前大街与昌图县步行街交叉口西北40米,,,42.784625,124.115075
,昌图服务区KFC,铁岭,昌图县,昌图服务区南30米,,,42.726827,124.080556
,肯德基(朝商店),朝阳,双塔区,新华路二段82号,,,41.576639,120.453402
,肯德基(朝阳大街店),朝阳,双塔区,朝阳大街四段1号,,,41.567837,120.447066
,肯德基(海纳店),朝阳,双塔区,朝阳大街二段81号,,,41.579466,120.452822
,肯德基(朝阳万达店),朝阳,双塔区,黄河路三段2号万达商场1层,,,41.591429,120.461712
,肯德基(七门店),朝阳,北票市,南山街二段七门购物中心一层,,,41.805489,120.770438
,肯德基(盛泰商业城店),朝阳,建平县,红旗街27号一层,,,41.400334,119.638627
,肯德基(恒发店),朝阳,凌源市,南大街21号,,,41.232801,119.402171
,七门店KFC,朝阳,北票市,南山街与健康路交叉口东40米,,,41.805641,120.770646
,肯德基(飞天店),葫芦岛,龙港区,龙湾大街43号飞天购物广场F2层,,,40.722437,120.849076
,肯德基(龙湾大街店),葫芦岛,龙港区,龙湾大街与文萃路交汇处东北角,,,40.733579,120.870566
,肯德基(新华店),葫芦岛,连山区,兴工街1号,,,40.757135,120.856189
,肯德基(辽工大店),葫芦岛,兴城市,辽工大葫芦岛校区综合楼天猫校园东侧,,,40.626186,120.783159
,肯德基(兴城银象店),葫芦岛,兴城市,兴海南街86号银象·宁远城F1层,,,40.61453,120.729228
,肯德基(兴城服务区北沈京方向店),葫芦岛,兴城市,京哈高速公路沿线兴城服务区南侧一层,,,40.598071,120.639436
,肯德基(兴城服务区北沈京方向店),葫芦岛,兴城市,中国石油辽宁交投兴城服务区加油站东北侧200米,,,40.599079,120.638081
,肯德基(风华里店),葫芦岛,绥中县,风华里,,,40.323132,120.307425
,肯德基(建设店),通化,东昌区,建设大街37号肯德基餐厅,,,41.729618,125.953718
,肯德基(江南店),通化,东昌区,江南大街298号中东新天地购物公园F1层,,,41.707585,125.934605
,肯德基(通化万达店),通化,东昌区,江南大街与江畅路交汇处万达广场,,,41.703201,125.934642
,肯德基(通化店),通化,东昌区,新华大街83号餐厅,,,41.722312,125.937658
,肯德基(金帝广场),通化,通化县,金帝广场1层,,,41.67909,125.752221
,肯德基(柳河京东商城店),通化,柳河县,盛兴路与滨河街交汇处恒建云商城1层,,,42.281865,125.726345
,肯德基(建国路店),通化,梅河口市,人民大街1888号,,,42.535906,125.713149
,肯德基(辉南爱琴海店),通化,辉南县,颐合城市广场,,,42.678297,126.052485
,肯德基(黎明店)(暂停营业),通化,集安市,黎明街313幢107号,,,41.122416,126.190632
,肯德基(长庆店),白城,洮北区,新华西路与长庆街交汇处西南角,,,45.610771,122.840003
,肯德基(吉鹤店),白城,洮北区,开发大街111号地上一层,,,45.597853,122.827579
,肯德基(镇赉欧亚购物中心店),白城,镇赉县,南湖街西永安西路南(飞翔A1综合楼商服18号门)即现镇赉县欧亚购物中心地上一层,,,45.847008,123.201016
,肯德基(康平南街店),白城,大安市,老工商楼南数第二门市(长虹街1-8-336),,,45.502051,124.291647
,肯德基(通榆育才路KFC餐厅),白城,通榆县,文化街和育才路交会处鹤利达,,,44.816884,123.092666
,肯德基(金伦店),松原,宁江区,铂金路599号,,,45.133426,124.83065
,肯德基(中东DT店),松原,宁江区,肯德基车道窗口(五环大街3777号),,,45.136829,124.846831
,肯德基(康宁店),松原,宁江区,郭尔罗斯大路1800号飞宇超市1层,,,45.117369,124.813317
,肯德基(辰兴购物公园店),松原,前郭尔罗斯蒙古族自治县,乌兰大街与哈萨尔路交汇辰兴购物公园一层,,,45.116113,124.824597
,肯德基(青年大街店),松原,宁江区,宁江区经济开发区青年大街4799号,,,45.148839,124.807666
,肯德基(伯都纳店),松原,宁江区,伯都纳南街东镇城市广场1层,,,45.171414,124.843026
,肯德基(乾安新华书店),松原,乾安县,宇宙大路与鸣凤大街交汇东20米新华书店一楼肯德基,,,45.004001,124.026133
,肯德基(龙嘉广场店),松原,扶余市,龙嘉广场,,,44.984129,126.041021
,肯德基(天赋店),松原,长岭县,长岭天赋购物广场一楼,,,44.27246,123.964786
,肯德基(英雄店),四平,铁西区,地直街英雄大路2095号1层101,,,43.169696,124.369699
,肯德基(中央路店),四平,铁东区,三马路欧亚B座一楼,,,43.168631,124.387505
,肯德基(紫气大路店),四平,铁东区,紫气大路与南九经街交汇处万达广场,,,43.155713,124.39053
,肯德基(宝泰购物广场店),四平,铁西区,地直街道英雄大路2177号,,,43.176045,124.351439
,肯德基(华宇城店),四平,铁西区,师大西街和市府路交会处华宇城营销中心1层,,,43.168876,124.342575
,肯德基甜品站(紫气大路店),四平,铁东区,沥山路1268号万达广场四平店F1层,,,43.155776,124.390582
,肯德基(四平服务区店),四平,铁东区,京哈高速四平服务区南区1层(铺位号9),,,43.173942,124.491918
,肯德基(金亿购物中心餐厅),四平,梨树县,县西街金亿财富广场17单元117.217室,,,43.309264,124.331101
,肯德基(四平服务南区餐厅),四平,铁东区,京哈高速四平服务区南区1层(长春方向)铺位号9,,,43.175318,124.488757
,肯德基(伊通大街店),四平,伊通满族自治县,伊通大街与库仑大路交汇处西北角金港城一层,,,43.33581,125.305375
,肯德基(辽河大路店),四平,双辽市,辽河路与郑园路交汇处国商百货1楼肯德基,,,43.518713,123.486926
,肯德基(御峰店),辽源,龙山区,人民大街640号,,,42.910336,125.150315
,肯德基(连阳店),辽源,龙山区,友谊大路1779号欧亚购物中心1层7号门,,,42.897806,125.11809
,肯德基(大什街店),辽源,龙山区,西宁大街191号银座购物中心一层,,,42.903215,125.148459
,肯德基(东丰店),辽源,东丰县,东丰镇药业大街3008号,,,42.676028,125.528596
,肯德基,吉林,南关区,重庆路618号亚泰富苑购物中心B1层,,,43.891245,125.327764
,肯德基(五环店),吉林,宽城区,嫩江路4号欧亚广场一楼(联合书城对面),,,43.901175,125.316725
,肯德基(大经路店),吉林,南关区,大经路96号(华联古玩城一楼),,,43.890763,125.335817
,肯德基(新天地店),吉林,南关区,亚泰大街1138号,,,43.898754,125.343777
,肯德基(同志街店),吉林,朝阳区,同志街191号中山大厦一楼,,,43.887282,125.317432
,肯德基(正阳店),吉林,绿园区,皓月大路1888号长春绿园新城吾悦广场3号门进门右侧,,,43.887203,125.272216
,肯德基(皓月店),吉林,绿园区,皓月大路2519号,,,43.889346,125.26295
,肯德基(长新店),吉林,宽城区,长新街777号广源商都一楼肯德基,,,43.931364,125.325909
,肯德基(瑞阳店),吉林,南关区,亚泰大街8599号,,,43.834001,125.339278
,肯德基(长大店),吉林,南关区,卫星路星城国际A座1层,,,43.832375,125.321675
,肯德基(长春站内店),吉林,宽城区,长白路5号长春火车站候车室2层(长春站地铁站B口旁),,,43.910679,125.323874
,肯德基(晨宇店),吉林,二道区,东盛大街与吉林大路交汇,,,43.883783,125.377445
,肯德基(恒星店),吉林,南关区,解放大路负110号恒星国际4号楼1层,,,43.881304,125.345662
,肯德基(柳影路店),吉林,宽城区,柳影路万龙第五城3号楼,,,43.941851,125.302636
,肯德基(吉盛店),吉林,二道区,东盛大街交吉林大路西南亚泰广场1-2层,,,43.882025,125.375325
,肯德基(临河店),吉林,南关区,二道区经济技术开发区临河街与珠海路交汇处天地十二坊C29栋,,,43.846064,125.366664
,肯德基(天嘉店),吉林,绿园区,新竹路与基隆南街交汇处欧亚超市1层,,,43.910525,125.277425
,肯德基(物贸店),吉林,朝阳区,人民大街6905号物贸大厦1楼,,,43.846958,125.325123
,肯德基(华大城店),吉林,宽城区,小南街60号,,,43.945619,125.343194
,肯德基(新同德店),吉林,朝阳区,红旗街616号万达广场(长春红旗路店)2F层,,,43.866766,125.294941
,肯德基(万象城店),吉林,南关区,人民大街3388号(人民大街与解放大路交汇)长春万象城B2层,,,43.878986,125.326024
,肯德基(钜城店),吉林,南关区,华惠路钜城华亿购物广场A座1层,,,43.79932,125.316884
,肯德基(越野路店),吉林,绿园区,绿园区汽开区越野路400栋,,,43.862974,125.242919
,肯德基(亚泰富苑店),吉林,南关区,重庆路618号亚泰富苑购物中心F1层,,,43.891135,125.327677
,肯德基(长春南湖店),吉林,南关区,东岭南街1405号,,,43.851801,125.34717
,肯德基(西安大路餐厅)(暂停营业),吉林,朝阳区,建设街91号(西安大路与交会处西北角)1层,,,43.893713,125.306082
,肯德基(东大桥店),吉林,南关区,东天街1号(东大桥地铁站A口步行470米),,,43.896933,125.355431
,肯德基(创业店),吉林,绿园区,局子街88号经纬国际大润发地上一层,,,43.872949,125.266772
,肯德基(栖乐荟店),吉林,朝阳区,朝阳区高新区学府街栖乐荟购物中心地上一层,,,43.817976,125.257312
,肯德基(福林店),吉林,朝阳区,同志街68号,,,43.867204,125.318228
,肯德基(万盛店),吉林,绿园区,西环城路115号万盛国汇大厦一层,,,43.901659,125.244531
,肯德基(春城店),吉林,绿园区,春城大街万鑫花园3号楼,,,43.892494,125.261473
,肯德基(万科缤纷里店),吉林,南关区,永宁路与东莱北街交汇处万科缤纷里一层,,,43.908818,125.354934
,肯德基(兴顺店),吉林,绿园区,兴顺街与长沈路交汇处欧亚商超一楼,,,43.839283,125.223662
,肯德基(七彩城店),吉林,绿园区,南阳路140号腾阳·七彩天地F1层,,,43.870411,125.278052
,肯德基(长春欧亚店),吉林,朝阳区,红旗街与富锦路交汇处欧亚商都A座1层,,,43.871076,125.300424
,肯德基(环球中心店),吉林,南关区,生态大街2188号环球广场F1层,,,43.814204,125.378638
,肯德基(公平路店),吉林,二道区,东盛大街2988号,,,43.871044,125.377671
,肯德基(国泰店),吉林,朝阳区,长春高新技术产业开发区吉林省长春市卫星路以南前进大街以西中巴跨境电商小镇2号楼103号104号1-2层,,,43.831776,125.285748
,肯德基(洋浦店),吉林,二道区,洋浦大街6088号欧亚万豪购物中心地上一层,,,43.879805,125.424086
,肯德基(汇集店),吉林,朝阳区,开发区飞跃路2566号,,,43.836031,125.247363
,肯德基(万豪店),吉林,二道区,净月大街1号地上一层,,,43.838243,125.406312
,肯德基(中海店),吉林,南关区,世荣路与临河街交汇处欧亚超市1层,,,43.825437,125.364839
,肯德基(飞跃店),吉林,绿园区,汽车产业开发区东风大街3619号,,,43.850831,125.232602
,肯德基(吉大一院店)(暂停营业),吉林,朝阳区,万宝街和平大戏院对面吉锦汇美食城负一层,,,43.876167,125.30277
,肯德基(欧亚新生活购物广场店),吉林,朝阳区,桂林路富苑盛世城旁欧亚新生活购物中心地上一层,,,43.864116,125.305893
,肯德基(欧亚新生活购物中心店),吉林,朝阳区,延安大街99号欧亚新生活购物广场F1层,,,43.864669,125.305279
,肯德基(金川店),吉林,南关区,北方市场13门旁,,,43.862674,125.37035
,肯德基(远大购物中心店),吉林,南关区,南湖中街2300号远大购物中心L2层(A02门),,,43.801433,125.306349
,肯德基(摩天活力城店),吉林,南关区,卫星路1777号(吉林广电地铁站出入口步行460米),,,43.834509,125.37947
,肯德基(宽平店),吉林,朝阳区,红旗街与宽平大路交汇都会大厦一楼,,,43.858068,125.28039
,肯德基(东岭街店),吉林,南关区,自由大路与东岭北街交汇处欧亚超市一楼,,,43.865444,125.351601
,肯德基(百脑汇餐厅店),吉林,朝阳区,工农大路1313号,,,43.868042,125.301553
,肯德基(北湖吴中店),吉林,宽城区,经济开发区北区远达大街吴中北国之春B区一期1号楼,,,43.950948,125.386262
,肯德基(宽城万达餐厅店),吉林,宽城区,人民大街155号万达广场(长春宽城店)1F层1007,,,43.915004,125.320202
,肯德基(长春西站店),吉林,绿园区,安庆北路长春西站二楼候车大厅,,,43.876837,125.199661
,肯德基(湖光店),吉林,朝阳区,前进大街488号(欧亚超市旁),,,43.845278,125.290153
,肯德基(中石油华光站店),吉林,朝阳区,长春高新技术产业开发区高新区华光街866号,,,43.819617,125.249612
,肯德基(中东奥莱店),吉林,宽城区,北人民大街4082号砂之船(中东)奥特莱斯3F-CY-01,,,43.947675,125.326125
,肯德基(上海路万达餐厅),吉林,宽城区,上海路宽城万达广场2号门左侧1023A号商铺,,,43.901891,125.331703
,肯德基(君子兰店),吉林,二道区,长新东路3999号欧亚长新购物中心1层,,,43.932123,125.369823
,肯德基(中日联谊医院门诊店),吉林,南关区,仙台大街126号吉林大学中日联谊医院VIP接待区2层,,,43.863258,125.3783
,肯德基(北湖吾悦店),吉林,宽城区,远达大街9888号长春北湖吾悦广场1087号,,,43.97233,125.386256
,肯德基(合隆店),吉林,宽城区,青年路2199号(鑫海华府对面)万隆购物广场A座1层欧亚超市旁,,,44.053117,125.190964
,肯德基(博硕店),吉林,南关区,净月开发区博硕路499号,,,43.829111,125.426066
,肯德基(万科溪望店),吉林,宽城区,万科溪望营销中心1层,,,43.993275,125.375325
,肯德基(宏汇K咖啡小馆),吉林,朝阳区,人民大街3299号宏汇国际广场一层101室,,,43.879516,125.324218
,肯德基(力旺广场店),吉林,朝阳区,力旺广场3号门旁,,,43.84007,125.29149
,肯德基(万科城店),吉林,南关区,生态东街与天富路交汇欧亚超市入口南10米,,,43.798167,125.39051
,肯德基(力旺林溪湖店),吉林,二道区,莲花山力旺林溪湖A26号楼1层肯德基车道取餐口,,,43.885611,125.538452
,肯德基(北湖店),吉林,宽城区,湖畔街与中盛路交会(北湖湿地公园正门对面),,,43.988651,125.374746
,肯德基(净月奥莱店),吉林,南关区,净月高新技术产业开发区永顺路388号,,,43.768573,125.445411
,肯德基(吉大二院新院区店),吉林,南关区,亚泰大街与公平西路交会处吉林大学第二医院亚泰院区住院楼地下1层,,,43.872412,125.351408
,肯德基(西宸之光店),吉林,绿园区,西宸之光13号1楼商业区(西湖地铁站D口步行160米),,,43.85517,125.169476
,肯德基(车城店),吉林,绿园区,西湖大路与腾飞大路交汇车城万达2号门,,,43.82664,125.189196
,肯德基(万科紫郡车速取餐厅),吉林,朝阳区,长春高新技术产业开发区宜居路万科紫郡商业1层,,,43.772006,125.24623
,肯德基(磐谷餐厅),吉林,朝阳区,高新区硅谷大街超达磐谷国际商务港正门,,,43.820435,125.256969
,肯德基(龙嘉T2店),吉林,九台区,龙嘉镇机场路3500号龙嘉机场t2航站楼,,,43.997752,125.701367
,肯德基甜品站(中东奥莱店),吉林,宽城区,万兴路与北人民大街辅路交叉口东南160米,,,43.947998,125.326021
,肯德基(国文医院店),吉林,南关区,芳草街与康宇路交叉口南280米,,,43.780498,125.28656
,肯德基(欧亚卖场2店),吉林,朝阳区,开运街5178号欧亚卖场B2层,,,43.839182,125.241722
,肯德基(芳草街华润店),吉林,南关区,芳草街和泰宇路交会处华润大江玖悦销售中心1层,,,43.784537,125.285612
,肯德基(天悦海棠店),吉林,南关区,生态东街3800号,,,43.774048,125.386107
,肯德基(云琅咖啡店),吉林,南关区,临河街与天合路交叉口东北侧,,,43.792235,125.367124
,肯德基(鹏宏店),吉林,九台区,鹏宏广场一楼,,,44.134965,125.829751
,肯德基(净月潭公园K咖啡小馆),吉林,南关区,净月大街5840号净月潭国家公园女神广场,,,43.799945,125.453069
,肯德基(万科向日葵小镇DT店),吉林,公主岭市,硅谷副街万科向日葵小镇西郡,,,43.74219,125.1755
,肯德基(伊通大街店),吉林,伊通满族自治县,伊通大街与库仑大路交汇处西北角金港城一层,,,43.33581,125.305375
,肯德基(国文大街店),吉林,公主岭市,高新技术产业开发区怀德大路西侧国文大街北侧建筑地上一层,,,43.488586,124.798156
,肯德基(农安路店),吉林,农安县,农安路2221号欧亚购物中心F1,,,44.437513,125.179576
,肯德基风味香酥鸡块(隆泰商贸园店),吉林,宽城区,兴政路228号隆泰商贸园F1层,,,44.060102,125.179884
,肯德基(双阳商贸城店),吉林,双阳区,双阳商贸城一楼,,,43.524331,125.658318
,肯德基(永吉店),吉林,永吉县,吉桦路1998号,,,43.666471,126.5037
,肯德基(松江路店),吉林,丰满区,吉林大街1-2号欧亚综合体1层,,,43.78988,126.55541
,肯德基(新珲春店),吉林,船营区,解放中路120号大润发三店一层,,,43.843942,126.551969
,肯德基(大龙华店),吉林,龙潭区,遵义东路55号,,,43.909595,126.564738
,肯德基(恒山西路店),吉林,丰满区,深圳街16号顺隆·阳光翠苑,,,43.820719,126.548622
,肯德基(新生活 DT店),吉林,船营区,越山路378号中东购物乐园3层,,,43.861337,126.524478
,肯德基(雾凇店),吉林,昌邑区,珲春中街1508号大润发西山店一层,,,43.872825,126.531625
,肯德基(解放东路店),吉林,昌邑区,重庆路1367号,,,43.845748,126.567801
,肯德基(吉林大街店),吉林,昌邑区,吉林大街518号万达广场肯德基,,,43.885099,126.564793
,肯德基(长春路店),吉林,船营区,长春路85号西城首府小区G号商业用房地上一层,,,43.826639,126.522441
,肯德基(世纪广场肩并肩店),吉林,丰满区,伯爵盛世纪,,,43.830621,126.565146
,肯德基(吉润发店),吉林,昌邑区,东市场大润发一店一层,,,43.852902,126.568331
,肯德基(新华昌店),吉林,榆树市,华昌路16号华昌文化广场天悦城一楼,,,44.823775,126.557775
,亚泰富苑店KFC,吉林,南关区,自强街道重庆路618号,,,43.890663,125.327891
,肯德基(居然世界里店),吉林,朝阳区,长春居然之家生活mall地块第二栋1层,,,43.789114,125.22572
,肯德基(万科紫郡店),吉林,朝阳区,宜居路1888号,,,43.772008,125.246236
,肯德基(东环城DT店),吉林,南关区,中东大市场10号门前肯德基餐厅车道取餐口,,,43.862844,125.394303
,肯德基(净月店),吉林,南关区,净月大街5555号,,,43.802451,125.45006
,肯德基(欧亚卖场三店),吉林,朝阳区,开运街5178号欧亚卖场20号门,,,43.838974,125.241396
,肯德基(平安嘉里车速取餐厅),吉林,南关区,净月高新技术产业开发区天悦路平安嘉里商务楼5号楼1层,,,43.784591,125.379481
,肯德基宅急送(中东大市场北区店),吉林,南关区,自由大路6738号中东大市场北区,,,43.862825,125.394375
,肯德基车速取餐点(洋浦店),吉林,二道区,洋浦大街欧亚万豪购物中心9号门前,,,43.879419,125.423925
,肯德基(河南街店),延边,延吉市,河南街330-3号,,,42.895493,129.509507
,肯德基(新丰店),延边,延吉市,长白山西路4213号,,,42.8925,129.478647
,肯德基(进学店),延边,延吉市,人民路181号进学小学西侧,,,42.907464,129.520964
,肯德基(局子街店),延边,延吉市,局子街88号经纬国际大润发地上一层,,,42.900394,129.515371
,肯德基(延河店),延边,延吉市,延河路万达广场9号门,,,42.900925,129.459175
,肯德基(延吉人民路店),延边,延吉市,人民路49号,,,42.908,129.508665
,肯德基(和龙延百),延边,图们市,延百大楼1层,,,42.970021,129.84557
,肯德基(延大外卖点店KFC)(暂停营业),延边,延吉市,公园路977号延边大学服务中心一层,,,42.910869,129.485109
,肯德基(文化路店),延边,珲春市,站前街与文化路交汇处欧亚延百购物中心一楼,,,42.882485,130.362124
,肯德基(现代百货店),延边,珲春市,新安街龙源委沿河西街1463号地上一层,,,42.865559,130.360772
,肯德基和龙延百店,延边,和龙市,人民大街106-8号四区延百门市,,,42.544009,129.009451
,肯德基(长吉图一号A区店),延边,汪清县,长吉图A区1号楼1-9,,,43.321469,129.776134
,肯德基(翰章店),延边,敦化市,翰章大街1385号中关村电子城,,,43.368246,128.233374
,肯德基(亿洋路店),延边,敦化市,亿洋路与东环路交汇欧亚敦百购物中心一层,,,43.372125,128.250025
,肯德基(天福街店),延边,安图县,二道白河镇天福街11号楼,,,42.421038,128.120882
,肯德基(东风店),大庆,萨尔图区,纬七路25号,,,46.598527,125.111581
,肯德基(百湖店),大庆,龙凤区,龙凤区高新区摩码广场一楼肯德基,,,46.587433,125.159047
,肯德基(经六街店),大庆,萨尔图区,经六街24号毅腾商都购物中心F2层,,,46.594797,125.117531
,肯德基(湖滨店),大庆,龙凤区,萨尔图区高新区发展路63号,,,46.588355,125.141651
,肯德基(世纪唐人店),大庆,龙凤区,龙永路86号,,,46.566431,125.135797
,肯德基(经三街店),大庆,萨尔图区,东风路15号万达广场(大庆萨尔图店)2F层2035、2037,,,46.594317,125.096046
,肯德基(悦澜湾店),大庆,龙凤区,凤鸣街与龙运路交口汇宏悦澜湾S1-1112号商服地上一层,,,46.544185,125.143964
,肯德基(龙凤大商店),大庆,龙凤区,龙凤大街52号大商集团大庆龙凤商场东区1层,,,46.531142,125.114361
,肯德基(新庆莎店),大庆,萨尔图区,会战大街18号千乘百货楼下,,,46.601657,125.017755
,肯德基(学伟润发餐厅店),大庆,萨尔图区,经六街303号,,,46.605717,125.116051
,肯德基(万达广场店),大庆,让胡路区,中央大街南段335号,,,46.624599,124.869084
,肯德基(新潮店),大庆,让胡路区,常春路1号新潮大街新潮国际购物中心内1层,,,46.601343,124.899255
,肯德基(乘风庄店),大庆,让胡路区,乘风庄新玛特一楼肯德基,,,46.553937,124.876864
,肯德基(昆仑店),大庆,让胡路区,昆仑大街2号麦凯乐F1,,,46.635882,124.880229
,肯德基(新粤城店),大庆,杜尔伯特蒙古族自治县,新粤城一层6号商服,,,46.864215,124.447445
,肯德基(金澜店),大庆,肇州县,肇州镇油田南路金澜购物广场一楼,,,45.703421,125.273026
,肯德基(中华西路店),齐齐哈尔,建华区,文化街道劳技小区3号楼1层17号,,,47.357513,123.941294
,肯德基(齐百店),齐齐哈尔,龙沙区,卜奎大街51号(百大生活超市旁边),,,47.345399,123.955272
,肯德基(建华万达店),齐齐哈尔,建华区,新江路1号建华万达广场2号门1楼,,,47.368194,123.946806
,肯德基(中瑞店),齐齐哈尔,建华区,西二道街92号,,,47.350709,123.952803
,肯德基(百花店),齐齐哈尔,龙沙区,卜奎南大街116号百花电子城F1层,,,47.335056,123.958281
,肯德基(齐润发店),齐齐哈尔,龙沙区,龙华路134号(大润发一店),,,47.340918,123.965868
,肯德基(华威店),齐齐哈尔,龙沙区,卜奎南大街499号华威购物广场一层24-25号商服,,,47.3041,123.953788
,肯德基(铁东店),齐齐哈尔,铁锋区,中华东路205号,,,47.345347,124.009159
,肯德基(铁峰润发店),齐齐哈尔,铁锋区,红旗路与黎明街交口大润发地上一层,,,47.339293,124.010641
,肯德基(新鸿福店),齐齐哈尔,建华区,中华路324号,,,47.352869,123.971701
,肯德基(齐市北院店)(暂停营业),齐齐哈尔,龙沙区,公园路30号齐齐哈尔市第一医院门诊楼一层,,,47.346275,123.951375
,肯德基(齐市南院店),齐齐哈尔,龙沙区,卜奎大街700号齐齐哈尔市第一医院,,,47.28333,123.950024
,肯德基(红岸店),齐齐哈尔,富拉尔基区,和平路81号,,,47.205169,123.64082
,肯德基(壹号院店),齐齐哈尔,建华区,凤凰大街与明海公路交叉口西南80米,,,47.371091,124.00077
,肯德基(金宝店),齐齐哈尔,龙江县,建设路金宝商场1层,,,47.341976,123.195592
,肯德基(富裕联通大厦餐厅),齐齐哈尔,富裕县,朝阳路联通大厦1号楼00单元0506号地上一层,,,47.796024,124.471212
,肯德基(依安佰盈餐厅),齐齐哈尔,依安县,明安路佰盈商场一层10号商铺,,,47.889317,125.310892
,肯德基(幸福里佰辰),齐齐哈尔,讷河市,通江路天一幸福里小区8号楼00单元01层0506号,,,48.481125,124.874525
,肯德基(牡丹街店),牡丹江,西安区,太平路西长安街1号,,,44.579244,129.61901
,肯德基(牡百店),牡丹江,东安区,太平路111号,,,44.584106,129.61685
,肯德基(新安润发店),牡丹江,西安区,西新安街246号大润发超市1层,,,44.572675,129.606855
,肯德基(新安万达店),牡丹江,西安区,西七条路新安街万达广场1号门一楼肯德基餐厅,,,44.570387,129.601821
,肯德基(文化广场店),牡丹江,东安区,东牡丹街1号,,,44.580824,129.621212
,肯德基(新华路店),牡丹江,爱民区,新华路177号,,,44.595638,129.602196
,肯德基(百好花园店),牡丹江,东安区,乌苏里路百好花园21号楼地上一层,,,44.552842,129.627928
,肯德基(新牡润发店),牡丹江,东安区,东一条路55号大润发超市1楼,,,44.586519,129.61855
,肯德基(光华街店),牡丹江,阳明区,光华街180号,,,44.599799,129.648851
,肯德基(宁安商厦店),牡丹江,宁安市,宁安镇通江路57号,,,44.344327,129.469906
,肯德基(中联星光购物中心店),牡丹江,穆棱市,八面通镇中联星光购物中心1层,,,44.917559,130.53485
,肯德基(绥芬河青云店),牡丹江,绥芬河市,文化街肯德基餐厅,,,44.395791,131.162335
,肯德基(林口鑫城国际餐厅),牡丹江,林口县,卫平街金城国际广场底商一层,,,45.289675,130.269325
,肯德基(东兴路店),牡丹江,东宁市,东兴路78号,,,44.064986,131.129704
,肯德基(林海路餐厅),牡丹江,海林市,林海路72号林海大厦东方红超市一层,,,44.578064,129.391464
,肯德基(万新店),佳木斯,郊区,郊区万新街大润发一层,,,46.801688,130.331984
,肯德基(佳百店),佳木斯,向阳区,长安西路59号大商集团佳木斯百货大楼F1层,,,46.810855,130.362032
,肯德基(佳木斯万达店),佳木斯,向阳区,郊区光复西路1801号佳木斯万达广场一层肯德基,,,46.79411,130.338036
,肯德基(顺和店),佳木斯,前进区,长安东路23号,,,46.812531,130.367935
,肯德基(佳大尚都店),佳木斯,向阳区,宏胜社区佳大尚都综合购物广场一层KFC,,,46.790375,130.371925
,肯德基(桦南世纪店),佳木斯,桦南县,前进路278号世纪生活广场一楼,,,46.23909,130.56993
,肯德基(三江国际店),佳木斯,富锦市,建三江迎宾路北100米三江国际综合购物广场1楼,,,47.25083,132.628068
,肯德基(富锦新玛特店),佳木斯,富锦市,中央大街383号大商新玛特一层,,,47.248998,132.03907
,肯德基(抚远店),佳木斯,抚远市,湘江路152号(步行街),,,48.365454,134.295851
,肯德基(中兴大街店),绥化,北林区,中兴大街华晨商都一层肯德基,,,46.636407,126.994522
,肯德基(绥化万达店),绥化,北林区,新华街华德乐府南门1号商服万达广场1层,,,46.643019,126.965047
,肯德基(弘坤玉龙城),绥化,北林区,康庄路弘坤玉龙城三期C11号5-6号商铺一层,,,46.624375,126.972525
,肯德基(黄河北路店),绥化,青冈县,黄河北路150号,,,46.687881,126.110324
,肯德基(兰西家幸),绥化,兰西县,正阳街家幸超市旁一层,,,46.257023,126.290542
,肯德基(望奎时代餐厅),绥化,望奎县,奋斗路晟大时代购物广场一层,,,46.833643,126.483325
,肯德基(雷炎大街店),绥化,海伦市,雷炎大街兴隆大家庭商场一层,,,47.462259,126.974181
,肯德基(金牛店),绥化,安达市,金牛路91号,,,46.409923,125.330187
,肯德基(龙滨路店),黑河,爱辉区,中央东大街与龙滨路交汇建设开发总公司63号综合楼地上一层,,,50.240979,127.517582
,肯德基(华富店),黑河,爱辉区,中央街与邮政街交叉处华富商城一层,,,50.249654,127.500165
,肯德基(财富中心店),黑河,北安市,上海路与和平街交叉口大润发商业广场一楼肯德基,,,48.245737,126.516515
,肯德基(德隆店),黑河,北安市,德隆购物中心,,,48.241378,126.513783
,肯德基(华富万家店),黑河,嫩江市,繁荣街安居4号楼华富万家超市一层,,,49.173344,125.224827
,肯德基(五大连池德都广场店),黑河,五大连池市,青山二道街老宾馆南侧(青山胡同60号),,,48.513764,126.191102
,肯德基(卓悦0458),伊春,伊美区,松韵城五期2号地块商业服务楼卓悦0458街区,,,47.729313,128.844431
,肯德基,伊春,铁力市,五一街润丰购物广场一层东3-4号商服,,,46.991339,128.047881
,肯德基车速取餐点(新兴店),伊春,伊美区,通河路51号,,,47.726957,128.904961
,肯德基(中心大商店),鸡西,鸡冠区,中心大街57号大商新玛特一层,,,45.298368,130.980515
,肯德基(新广益店),鸡西,鸡冠区,红军路71号大商·新玛特广益店F1层,,,45.301937,130.987609
,肯德基(中心店),鸡西,鸡冠区,万达广场中心大街店9号门东60米,,,45.304508,130.986311
,肯德基(新鹤店),鹤岗,工农区,比优特时代广场一层,,,47.325691,130.282737
,肯德基(兴汇大世界店),鹤岗,工农区,胜利路81号一层,,,47.331131,130.274777
,肯德基(宝泉岭店),鹤岗,萝北县,尚志路比优特购物广场,,,47.427832,130.5481
,肯德基(双百店),双鸭山,尖山区,新兴大街121号,,,46.640505,131.157267
,肯德基(九阳润发店),双鸭山,尖山区,九阳路5号,,,46.651676,131.160941
,肯德基(泓晟店),双鸭山,集贤县,福双路泓晟生活广场1层,,,46.73647,131.137448
,肯德基(宝丰店),双鸭山,宝清县,中央大街459号汇丰购物中心一层,,,46.329138,132.207019
,肯德基(山湖店),七台河,桃山区,山湖路36号,,,45.771135,131.005354
,肯德基(旭日店),七台河,桃山区,桃山区文化广场,,,45.77464,131.009538
,肯德基(桃山店),七台河,桃山区,山湖路46号大润发一层肯德基,,,45.772828,131.005303
,肯德基(人民路店),大兴安岭,加格达奇区,人民路百货大楼步行街路口,,,50.423572,124.130484
,肯德基(黄埔花园店),香港,九龙城区,德康街6号聚宝坊B1层,,,22.302835,114.195385
,肯德基(湾仔庄士敦道店),香港,湾仔区,庄士敦道112号双喜楼地下4-5号铺及1层A-B,,,22.273606,114.178074
,肯德基(山东街店),香港,油尖旺区,亚洲博览馆负一楼1号馆东大堂入口旁,,,22.314615,114.174138
,肯德基(健威坊店),香港,东区,北角英皇道560号健威坊地库L9F号铺,,,22.289031,114.209102
,肯德基(海富中心店),香港,中西区,夏悫道18号海富中心地下42-68号A,,,22.276597,114.170441
,肯德基(太安楼店),香港,东区,太安街与筲箕湾道交叉口东北20米,,,22.279485,114.226827
,肯德基(信德中心店),香港,中西区,干诺道中168-200号信德中心2层231A号,,,22.28516,114.156964
,肯德基(乐富广场店),香港,黄大仙区,九龙横头磡乐富广场高层地下2层U201-U203号铺,,,22.335001,114.192697
,肯德基(又一城店),香港,深水埗区,达之路80号又一城L2层L2-22,,,22.335002,114.178744
,肯德基(黄大仙中心南馆店),香港,黄大仙区,竹园正德街103号,,,22.338572,114.199155
,肯德基(家维村店),香港,九龙城区,马头围道44-46号家维购物中心低层4-5室,,,22.305284,114.192261
,肯德基(厚德商场店),香港,西贡区,新界将军澳TKO Gateway东翼,,,22.314234,114.271411
,肯德基(庄士伦敦广场店),香港,油尖旺区,弥敦道219号庄士伦敦广场1楼101及106-108号铺,,,22.300575,114.176478
,肯德基(慈云山中心店),香港,黄大仙区,香港九龙慈云山慈乐村慈云山中心4层410D号,,,22.344707,114.205468
,肯德基(西九龙中心店),香港,深水埗区,钦州街37K号西九龙中心第3层317号,,,22.328384,114.164782
,肯德基(卑路乍街餐厅),香港,中西区,西环卑路乍街116-122A号联康新楼1楼B号铺,,,22.279725,114.132596
,肯德基(海景广场店),香港,东区,筲箕湾道283号海景广场地下1号铺,,,22.276058,114.231276
,肯德基(东广场店),香港,观塘区,观塘道418号创纪之城5期L2-1,,,22.309428,114.230561
,肯德基(美丽华广场店),香港,油尖旺区,弥敦道132号美丽华广场一期地下G37&G37A号,,,22.297923,114.177812
,肯德基(元州商场店),香港,深水埗区,元州街与长发街交叉口东南60米,,,22.335002,114.161073
,肯德基(第一城中心店),香港,沙田区,宝城街与长城街交叉口西60米,,,22.383543,114.209358
,肯德基(德福花园店),香港,观塘区,九龙湾伟业街33号德福广场1期F28号铺,,,22.320314,114.217103
,肯德基,香港,黄大仙区,牛池湾彩云村彩云商场第二期3楼A323A号铺,,,22.329967,114.21964
,肯德基(沙田商业中心店),香港,沙田区,火炭山尾街18-24号沙田商业中心地下9及11号,,,22.394266,114.198279
,肯德基(PopCorn2期店),香港,西贡区,新界将军澳唐俊街9号君荟坊地下G13-14号铺,,,22.305572,114.266207
,肯德基(沙田中心商场店),香港,沙田区,横壆街2-16号沙田中心3层19号铺,,,22.379913,114.195184
,肯德基(禾輋广场店),香港,沙田区,沙田德厚街3号禾輋广场地下R15-R16号铺,,,22.385298,114.199409
,肯德基(南丰中心店),香港,荃湾区,青山道264-298号南丰中心新之城商场3层302号铺,,,22.371073,114.121528
,肯德基(大埔超级城店),香港,大埔区,安邦路大埔超级城,,,22.450324,114.176214
,肯德基(赤柱广场店),香港,南区,佳美道23号赤柱广场1楼101号铺,,,22.216738,114.214458
,肯德基(South Horizons),香港,南区,鸭脷洲海怡半岛海怡广场西翼G层(地面层),,,22.241081,114.151839
,肯德基(元朗广场店),香港,元朗区,青山公路249-251号元朗广场GF层065-070,,,22.442076,114.028798
,肯德基(天耀广场店),香港,元朗区,天水围地库1楼LG27号铺Tin Yiu Plaza,,,22.448412,114.007612
,肯德基(秀茂坪商场店),香港,观塘区,观塘秀茂坪商场1楼114号铺,,,22.316448,114.236851
,肯德基(奥海城2期店),香港,油尖旺区,海庭道18号奥海城二期地下G59-60号,,,22.314844,114.167713
,肯德基(新港城中心店),香港,沙田区,鞍禄街18号新港城广场4期L2层,,,22.421546,114.237676
,肯德基(铜锣湾波斯富街店),香港,湾仔区,"ฮ่องกงCauseway Bay,Percival St,29号及轩尼诗道479-481号东南大厦地下至二楼A1号铺",,,22.27723,114.187412
,肯德基(有余贸易中心店),香港,中西区,"1/F,127-131 Des Voeux Rd Central,Central,ฮ่องกง",,,22.282544,114.160317
,肯德基(长沙湾广场店),香港,深水埗区,长沙湾道833号长沙湾广场二楼,,,22.334461,114.153871
,肯德基(友爱),香港,屯门区,屯门乡事会路东50米,,,22.384083,113.979655
,肯德基(华都花园商场店),香港,屯门区,屯门屯利街华都商场2楼7D1号铺Waldorf Garden Block 2,,,22.389228,113.983104
,肯德基(越秀广场店),香港,黄大仙区,宁远街3-23号附近,,,22.331369,114.200506
,肯德基(宝达村店),香港,观塘区,宝达村宝达商场1层115号,,,22.314695,114.240808
,肯德基(启和路店),香港,大埔区,大埔太和路12号太和广场东翼1楼119-120铺,,,22.448591,114.166838
,肯德基(彩云商场店),香港,黄大仙区,清水湾道与丰盛街交叉口西南100米,,,22.330696,114.219973
,肯德基(蓝湾广场店),香港,东区,小西湾道28号蓝湾广场地下G8号铺,,,22.263671,114.256083
,肯德基(荣光大厦店),香港,元朗区,青山公路68-76号荣光大厦地下7号铺及1层,,,22.441477,114.035238
,肯德基(港湾豪庭店),香港,油尖旺区,大角咀福利街8号港湾豪庭广场地下G35-G36号铺,,,22.321833,114.16673
,肯德基(欣荣商场店),香港,九龙城区,土瓜湾马头角道33号欣荣商场1楼103号铺,,,22.319285,114.193821
,肯德基(亚洲国际博览馆店),香港,离岛区,亚洲博览馆负一楼1号馆东大堂入口旁,,,22.31889,113.948114
,肯德基(青衣城店),香港,葵青区,青敬路33号青衣城商场3层301号铺,,,22.356751,114.113215
,肯德基(悦来坊商场店),香港,荃湾区,荃湾荃华街3号悦来酒店悦来坊地库B106-107号,,,22.366687,114.126123
,肯德基(沙田新翠商场店),香港,沙田区,沙田翠田街2号新翠商场地下18及18A号铺,,,22.366602,114.186614
,肯德基(恒景商场店),香港,葵青区,葵芳荣芳路9号恒景花园商场地下G06-G07,,,22.357691,114.133213
,肯德基(鲤鱼门广场店),香港,观塘区,鲤鱼门道80号鲤鱼门广场103号,,,22.293702,114.24402
,KFC(旺角MOKO新世纪广场),香港,油尖旺区,旺角太子道西193号旺角MOKO新世纪广场L1层130、131,,,22.320866,114.177334
,肯德基(颂安商场店),香港,沙田区,马鞍山沙田马鞍山颂安村颂安商场地下6A及6B铺,,,22.419087,114.231448
,肯德基(嘉湖银座店),香港,元朗区,天水围天恩路12-18号嘉湖银座第二期1楼,,,22.45451,114.009619
,肯德基(柴湾新翠商场店),香港,东区,吉胜街与利众街交叉口东南60米,,,22.261515,114.241994
,肯德基(康丽花园店),香港,屯门区,香港新界屯门乡事会路巴黎伦敦纽约戏院购物中心地下49A号铺,,,22.395474,113.979421
,肯德基(花都广场),香港,北区,百和路88号花都广场28号附近花都购物广场GF层129、A66、A67,,,22.482524,114.145971
,肯德基(宝怡商场店),香港,屯门区,良德街11号宝怡商场1楼7铺,,,22.405254,113.973615
,肯德基(富雅花园店),香港,大埔区,富雅花园商场,,,22.44199,114.172585
,肯德基(青衣长发广场店),香港,葵青区,青衣长发村长发广场地下114C号铺,,,22.35955,114.107979
,肯德基(彩明商场店),香港,西贡区,照镜环彩明街彩明商场(东南角),,,22.30334,114.256707
,肯德基(粉岭名都商场店),香港,北区,粉岭车站路18号粉岭名都广场第2层27A号铺,,,22.48971,114.144683
,肯德基(富泰村店),香港,屯门区,香港屯门富泰村富泰商场1楼103D号铺,,,22.410946,113.988303
,肯德基(利港中心店),香港,南区,"香港仔成都道Port Centre,KFC,209号铺",,,22.24638,114.159876
,肯德基(天水围天瑞商场店),香港,元朗区,元朗天水围天瑞商场1楼L108号铺,,,22.453384,114.003775
,肯德基(逸东商场店),香港,离岛区,逸东街8号逸东商场地下17号铺,,,22.27836,113.940037
,肯德基(天泽商场店),香港,元朗区,天瑞路77号天泽商场209,,,22.465515,114.00387
,肯德基(日出康城7期店),香港,西贡区,"Lohas Park,香港",,,22.291647,114.275057
,肯德基(启田商场店),香港,观塘区,"蓝田启田道50号启田商场2楼219A, 219B, 220 & 221号铺",,,22.305558,114.24023
,肯德基(淘大商场店),香港,观塘区,"牛头角道77号淘大商场第一期地下G92-95号铺,香港",,,22.322531,114.220696
,肯德基(大围店),香港,沙田区,"香港沙田大围新界大围村南道41,45,47及51号泰安楼地下B及C铺",,,22.371128,114.183825
,肯德基(荃新天地2期店),香港,荃湾区,"杨屋道18号荃新天地地下G02-G03, G05及G28-G31号铺",,,22.365604,114.11957
,肯德基(蝴蝶广场店),香港,屯门区,"屯门湖翠路1号,Butterfly Plaza",,,22.372324,113.967865
,KFC天瑞商场,香港,元朗区,天水围天瑞商场1楼L108号铺,,,22.453384,114.003775
,肯德基(信达城店),澳门,大堂区,澳门天神巷22号,,,22.191495,113.547489
,肯德基(激成工业中心第二期店),澳门,花地玛堂区,慕拉士大马路155号激成工业中心第二期地下,,,22.204938,113.556294
